-- MariaDB dump 10.19  Distrib 10.5.21-MariaDB, for debian-linux-gnu (x86_64)
--
-- Host: localhost    Database: invbot
-- ------------------------------------------------------
-- Server version	10.5.21-MariaDB-0+deb11u1

/*!40101 SET @OLD_CHARACTER_SET_CLIENT=@@CHARACTER_SET_CLIENT */;
/*!40101 SET @OLD_CHARACTER_SET_RESULTS=@@CHARACTER_SET_RESULTS */;
/*!40101 SET @OLD_COLLATION_CONNECTION=@@COLLATION_CONNECTION */;
/*!40101 SET NAMES utf8mb4 */;
/*!40103 SET @OLD_TIME_ZONE=@@TIME_ZONE */;
/*!40103 SET TIME_ZONE='+00:00' */;
/*!40014 SET @OLD_UNIQUE_CHECKS=@@UNIQUE_CHECKS, UNIQUE_CHECKS=0 */;
/*!40014 SET @OLD_FOREIGN_KEY_CHECKS=@@FOREIGN_KEY_CHECKS, FOREIGN_KEY_CHECKS=0 */;
/*!40101 SET @OLD_SQL_MODE=@@SQL_MODE, SQL_MODE='NO_AUTO_VALUE_ON_ZERO' */;
/*!40111 SET @OLD_SQL_NOTES=@@SQL_NOTES, SQL_NOTES=0 */;

--
-- Table structure for table `account`
--

DROP TABLE IF EXISTS `account`;
/*!40101 SET @saved_cs_client     = @@character_set_client */;
/*!40101 SET character_set_client = utf8 */;
CREATE TABLE `account` (
  `id` int(11) NOT NULL AUTO_INCREMENT,
  `name` varchar(128) NOT NULL,
  `created_at` datetime NOT NULL,
  `updated_at` datetime NOT NULL,
  PRIMARY KEY (`id`),
  UNIQUE KEY `name` (`name`),
  KEY `ix_account_created_at` (`created_at`)
) ENGINE=InnoDB AUTO_INCREMENT=36 DEFAULT CHARSET=utf8mb4 COLLATE=utf8mb4_general_ci;
/*!40101 SET character_set_client = @saved_cs_client */;

--
-- Dumping data for table `account`
--

LOCK TABLES `account` WRITE;
/*!40000 ALTER TABLE `account` DISABLE KEYS */;
INSERT INTO `account` VALUES (1,'3849814','2023-11-12 19:28:32','2023-11-12 19:28:32'),(2,'3579375023750237502','2023-11-12 20:08:30','2023-11-12 20:08:30'),(3,'238572385720','2023-11-12 20:27:34','2023-11-12 20:27:34'),(4,'4169585355687384','2023-11-13 18:37:22','2023-11-13 18:37:22'),(5,'4169585353287294','2023-11-13 18:54:21','2023-11-13 18:54:21'),(6,'41695853','2023-11-20 17:38:38','2023-11-20 17:38:38'),(7,'4169585356872985','2023-11-25 15:27:44','2023-11-25 15:27:44'),(8,'4169585353995086','2023-11-25 15:29:01','2023-11-25 15:29:01'),(9,'4169 5853 5135 4401','2023-11-25 16:38:01','2023-11-25 16:38:01'),(10,'4169585354696766','2023-11-26 17:09:36','2023-11-26 17:09:36'),(11,'4169 5853 5617 1438','2023-11-26 17:29:20','2023-11-26 17:29:20'),(12,'4169 5853 5872 1024','2023-11-26 17:32:37','2023-11-26 17:32:37'),(13,'4169 5853 5470 3349','2023-11-26 18:16:46','2023-11-26 18:16:46'),(14,'4169585351196943','2023-11-26 20:29:47','2023-11-26 20:29:47'),(15,'4169 5853 5687 2985','2023-11-27 14:16:21','2023-11-27 14:16:21'),(16,'4169 5853 5098 2962','2023-11-28 06:37:11','2023-11-28 06:37:11'),(17,'4169 5853 5328 7294 ЭС','2023-11-28 07:17:53','2023-11-28 07:17:53'),(18,'4169 5853 5098 2962 КМ','2023-11-28 07:19:52','2023-11-28 07:19:52'),(19,'4169 5853 5617 1438 МС','2023-11-28 07:27:44','2023-11-28 07:27:44'),(20,'4169 5853 5236 7816 JM','2023-11-28 07:50:09','2023-11-28 07:50:09'),(21,'4169 5853 5373 1986 НП','2023-11-28 07:56:14','2023-11-28 07:56:14'),(22,'4169 5853 5135 4401 СУПР','2023-11-28 08:28:17','2023-11-28 08:28:17'),(23,'4169 5853 5119 6943 BJ','2023-11-28 08:31:30','2023-11-28 08:31:30'),(24,'4169 5853 5872 1024 МЮ','2023-11-28 08:52:06','2023-11-28 08:52:06'),(25,'TUQw1fpxAgYnZvDCTzqyQ6UEdPgH1F57aN','2023-11-28 09:36:10','2023-11-28 09:36:10'),(26,'4169 5853 5122 3416 EU','2023-11-28 10:24:53','2023-11-28 10:24:53'),(27,'4169 5853 5658 7450 мк','2023-11-28 12:30:49','2023-11-28 12:30:49'),(28,'4169 5853 5109 2787 СБ','2023-11-28 17:06:28','2023-11-28 17:06:28'),(29,'4169 5853 5622 0425 БС','2023-11-28 17:44:20','2023-11-28 17:44:20'),(30,'4169 5853 5469 6766 ОА','2023-11-28 22:57:56','2023-11-28 22:57:56'),(31,'4169 5853 5108 4131 SB','2023-11-29 17:08:43','2023-11-29 17:08:43'),(32,'4169 5853 5399 5086 АБ','2023-11-29 19:27:01','2023-11-29 19:27:01'),(33,'4169 5853 5568 7384 РИ','2023-12-10 06:52:17','2023-12-10 06:52:17'),(34,'4169 5853 5339 6640 АЦ','2023-12-10 15:35:09','2023-12-10 15:35:09'),(35,'4169 5853 5110 7155 МТ','2023-12-14 19:32:45','2023-12-14 19:32:45');
/*!40000 ALTER TABLE `account` ENABLE KEYS */;
UNLOCK TABLES;

--
-- Table structure for table `admin`
--

DROP TABLE IF EXISTS `admin`;
/*!40101 SET @saved_cs_client     = @@character_set_client */;
/*!40101 SET character_set_client = utf8 */;
CREATE TABLE `admin` (
  `id` int(11) NOT NULL AUTO_INCREMENT,
  `phone_number` varchar(16) DEFAULT NULL,
  `user_id` bigint(20) NOT NULL,
  `username` varchar(64) DEFAULT NULL,
  `created_at` datetime NOT NULL,
  `updated_at` datetime NOT NULL,
  PRIMARY KEY (`id`),
  UNIQUE KEY `user_id` (`user_id`),
  UNIQUE KEY `phone_number` (`phone_number`),
  KEY `ix_admin_created_at` (`created_at`)
) ENGINE=InnoDB AUTO_INCREMENT=7 DEFAULT CHARSET=utf8mb4 COLLATE=utf8mb4_general_ci;
/*!40101 SET character_set_client = @saved_cs_client */;

--
-- Dumping data for table `admin`
--

LOCK TABLES `admin` WRITE;
/*!40000 ALTER TABLE `admin` DISABLE KEYS */;
INSERT INTO `admin` VALUES (4,NULL,275520407,'genunix','2023-11-10 07:34:31','2023-11-10 07:34:31'),(5,NULL,52324793,'wasilystepanov','2023-11-10 07:35:22','2023-11-10 07:35:22'),(6,NULL,1573385461,NULL,'2023-11-10 08:43:18','2023-11-10 08:43:18');
/*!40000 ALTER TABLE `admin` ENABLE KEYS */;
UNLOCK TABLES;

--
-- Table structure for table `ext`
--

DROP TABLE IF EXISTS `ext`;
/*!40101 SET @saved_cs_client     = @@character_set_client */;
/*!40101 SET character_set_client = utf8 */;
CREATE TABLE `ext` (
  `id` int(11) NOT NULL AUTO_INCREMENT,
  `ext` varchar(128) NOT NULL,
  `path` varchar(32) NOT NULL,
  `user_id` int(11) NOT NULL,
  `created_at` datetime NOT NULL,
  `updated_at` datetime NOT NULL,
  PRIMARY KEY (`id`),
  UNIQUE KEY `ext` (`ext`),
  UNIQUE KEY `path` (`path`),
  KEY `user_id` (`user_id`),
  KEY `ix_ext_created_at` (`created_at`),
  CONSTRAINT `ext_ibfk_1` FOREIGN KEY (`user_id`) REFERENCES `user` (`id`)
) ENGINE=InnoDB AUTO_INCREMENT=356 DEFAULT CHARSET=utf8mb4 COLLATE=utf8mb4_general_ci;
/*!40101 SET character_set_client = @saved_cs_client */;

--
-- Dumping data for table `ext`
--

LOCK TABLES `ext` WRITE;
/*!40000 ALTER TABLE `ext` DISABLE KEYS */;
INSERT INTO `ext` VALUES (5,'1','39e02b755faf4dd4912ae9b62eb7a490',3,'2023-11-10 07:38:04','2023-11-10 07:38:04'),(6,'2028262','2ffb9e1f5ce2473687b5afc45810be75',4,'2023-11-10 07:42:34','2023-11-10 07:42:34'),(7,'2222222','4ea91189d1a24c7d9fb43906807684de',4,'2023-11-10 14:45:01','2023-11-10 14:45:01'),(8,'177','26605caa4fbe476f8965bcfccbb96ceb',5,'2023-11-12 18:34:38','2023-11-12 18:34:38'),(9,'222223535','e9ac9571f69c441f8fb0eefe22cd0ebf',4,'2023-11-12 19:58:59','2023-11-12 19:58:59'),(10,'38572852','79b924b6f13a4c63b89c755e3924db77',4,'2023-11-12 20:18:15','2023-11-12 20:18:15'),(11,'765651','c5c285186db24c5d93c512c24b07f21b',6,'2023-11-13 12:33:42','2023-11-13 12:33:42'),(13,'1850458','ce8e60339fa0427598bfceaad83e574d',7,'2023-11-13 17:54:47','2023-11-13 17:54:47'),(14,'841228','618fd07870f14870ae422a0955dd61d3',8,'2023-11-13 18:51:53','2023-11-13 18:51:53'),(15,'1234','96863586a7ff40139f30c019e27b8e9f',6,'2023-11-20 17:57:25','2023-11-20 17:57:25'),(16,'12344','bf3a31cc0f2641e09a093f4478db6755',6,'2023-11-20 17:57:25','2023-11-20 17:57:25'),(17,'1111111111111','f448ce30a9f3449eb26c375bd125926e',4,'2023-11-20 17:58:48','2023-11-20 17:58:48'),(18,'625936','f1a467b1037d4ceb926cf8868322d8d8',9,'2023-11-22 07:40:39','2023-11-22 07:40:39'),(19,'1854708','363937617c314ece8b835a38379cad2c',9,'2023-11-22 07:40:39','2023-11-22 07:40:39'),(20,'2003288','0c4548e8cf6e4bfa94e13983e5943685',9,'2023-11-22 07:40:39','2023-11-22 07:40:39'),(21,'694711','0e571950907e429fb039cc3d3303a420',10,'2023-11-22 15:59:32','2023-11-22 15:59:32'),(22,'902918','3f39ca98281141859158f8d388af86de',11,'2023-11-22 15:59:33','2023-11-22 15:59:33'),(27,'/cancel','f9c92c9a32354fccae00390d8c234f92',9,'2023-11-25 14:14:55','2023-11-25 14:14:55'),(29,'600','ceac159b6fc14028b887344820501b68',11,'2023-11-25 14:24:00','2023-11-25 14:24:00'),(30,'38','9f7bf0bd3b0041ed92b33c0edd0cf62f',13,'2023-11-25 15:14:18','2023-11-25 15:14:18'),(31,'25','5eead90b0e44447e812f93e8373a5ef3',13,'2023-11-25 15:14:18','2023-11-25 15:14:18'),(32,'68','148efb50ce874d5aa0355a6ee50bc8cc',13,'2023-11-25 15:14:18','2023-11-25 15:14:18'),(33,'202425','30b11338fe464e5f95731775cb30038c',12,'2023-11-25 15:16:07','2023-11-25 15:16:07'),(34,'480359','d2ec228f19204c94b40e96a738a476e2',12,'2023-11-25 15:16:07','2023-11-25 15:16:07'),(35,'1799020','6aac7d0c7afe4b4e8220b3872f2acb72',12,'2023-11-25 15:16:07','2023-11-25 15:16:07'),(36,'1527902','57f3cc99c46d4cd391e41df68c54b990',12,'2023-11-25 15:16:07','2023-11-25 15:16:07'),(37,'1261539','13e60242310148dcac31de062537e76e',12,'2023-11-25 15:16:07','2023-11-25 15:16:07'),(38,'318743','c6d12b10644b406691acf9accaee742e',14,'2023-11-25 15:19:43','2023-11-25 15:19:43'),(39,'какой id','4297c207988242a797712d3a0a35787e',15,'2023-11-25 15:24:23','2023-11-25 15:24:23'),(40,'708708','a33227a1e92f4692b6801fca1cea79a2',16,'2023-11-25 15:26:18','2023-11-25 15:26:18'),(41,'1549795','7aaf57c13f3b44a99e045af5d083038c',17,'2023-11-25 16:37:02','2023-11-25 16:37:02'),(42,'1835505','4e210dac014c4a74817415f2c7d9ef09',18,'2023-11-25 22:16:40','2023-11-25 22:16:40'),(50,'358740','e14f1d0eb4eb4f24a3bb6dbd5bb5b8a2',20,'2023-11-25 23:10:05','2023-11-25 23:10:05'),(51,'921061','17ce5a1648cb4ecabf6e554e931238b8',21,'2023-11-26 02:28:18','2023-11-26 02:28:18'),(52,'849538','15cef7bb53194cac81fc1f195f62cc21',21,'2023-11-26 02:28:18','2023-11-26 02:28:18'),(53,'1167378','32a852812ead4a3b974b1b0d95c592c8',21,'2023-11-26 02:28:18','2023-11-26 02:28:18'),(54,'1597029','59f363457eab4260b255200f3b36a056',21,'2023-11-26 02:28:18','2023-11-26 02:28:18'),(55,'ID:1564357','c0525f36259e499bbf04f2e13d530308',22,'2023-11-26 02:40:06','2023-11-26 02:40:06'),(56,'Id','869cf44d8bb14de49f712b1ce86535a1',23,'2023-11-26 03:49:21','2023-11-26 03:49:21'),(57,'2255327','977229a73f3743b1b0e5a027150007a3',23,'2023-11-26 03:49:21','2023-11-26 03:49:21'),(58,'969665','93083a61c5a04b8585fde26f0a14b7c6',24,'2023-11-26 04:28:50','2023-11-26 04:28:50'),(59,'643037','b7be5d28658b44319e629661856ec016',25,'2023-11-26 05:10:35','2023-11-26 05:10:35'),(60,'176500','22ea233a0eb84a06a943637a92dc85e7',27,'2023-11-26 05:31:16','2023-11-26 05:31:16'),(61,'1784810','2cbe975f355448d3ab834a93139b6a3b',26,'2023-11-26 05:52:30','2023-11-26 05:52:30'),(62,'1684223','e5e63a6d166d4317a2baec2b09a3a889',26,'2023-11-26 05:52:30','2023-11-26 05:52:30'),(63,'510497','cb0a6e644cdd4fc08507088508731935',26,'2023-11-26 05:52:30','2023-11-26 05:52:30'),(64,'2247213','89908f349d8244df9336c4145650c6f5',26,'2023-11-26 05:52:30','2023-11-26 05:52:30'),(65,'2100028','920532e9880c477080402893564c08f8',26,'2023-11-26 05:52:30','2023-11-26 05:52:30'),(66,'623975','bd3b9362e5184dd99d97df94b0a7e83e',28,'2023-11-26 08:34:26','2023-11-26 08:34:26'),(67,'1744180','dc425571a0fc4f6aa56f39e49e253f2f',28,'2023-11-26 08:34:26','2023-11-26 08:34:26'),(68,'1985280','2936c6b3d3054a418c0ecb689e82e0db',28,'2023-11-26 08:34:26','2023-11-26 08:34:26'),(69,'1967733','abd682f5e33c4df9bf007b5fa9cb3649',29,'2023-11-26 13:23:39','2023-11-26 13:23:39'),(70,'2030665','2c994eb671004ffba00e69400f01313b',30,'2023-11-26 16:38:19','2023-11-26 16:38:19'),(71,'Zubo4istka','193138d7a2d04ec5a19c7df0e57847dd',31,'2023-11-26 17:05:15','2023-11-26 17:05:15'),(72,'479524','06db8c8720df4a5797522d2673dbb15e',32,'2023-11-26 17:17:31','2023-11-26 17:17:31'),(73,'638204','12dfc7d330fd4f4e9b393394baf44a27',33,'2023-11-26 17:18:07','2023-11-26 17:18:07'),(74,'297324','89288e9a951d4ba3a158a8f6fe37d333',33,'2023-11-26 17:18:07','2023-11-26 17:18:07'),(75,'Id 2081951','cd59c8e6559045fea11fd93205eb6c34',35,'2023-11-26 17:26:31','2023-11-26 17:26:31'),(78,'ID 2123122','8faea4e8fbe2478f9b21c63c19c60530',36,'2023-11-26 17:28:43','2023-11-26 17:28:43'),(79,'2258180','6668151ae4c74e578af8391d81797792',37,'2023-11-26 17:31:40','2023-11-26 17:31:40'),(80,'858131','24e795a2ab614b9db6e656e372af1bfb',38,'2023-11-26 17:49:23','2023-11-26 17:49:23'),(81,'159820','7499246548f844a3a1b2bc9077a22bd8',39,'2023-11-26 18:08:22','2023-11-26 18:08:22'),(82,'21','e9d56bd3c72d4ea0abb4e05acef9b0b1',40,'2023-11-26 18:14:51','2023-11-26 18:14:51'),(83,'75','480b73f58e314c6e9fecbe626bb5459f',40,'2023-11-26 18:14:51','2023-11-26 18:14:51'),(84,'81','db4adcb1ac954e6b8a9de1f793db08cc',40,'2023-11-26 18:14:51','2023-11-26 18:14:51'),(85,'2157014','197828aac39b484781325e585618cc45',41,'2023-11-26 19:51:19','2023-11-26 19:51:19'),(86,'2157013','2683d2266e2b49fa856840c41dfb1875',41,'2023-11-26 19:51:57','2023-11-26 19:51:57'),(87,'612314','68d80bfc5e0a423292867e3ec4baa25b',34,'2023-11-26 19:52:35','2023-11-26 19:52:35'),(89,'/stop','07f94c540b934f53b4767dab8d5fb352',34,'2023-11-26 19:54:29','2023-11-26 19:54:29'),(90,'2277869','de4cd2a15c5b44dfa5dd8ff68ad8f5de',42,'2023-11-26 20:29:01','2023-11-26 20:29:01'),(91,'699422','eb00324046384a449551364fb96968d6',43,'2023-11-26 21:25:32','2023-11-26 21:25:32'),(92,'500','c5262abf8fba492ca077426b0b784156',43,'2023-11-26 21:27:39','2023-11-26 21:27:39'),(93,'570745','825f0d0b584d4bec80fd4620beadbff8',44,'2023-11-27 01:02:36','2023-11-27 01:02:36'),(94,'1241345','88a0bc8f41d0422095005f6548fae018',45,'2023-11-27 10:09:13','2023-11-27 10:09:13'),(95,'2028628','b5f5a6df81804eb38b2caa6f8a75168f',46,'2023-11-27 14:15:04','2023-11-27 14:15:04'),(96,'2201720','81dae102a8874052a29eb689e9daaaa2',12,'2023-11-27 16:08:08','2023-11-27 16:08:08'),(97,'66','aa7d4951fa654b298781e35c36755ac8',47,'2023-11-27 18:40:12','2023-11-27 18:40:12'),(98,'71','ce07bf4389b244c488ba48c2371e9db6',47,'2023-11-27 18:40:12','2023-11-27 18:40:12'),(99,'98','e72fdbf5d2d345199e1b852b78c46827',47,'2023-11-27 18:40:12','2023-11-27 18:40:12'),(106,'172767','90a38082ec5d402fa36b415bfed727f2',49,'2023-11-28 06:36:19','2023-11-28 06:36:19'),(107,'767073','11d63d15e9594c2ea6e52bb8a77e217a',50,'2023-11-28 06:37:45','2023-11-28 06:37:45'),(108,'554213','87ea720991ca43259aa3f7245521022c',50,'2023-11-28 06:37:45','2023-11-28 06:37:45'),(109,'654392','a44bdd7241a7484fb8b03c439a7b503e',50,'2023-11-28 06:37:45','2023-11-28 06:37:45'),(110,'867144','85079cb5fee445db8b94d6a330433b8b',50,'2023-11-28 06:37:45','2023-11-28 06:37:45'),(111,'2202767','90013fafdd554a6ba27e02995dd575d6',51,'2023-11-28 06:44:06','2023-11-28 06:44:06'),(112,'2187076','253579a518cf4f9c900d3e144cc697b0',52,'2023-11-28 06:55:34','2023-11-28 06:55:34'),(113,'1971126','838e934257af4566afd1280d8f1a20d3',53,'2023-11-28 07:07:31','2023-11-28 07:07:31'),(114,'218189','765a4050fc68463bbba5e96106d71f9d',54,'2023-11-28 07:17:24','2023-11-28 07:17:24'),(115,'ID 1915963','b88afd11e46b44d9979f0ab7f13b8b1f',55,'2023-11-28 07:19:11','2023-11-28 07:19:11'),(116,'Id 853123','8555487d212e48239ba9e5d5351f9005',56,'2023-11-28 07:27:18','2023-11-28 07:27:18'),(117,'2263175','00cd6a95d0654241bad75338b672aebc',57,'2023-11-28 07:49:45','2023-11-28 07:49:45'),(118,'146738','72d3f36827df4809a1b9a6e9a611c35a',58,'2023-11-28 07:55:56','2023-11-28 07:55:56'),(119,'Id 217581','3eba47a9e3514b4d8be10b13cf13b400',59,'2023-11-28 08:04:35','2023-11-28 08:04:35'),(120,'Id 2104997','00c8423c7e2a48b788eb5ef37f7f7a90',59,'2023-11-28 08:16:36','2023-11-28 08:16:36'),(121,'Id 352230','a9b5b0caee4849a6b4c8027ad392ef08',59,'2023-11-28 08:19:05','2023-11-28 08:19:05'),(122,'Id 146738','2438b16097074980954e2bf76e4cd604',59,'2023-11-28 08:20:35','2023-11-28 08:20:35'),(123,'1961174','2e3f4974922043658418887b94d64345',60,'2023-11-28 08:27:54','2023-11-28 08:27:54'),(131,'211','a8789cfa9566483ca1c4d2c863b4e344',61,'2023-11-28 08:31:01','2023-11-28 08:31:01'),(132,'70','44ddbcaedb344ffebefb947ff715a229',61,'2023-11-28 08:31:01','2023-11-28 08:31:01'),(133,'61','ea770a64edd24dbd9df06721b2256071',61,'2023-11-28 08:31:01','2023-11-28 08:31:01'),(135,'ID 708708','0f621f79136b40daaea8cad52661082e',62,'2023-11-28 08:50:58','2023-11-28 08:50:58'),(154,'1974374','7b912e5adbc24565881e0744f5165bd0',63,'2023-11-28 09:35:17','2023-11-28 09:35:17'),(155,'ID 2120662','1cf2ae92156048cfaa7d5121d8a4e95b',57,'2023-11-28 09:47:41','2023-11-28 09:47:41'),(156,'Id  445630','d96ec56fe7474f06a596b31c3ceb98d9',57,'2023-11-28 09:50:34','2023-11-28 09:50:34'),(157,'222222','ba2f45bc3e804af29b642f504050752b',4,'2023-11-28 10:00:45','2023-11-28 10:00:45'),(158,'55654555','1c21bc5f40814fd0b2567898d9563022',4,'2023-11-28 10:00:45','2023-11-28 10:00:45'),(159,'666669','e5d6c8fc01f646ce88734a73905b5c52',4,'2023-11-28 10:00:45','2023-11-28 10:00:45'),(160,'179839','8cc6b202de7b41a79f6a074b8fe28a30',64,'2023-11-28 10:24:17','2023-11-28 10:24:17'),(161,'2117061','f03dcb14e44e4bdfbab9427367f05aff',61,'2023-11-28 10:34:50','2023-11-28 10:34:50'),(162,'Id2236306','189fc3a8776c40b2b2754e588b0d060d',57,'2023-11-28 10:55:51','2023-11-28 10:55:51'),(164,'Id 858131','e591e08713904f719e14d27e9dd94c26',59,'2023-11-28 11:01:23','2023-11-28 11:01:23'),(165,'I\'d 2264918','17ab68a9f692435bab7180651704f8b1',56,'2023-11-28 11:45:09','2023-11-28 11:45:09'),(166,'Id2065340','783cbcc3762c4e35afd1903c88b78447',56,'2023-11-28 11:53:48','2023-11-28 11:53:48'),(167,'Id 2086815','53815063cad7463889d2824441d2f787',56,'2023-11-28 12:11:09','2023-11-28 12:11:09'),(168,'219072','26a24f1e1a414f3099da005d0f41715e',65,'2023-11-28 12:28:22','2023-11-28 12:28:22'),(169,'Id 2188485','cce9037cbfe0439084a1322f1993726f',56,'2023-11-28 14:46:51','2023-11-28 14:46:51'),(170,'1868851','7d68ad084680450f93dcdce97c07e3b1',66,'2023-11-28 17:05:46','2023-11-28 17:05:46'),(173,'ID967091','713779ccdda443b380b9fc1b03cae213',67,'2023-11-28 18:06:48','2023-11-28 18:06:48'),(174,'442217','ba3d20d91aa543df9b6aa785bc274656',69,'2023-11-28 22:57:06','2023-11-28 22:57:06'),(175,'OpenGamer','d830b16edd294605afeac399246a66b2',69,'2023-11-28 22:57:06','2023-11-28 22:57:06'),(176,'2028623','2eb6ec1cd84e40d2b86b2bc32f5b4d77',46,'2023-11-29 05:56:38','2023-11-29 05:56:38'),(177,'1740802','f34bd731aa4141138eba06869dabdfa9',70,'2023-11-29 08:43:59','2023-11-29 08:43:59'),(178,'2170902','bffb28ece213489ca7a515400230af81',61,'2023-11-29 12:59:11','2023-11-29 12:59:11'),(179,'1988534','3c5b39329d894c47821b6fbde7aa94bf',71,'2023-11-29 13:52:55','2023-11-29 13:52:55'),(180,'I\'d','b06916411b6e49798cb932c2961d7498',72,'2023-11-29 16:34:08','2023-11-29 16:34:08'),(181,'2043850','3b4e406aff824264be136e1439ae9378',72,'2023-11-29 16:34:08','2023-11-29 16:34:08'),(182,'837934','2946ec6539354e0c9ff9b1f4f8d30c12',73,'2023-11-29 17:08:24','2023-11-29 17:08:24'),(185,'Id 345263','d5849bb2a5b847ffa089d25722796d0e',72,'2023-11-29 17:18:11','2023-11-29 17:18:11'),(186,'243072','097d4f013fd24ad88577d73042bd73d4',74,'2023-11-29 18:46:34','2023-11-29 18:46:34'),(202,'Какой iD?','09a51b13b6994c129ddb2401a92951ca',76,'2023-11-29 19:26:02','2023-11-29 19:26:02'),(203,'1616337','b6914bca641047cebe865c1c2d0887b1',76,'2023-11-29 20:15:35','2023-11-29 20:15:35'),(210,'356875','324266f9598547d795dbc0385ca594fb',77,'2023-11-29 21:01:50','2023-11-29 21:01:50'),(211,'Id 2068962','ee22b141d7d14dca9e5aaeeb90eb3b4e',59,'2023-11-30 00:23:00','2023-11-30 00:23:00'),(212,'Id 2256671','bb448746b76e4622a89cc4fee7e733f8',78,'2023-11-30 14:33:40','2023-11-30 14:33:40'),(213,'Id 2228488','908695c2d3794827b7e535af94d75749',78,'2023-11-30 14:40:05','2023-11-30 14:40:05'),(214,'Id 2279880','11ee769638fd4b93bc6332c99dc5a88f',78,'2023-11-30 14:41:10','2023-11-30 14:41:10'),(223,'Id 2111462','2f69a010b878465682593a204fb45f88',78,'2023-11-30 15:33:21','2023-11-30 15:33:21'),(224,'Id2188485','7bc804fbb8a84bccb64541fc049bcff1',78,'2023-11-30 15:34:06','2023-11-30 15:34:06'),(225,'ID 1168344','75be7ae6f30843229ad330a0abb55d02',78,'2023-11-30 15:44:14','2023-11-30 15:44:14'),(227,'I\'d 1915963','35d0ad5b07e1492b8a4843f7fff19531',79,'2023-11-30 16:04:47','2023-11-30 16:04:47'),(228,'I\'d 929797','f0dd33dd6f2a4a3fa4bcf581bfe1c345',79,'2023-11-30 16:05:54','2023-11-30 16:05:54'),(229,'I\'d 1988534','dbfbd36dfa1f4a5eb6163402083df3bb',79,'2023-11-30 16:06:22','2023-11-30 16:06:22'),(230,'I\'d 2290000','0e5fe128c7ad4c218776203a274b1dac',79,'2023-11-30 16:07:22','2023-11-30 16:07:22'),(238,'Id 2290000','8285e07182fa4cc0b5e0503bd249c3d5',59,'2023-11-30 16:35:08','2023-11-30 16:35:08'),(239,'ID 2056396','b55d122436ed4da59c01fe5349ef2573',80,'2023-11-30 17:41:35','2023-11-30 17:41:35'),(254,'I\'d 2217061','fdc3b7f1845b426fb56360edf9b2804f',79,'2023-12-01 08:41:44','2023-12-01 08:41:44'),(255,'I\'d 2231837','5ee2872a483b46bda23e44529cbe78cf',79,'2023-12-01 15:51:39','2023-12-01 15:51:39'),(256,'2276627','6819de09bf4641d684b4c6004ed9f05a',81,'2023-12-01 16:06:49','2023-12-01 16:06:49'),(257,'1265241','240cfdeda0704010abc9a72f76d36122',82,'2023-12-01 17:25:55','2023-12-01 17:25:55'),(258,'526257','84a9cd5eefe64370a70c802b22fbb3f2',83,'2023-12-02 08:30:25','2023-12-02 08:30:25'),(259,'Id 2008772','8d7ef236e575411e8c9ba1c4d823741a',59,'2023-12-02 11:32:12','2023-12-02 11:32:12'),(260,'Id 2282767','b5357f0646c4477783e1360ddc68ba78',59,'2023-12-02 13:23:27','2023-12-02 13:23:27'),(261,'Id 2296465','e452a48ddc51413c9c4b83e6b625d475',59,'2023-12-02 14:33:57','2023-12-02 14:33:57'),(262,'I\'d 2188485','4e55ad7fc2d34d91b4ff5f3bd425043c',84,'2023-12-02 18:33:49','2023-12-02 18:33:49'),(264,'2100354','2c4a9e88cc994e05ae5fbb270de9a6d9',85,'2023-12-02 20:44:41','2023-12-02 20:44:41'),(266,'I\'d 191593','8b1dbf7423a9420aa677b53a0de38d86',84,'2023-12-03 12:17:16','2023-12-03 12:17:16'),(268,'I\'d 1148630','df4caf5d1e9841549cf2e09e7cb1167c',84,'2023-12-03 12:18:02','2023-12-03 12:18:02'),(269,'I\'d 482090','66e0f19848f943cdb425978d0f9912c1',84,'2023-12-03 15:38:51','2023-12-03 15:38:51'),(270,'I\'d 2008772','9e15c64acd4d4c1e893a65e4aa92866a',84,'2023-12-03 15:44:23','2023-12-03 15:44:23'),(271,'I\'d 162256','a635e955fd15414cb473ea6a4c519fde',84,'2023-12-03 15:45:18','2023-12-03 15:45:18'),(272,'677793','7072b9ba2aaa4843a85ed4c542253cda',86,'2023-12-04 08:33:16','2023-12-04 08:33:16'),(273,'1806275','9ff652ea2ecf45da82d6ea53eb8bb2e7',87,'2023-12-05 09:15:48','2023-12-05 09:15:48'),(274,'Id 2206758','4eaffb474b4940aaacdec1fa0d81063e',59,'2023-12-05 14:29:56','2023-12-05 14:29:56'),(275,'Id 1002322','00dbadb6dd0e401991d750c4e62e2851',59,'2023-12-09 10:44:37','2023-12-09 10:44:37'),(276,'I\'d 1002322','c500e8bfdb8f4c50ba4e7555c438a349',57,'2023-12-09 16:34:31','2023-12-09 16:34:31'),(277,'I\'d 859752','f94f3d5949194837888186223ff7aee9',57,'2023-12-09 16:42:56','2023-12-09 16:42:56'),(278,'182131','e8d09654fb024453a1b466aece46c782',88,'2023-12-10 06:17:59','2023-12-10 06:17:59'),(279,'1505254','c69f03af895d4f1c833f7ed16c6b8c8b',89,'2023-12-10 06:25:41','2023-12-10 06:25:41'),(280,'1859986','4025b2bad039450387a55e255fdca453',89,'2023-12-10 06:25:41','2023-12-10 06:25:41'),(281,'568873','ab1d6db6342a4d0db681ab95c621add7',91,'2023-12-10 06:47:14','2023-12-10 06:47:14'),(282,'700709','72039074dfcb4583ac6c1d860571d0c6',92,'2023-12-10 06:48:33','2023-12-10 06:48:33'),(283,'ID 2022482','29101ddb96cc4577a7f58e4b17ae61c2',94,'2023-12-10 06:49:50','2023-12-10 06:49:50'),(284,'1002322','3ab1fc78a2ae4aa1b6cdf83b403918ba',95,'2023-12-10 06:51:50','2023-12-10 06:51:50'),(285,'2158397','0511aa39402545b5b13dfdd0b90ba414',95,'2023-12-10 06:51:50','2023-12-10 06:51:50'),(286,'790996','ea6329116da04d078150737daf03347f',95,'2023-12-10 06:51:50','2023-12-10 06:51:50'),(293,'222244','029688c03f314e19bae88c7a484385d6',96,'2023-12-10 06:54:30','2023-12-10 06:54:30'),(294,'Id 2289268','6532c7c4169e458dac9f1f4d85da6594',97,'2023-12-10 07:01:29','2023-12-10 07:01:29'),(295,'352230','d2616cf2bc3445c8b9caca5eb4a27c02',98,'2023-12-10 07:09:06','2023-12-10 07:09:06'),(296,'576414','5d4ee8b385694b5b9a2cb411e378d16b',98,'2023-12-10 07:09:06','2023-12-10 07:09:06'),(297,'149918','5c5734a5bfe6468aafaa1bde8c7fcb6e',99,'2023-12-10 07:17:03','2023-12-10 07:17:03'),(298,'600619','f331cc9171c544929cd9d8383fae9824',100,'2023-12-10 08:54:46','2023-12-10 08:54:46'),(299,'1148630','e4530786ddf44cba90d76aed600898a1',100,'2023-12-10 08:54:46','2023-12-10 08:54:46'),(300,'2279524','1b72a65f86364a64a68961f3ac26258f',101,'2023-12-10 09:14:38','2023-12-10 09:14:38'),(301,'2285736','f672761e5b204f8dbd11f9c2973d065b',101,'2023-12-10 09:14:38','2023-12-10 09:14:38'),(302,'623386','d3846324064f4ec39ba085cfe2a3615c',102,'2023-12-10 09:38:25','2023-12-10 09:38:25'),(303,'gggmmmsss123','bb8582117a2243a5b4a045f3c20e8963',103,'2023-12-10 11:20:17','2023-12-10 11:20:17'),(304,'2279150','2fd8ec13f111406eb06f444338b49788',101,'2023-12-10 11:24:02','2023-12-10 11:24:02'),(305,'448594','4e1a0b2709c94a7bbd7e5598069a73fb',104,'2023-12-10 13:51:25','2023-12-10 13:51:25'),(306,'2182228','c97a4bb408d64fc5a8fe9bc5a15b7c43',105,'2023-12-10 15:34:17','2023-12-10 15:34:17'),(307,'957437','39f0024608bd491a832d851099803056',106,'2023-12-10 18:32:45','2023-12-10 18:32:45'),(308,'2200568','dc051bac0a80401aab87ed53a66d40bd',103,'2023-12-10 18:38:29','2023-12-10 18:38:29'),(313,'2000','e31dfff28d6f41d8beb4ae1b063b0b97',25,'2023-12-10 20:23:23','2023-12-10 20:23:23'),(314,'ID 1849233','93469a3437c44be28634bfe7a19f10ba',108,'2023-12-10 23:36:46','2023-12-10 23:36:46'),(322,'2021858','64b361150c1d4cdf9404ac9c7253d8d1',109,'2023-12-11 02:31:54','2023-12-11 02:31:54'),(323,'186030','f983079f01434ecabadb0b2909aee7ce',110,'2023-12-11 04:09:26','2023-12-11 04:09:26'),(324,'1692062','90da36a69be7468dbc00515a06f4a194',111,'2023-12-11 10:04:49','2023-12-11 10:04:49'),(325,'2267746','f55a44bc87a041a8a8c4c55fdbd3abd9',112,'2023-12-11 16:44:23','2023-12-11 16:44:23'),(326,'1642606','cb958b0cb284445abb3731b476f13807',113,'2023-12-12 15:42:35','2023-12-12 15:42:35'),(328,'1255421','886317276c4b417093c9233c7bdef2ac',115,'2023-12-12 18:03:45','2023-12-12 18:03:45'),(329,'955714','3b5b85d9340b41dfbfc00a1dbcb1a826',116,'2023-12-13 07:42:02','2023-12-13 07:42:02'),(330,'54','7bfa243d22c545c1b53cdd93589bbf3e',117,'2023-12-13 10:06:56','2023-12-13 10:06:56'),(331,'15','13676530f0fd4f0094ad21a3a71c9b29',117,'2023-12-13 10:06:56','2023-12-13 10:06:56'),(332,'58','24470756792f4acaa3b9a2e5024b8458',117,'2023-12-13 10:06:56','2023-12-13 10:06:56'),(333,'Это как','dcc596b2af8249aca6160a491e601935',118,'2023-12-13 14:34:47','2023-12-13 14:34:47'),(334,'ID23344747','022957524dcf441781a9d50a871e8c37',119,'2023-12-13 17:32:13','2023-12-13 17:32:13'),(335,'2336864','3956d0f248ae435eb8d14644a27bc38c',34,'2023-12-13 23:59:12','2023-12-13 23:59:12'),(336,'446711','3cce1e535fd2412fa3548b82e866ea73',120,'2023-12-14 03:15:37','2023-12-14 03:15:37'),(337,'1300','2f2818e21f3b4d5bb51ea62aa9976005',33,'2023-12-14 10:53:40','2023-12-14 10:53:40'),(338,'ID2334747','d3d8d4d86b5b43fc96dc7f20da70c206',119,'2023-12-14 15:26:40','2023-12-14 15:26:40'),(339,'152248','d2e6ec48fd654e448351d4552c5c4246',121,'2023-12-14 19:31:57','2023-12-14 19:31:57'),(341,'960516','03391a9dc169428696ec94add80e9930',124,'2023-12-16 12:52:56','2023-12-16 12:52:56'),(342,'1912256','5899decbf05c492d9b6d4342732955f2',101,'2023-12-16 18:30:42','2023-12-16 18:30:42'),(343,'313334','17adc0dc640b4342ba9a9e50eac2ccf0',125,'2023-12-16 18:41:22','2023-12-16 18:41:22'),(344,'144196','fe1ff291561e47598458ae827b8eb2e2',122,'2023-12-18 09:52:00','2023-12-18 09:52:00'),(345,'2368828','70033f6ac5d74e30b2a3e779c72e0d7c',101,'2023-12-19 11:19:33','2023-12-19 11:19:33'),(346,'2368226','dcba1113cf524280b294ae250ebadb8c',101,'2023-12-20 14:45:49','2023-12-20 14:45:49'),(350,'2078131','157a7630c42540038ba9424f6adabb95',126,'2023-12-20 18:18:54','2023-12-20 18:18:54'),(351,'2186631','04d7f63ab4314182a53930a35e9b6209',126,'2023-12-20 18:18:54','2023-12-20 18:18:54'),(352,'2366728','4376061f3d16430686117a2ac181926f',96,'2023-12-21 05:24:29','2023-12-21 05:24:29'),(353,'2068962','20af9af544ea4220afb8263a383c7093',127,'2023-12-21 14:30:34','2023-12-21 14:30:34'),(354,'2337562','2f3d736ff3084d3a98a148ef4c325e96',128,'2023-12-23 03:27:12','2023-12-23 03:27:12'),(355,'I\'d 356875','ec2705f5e27742769ae478ce07412e7c',72,'2023-12-23 12:20:28','2023-12-23 12:20:28');
/*!40000 ALTER TABLE `ext` ENABLE KEYS */;
UNLOCK TABLES;

--
-- Table structure for table `setting`
--

DROP TABLE IF EXISTS `setting`;
/*!40101 SET @saved_cs_client     = @@character_set_client */;
/*!40101 SET character_set_client = utf8 */;
CREATE TABLE `setting` (
  `id` int(11) NOT NULL AUTO_INCREMENT,
  `name` varchar(64) NOT NULL,
  `value` longtext CHARACTER SET utf8mb4 COLLATE utf8mb4_bin NOT NULL CHECK (json_valid(`value`)),
  `created_at` datetime NOT NULL,
  `updated_at` datetime NOT NULL,
  PRIMARY KEY (`id`),
  UNIQUE KEY `name` (`name`),
  KEY `ix_setting_created_at` (`created_at`)
) ENGINE=InnoDB AUTO_INCREMENT=4 DEFAULT CHARSET=utf8mb4 COLLATE=utf8mb4_general_ci;
/*!40101 SET character_set_client = @saved_cs_client */;

--
-- Dumping data for table `setting`
--

LOCK TABLES `setting` WRITE;
/*!40000 ALTER TABLE `setting` DISABLE KEYS */;
INSERT INTO `setting` VALUES (3,'admin_group','-1002038508490','2023-11-10 07:34:31','2023-11-10 07:34:31');
/*!40000 ALTER TABLE `setting` ENABLE KEYS */;
UNLOCK TABLES;

--
-- Table structure for table `transaction`
--

DROP TABLE IF EXISTS `transaction`;
/*!40101 SET @saved_cs_client     = @@character_set_client */;
/*!40101 SET character_set_client = utf8 */;
CREATE TABLE `transaction` (
  `id` int(11) NOT NULL AUTO_INCREMENT,
  `user_id` int(11) NOT NULL,
  `ext_id` int(11) NOT NULL,
  `tx_type` smallint(6) NOT NULL,
  `currency` varchar(64) NOT NULL,
  `amount` float NOT NULL,
  `status` smallint(6) NOT NULL,
  `payin_address` varchar(255) DEFAULT NULL,
  `payin_amount` float DEFAULT NULL,
  `payout_src_address` varchar(255) DEFAULT NULL,
  `payout_dst_address` varchar(255) DEFAULT NULL,
  `gw_error` varchar(255) DEFAULT NULL,
  `gw_tx_id` bigint(20) DEFAULT NULL,
  `gw_blockchane_id` varchar(255) DEFAULT NULL,
  `admin_action_at` datetime DEFAULT NULL,
  `gw_cb_at` datetime DEFAULT NULL,
  `gw_resp` text DEFAULT NULL,
  `gw_cb` text DEFAULT NULL,
  `created_at` datetime NOT NULL,
  `updated_at` datetime NOT NULL,
  PRIMARY KEY (`id`),
  KEY `user_id` (`user_id`),
  KEY `ext_id` (`ext_id`),
  KEY `ix_transaction_created_at` (`created_at`),
  KEY `ix_transaction_tx_type` (`tx_type`),
  CONSTRAINT `transaction_ibfk_1` FOREIGN KEY (`user_id`) REFERENCES `user` (`id`) ON DELETE CASCADE ON UPDATE CASCADE,
  CONSTRAINT `transaction_ibfk_2` FOREIGN KEY (`ext_id`) REFERENCES `ext` (`id`) ON DELETE CASCADE ON UPDATE CASCADE
) ENGINE=InnoDB AUTO_INCREMENT=1466 DEFAULT CHARSET=utf8mb4 COLLATE=utf8mb4_general_ci;
/*!40101 SET character_set_client = @saved_cs_client */;

--
-- Dumping data for table `transaction`
--

LOCK TABLES `transaction` WRITE;
/*!40000 ALTER TABLE `transaction` DISABLE KEYS */;
INSERT INTO `transaction` VALUES (1,4,6,0,'USDT-TRC20',1,5,NULL,1,NULL,NULL,NULL,3,'87349013bcb6aaba174cc57dd457d807d903ca206ac6a6fec865c0253a8f0354','2023-11-10 07:45:42','2023-11-10 07:45:32',NULL,NULL,'2023-11-10 07:45:32','2023-11-10 07:45:42'),(2,3,5,1,'USDT-TRC20',1,6,NULL,NULL,'TZ6d4gVtWF4WWb4acD9FZ23MDxh3xMpuzK','5555',NULL,NULL,NULL,NULL,NULL,NULL,NULL,'2023-11-10 08:36:11','2023-11-10 08:36:15'),(3,4,6,1,'USDT-TRC20',1,6,NULL,NULL,'TMXms3bjeT97qK17WciHVq2apbDdPpbfrn','TYmYLcon73TLMT4VcoP4tyoWZnm119B6Xg',NULL,NULL,NULL,NULL,NULL,NULL,NULL,'2023-11-10 11:53:42','2023-11-10 12:35:39'),(4,3,5,1,'USDT-TRC20',1,3,NULL,NULL,'TZ6d4gVtWF4WWb4acD9FZ23MDxh3xMpuzK','rrrrr','ValidateAddressFailedError',NULL,NULL,'2023-11-10 14:49:46',NULL,NULL,NULL,'2023-11-10 12:04:59','2023-11-10 14:49:46'),(5,3,5,1,'USDT-TRC20',1,6,NULL,NULL,'TZ6d4gVtWF4WWb4acD9FZ23MDxh3xMpuzK','fff',NULL,NULL,NULL,NULL,NULL,NULL,NULL,'2023-11-10 12:30:44','2023-11-10 14:49:40'),(6,3,5,1,'USDT-TRC20',1,6,NULL,NULL,'TZ6d4gVtWF4WWb4acD9FZ23MDxh3xMpuzK','ggg',NULL,NULL,NULL,NULL,NULL,NULL,NULL,'2023-11-10 12:32:08','2023-11-10 12:32:11'),(7,4,6,1,'USDT-TRC20',1,3,NULL,NULL,'TMXms3bjeT97qK17WciHVq2apbDdPpbfrn','TYmYLcon73TLMT4VcoP4tyoWZnm119B6Xg','{\n  \"Code\": \"The gas station has no funds. Merchant: nomadsgames, required: 14, balance: 0.90000000, addresses: [TBGWvLmU2bY4EjQKaR85Ak3AfyzYamwbzv].\",\n  \"AddInfo\": \"\",\n  \"Exception\": null\n}',NULL,NULL,'2023-11-10 12:37:05','2023-11-10 12:40:42',NULL,NULL,'2023-11-10 12:36:40','2023-11-10 12:40:42'),(8,4,6,0,'USDT-TRC20',2,5,NULL,2,NULL,NULL,NULL,5,'c344ca6578e39020db3d22787146558df6c81766aaf459004cad2f0640b419e5','2023-11-10 14:51:08','2023-11-10 14:50:56',NULL,NULL,'2023-11-10 14:50:56','2023-11-10 14:51:08'),(9,4,6,1,'USDT-TRC20',1,3,NULL,NULL,'TMXms3bjeT97qK17WciHVq2apbDdPpbfrn','TYmYLcon73TLMT4VcoP4tyoWZnm119B6Xg','{\n  \"Code\": \"The gas station has no funds. Merchant: nomadsgames, required: 14, balance: 0.90000000, addresses: [TBGWvLmU2bY4EjQKaR85Ak3AfyzYamwbzv].\",\n  \"AddInfo\": \"\",\n  \"Exception\": null\n}',NULL,NULL,'2023-11-10 15:02:50','2023-11-10 15:02:52',NULL,NULL,'2023-11-10 14:59:03','2023-11-10 15:02:52'),(10,4,6,1,'USDT-TRC20',2,3,NULL,NULL,'TMXms3bjeT97qK17WciHVq2apbDdPpbfrn','TYmYLcon73TLMT4VcoP4tyoWZnm119B6Xg','{\n  \"Code\": \"The gas station has no funds. Merchant: nomadsgames, required: 14, balance: 0.90000000, addresses: [TBGWvLmU2bY4EjQKaR85Ak3AfyzYamwbzv].\",\n  \"AddInfo\": \"\",\n  \"Exception\": null\n}',NULL,NULL,'2023-11-10 15:08:34','2023-11-10 15:08:57',NULL,NULL,'2023-11-10 15:06:49','2023-11-10 15:08:57'),(11,4,6,1,'USDT-TRC20',1,3,NULL,NULL,'TMXms3bjeT97qK17WciHVq2apbDdPpbfrn','TYmYLcon73TLMT4VcoP4tyoWZnm119B6Xg','{\n  \"Code\": \"The gas station has no funds. Merchant: nomadsgames, required: 14, balance: 0.90000000, addresses: [TBGWvLmU2bY4EjQKaR85Ak3AfyzYamwbzv].\",\n  \"AddInfo\": \"\",\n  \"Exception\": null\n}',NULL,NULL,'2023-11-10 15:11:39','2023-11-10 15:11:44',NULL,NULL,'2023-11-10 15:10:00','2023-11-10 15:11:44'),(12,4,6,1,'USDT-TRC20',1,4,NULL,NULL,'TMXms3bjeT97qK17WciHVq2apbDdPpbfrn','TYmYLcon73TLMT4VcoP4tyoWZnm119B6Xg',NULL,NULL,NULL,'2023-11-11 12:17:02',NULL,NULL,NULL,'2023-11-11 12:16:52','2023-11-11 12:17:02'),(13,4,6,1,'USDT-TRC20',1,3,NULL,NULL,'TMXms3bjeT97qK17WciHVq2apbDdPpbfrn','TYmYLcon73TLMT4VcoP4tyoWZnm119B6Xg','{\n  \"Code\": \"The gas station has no funds. Merchant: nomadsgames, required: 14, balance: 0.90000000, addresses: [TBGWvLmU2bY4EjQKaR85Ak3AfyzYamwbzv].\",\n  \"AddInfo\": \"\",\n  \"Exception\": null\n}',NULL,NULL,'2023-11-11 12:33:51','2023-11-11 12:33:53',NULL,NULL,'2023-11-11 12:33:45','2023-11-11 12:33:53'),(14,4,6,0,'USDT-TRC20',2,5,NULL,2,NULL,NULL,NULL,17,'7b80de5b3e9684c4957c465140bdd37f1cf61689909c8433c8b1d234d834cfbe','2023-11-11 12:34:07','2023-11-11 12:34:03',NULL,NULL,'2023-11-11 12:34:03','2023-11-11 12:34:07'),(15,4,6,1,'USDT-TRC20',1,3,NULL,NULL,'TMXms3bjeT97qK17WciHVq2apbDdPpbfrn','TYmYLcon73TLMT4VcoP4tyoWZnm119B6Xg','{\n  \"Code\": \"The gas station has no funds. Merchant: nomadsgames, required: 14, balance: 0.90000000, addresses: [TBGWvLmU2bY4EjQKaR85Ak3AfyzYamwbzv].\",\n  \"AddInfo\": \"\",\n  \"Exception\": null\n}',NULL,NULL,'2023-11-11 12:35:08','2023-11-11 12:35:10',NULL,NULL,'2023-11-11 12:34:58','2023-11-11 12:35:10'),(16,4,6,0,'USDT-TRC20',1,5,NULL,1,NULL,NULL,NULL,20,'9938e8aef31323d81bf78b62e5236626ea626ebe0ac260f9aa4272d6603ea50e','2023-11-12 07:15:14','2023-11-12 07:15:00',NULL,NULL,'2023-11-12 07:15:00','2023-11-12 07:15:14'),(17,4,6,1,'USDT-TRC20',1,2,NULL,NULL,'TMXms3bjeT97qK17WciHVq2apbDdPpbfrn','TYmYLcon73TLMT4VcoP4tyoWZnm119B6Xg',NULL,21,'b7bea8d40efeb862f951e83b583e108c0db178db824ba32817a4eebde9c6bb78','2023-11-12 07:15:22','2023-11-12 07:17:20',NULL,NULL,'2023-11-12 07:15:04','2023-11-12 07:17:20'),(18,4,6,0,'USDT-TRC20',1,5,NULL,1,NULL,NULL,NULL,26,'c05d3db97c201592b241c621e61c9d143f4af3a2e54ca19d564620621217a7c7','2023-11-12 13:18:48','2023-11-12 13:18:41',NULL,NULL,'2023-11-12 13:18:41','2023-11-12 13:18:48'),(19,4,6,1,'USDT-TRC20',1,2,NULL,NULL,'TMXms3bjeT97qK17WciHVq2apbDdPpbfrn','TYmYLcon73TLMT4VcoP4tyoWZnm119B6Xg',NULL,27,'320412435e95a58a03e9a05f46fb96667d240818b5646fde4f84acd6df5d1165','2023-11-12 13:19:45','2023-11-12 13:22:48',NULL,NULL,'2023-11-12 13:19:38','2023-11-12 13:22:48'),(20,4,6,0,'USDT-TRC20',1,5,NULL,1,NULL,NULL,NULL,32,'59e027e6fa54911d29fc43ae9663179dbf9c19c9721651ce1bc9785fccdf0a91','2023-11-12 18:30:20','2023-11-12 18:30:14',NULL,NULL,'2023-11-12 18:30:14','2023-11-12 18:30:20'),(21,4,6,1,'USDT-TRC20',2,3,NULL,NULL,'TMXms3bjeT97qK17WciHVq2apbDdPpbfrn','TYmYLcon73TLMT4VcoP4tyoWZnm119B6Xg','{\n  \"Code\": \"The gas station has no funds. Merchant: nomadsgames, required: 14, balance: 2.90000200, addresses: [TBGWvLmU2bY4EjQKaR85Ak3AfyzYamwbzv].\",\n  \"AddInfo\": \"\",\n  \"Exception\": null\n}',NULL,NULL,'2023-11-12 18:46:29','2023-11-12 18:46:38',NULL,NULL,'2023-11-12 18:46:14','2023-11-12 18:46:38'),(22,4,6,1,'USDT-TRC20',2,3,NULL,NULL,'TMXms3bjeT97qK17WciHVq2apbDdPpbfrn','TYmYLcon73TLMT4VcoP4tyoWZnm119B6Xg','{\n  \"Code\": \"The gas station has no funds. Merchant: nomadsgames, required: 14, balance: 7.90000200, addresses: [TBGWvLmU2bY4EjQKaR85Ak3AfyzYamwbzv].\",\n  \"AddInfo\": \"\",\n  \"Exception\": null\n}',NULL,NULL,'2023-11-12 19:18:35','2023-11-12 19:18:41',NULL,NULL,'2023-11-12 19:18:29','2023-11-12 19:18:41'),(23,4,6,1,'USDT-TRC20',1,2,NULL,NULL,'TMXms3bjeT97qK17WciHVq2apbDdPpbfrn','TYmYLcon73TLMT4VcoP4tyoWZnm119B6Xg',NULL,37,'3887ce05f01aa7fe618865c0f7ac7e5b4ee422af1a3964d4a5a42f926f352658','2023-11-12 19:25:29','2023-11-12 19:27:10',NULL,NULL,'2023-11-12 19:25:25','2023-11-12 19:27:10'),(24,4,6,2,'KGS',6686,5,NULL,NULL,NULL,NULL,NULL,NULL,NULL,'2023-11-12 19:32:20',NULL,NULL,NULL,'2023-11-12 19:32:14','2023-11-12 19:32:20'),(25,4,6,0,'USDT-TRC20',1,5,NULL,1,NULL,NULL,NULL,43,'6d55bea15fdbfc1a28c53acb08d2a74a3c7d915e4ae26943371b19fbb1218b09','2023-11-12 20:03:02','2023-11-12 20:02:10',NULL,NULL,'2023-11-12 20:02:10','2023-11-12 20:03:02'),(26,4,6,1,'USDT-TRC20',1,2,NULL,NULL,'TMXms3bjeT97qK17WciHVq2apbDdPpbfrn','TYmYLcon73TLMT4VcoP4tyoWZnm119B6Xg',NULL,44,'17c1f5a4b1f51374f58307b6312835c31b577c57cd3152821509560d2723e437','2023-11-12 20:03:24','2023-11-12 20:04:55',NULL,NULL,'2023-11-12 20:02:31','2023-11-12 20:04:55'),(27,4,6,2,'KGS',3333330000,5,NULL,NULL,NULL,NULL,NULL,NULL,NULL,'2023-11-12 20:06:01',NULL,NULL,NULL,'2023-11-12 20:05:26','2023-11-12 20:06:01'),(28,4,9,0,'USDT-TRC20',1,5,NULL,1,NULL,NULL,NULL,50,'76d66ae90444b3c6d25adcae231f0154fc787434bdf32313c243bfe52d9455fa','2023-11-12 20:21:22','2023-11-12 20:20:55',NULL,NULL,'2023-11-12 20:20:55','2023-11-12 20:21:22'),(29,4,9,1,'USDT-TRC20',1,2,NULL,NULL,'TL3WmkadK2jvUNfMuU7DYokPpmVmPiZQ35','TYmYLcon73TLMT4VcoP4tyoWZnm119B6Xg',NULL,51,'e1d194b8cc1828bb10d171264227471ddaf6b3b6152e334763bb0928246bc22b','2023-11-12 20:22:44','2023-11-12 20:24:13',NULL,NULL,'2023-11-12 20:22:11','2023-11-12 20:24:13'),(30,4,9,2,'KGS',2323230,5,NULL,NULL,NULL,NULL,NULL,NULL,NULL,'2023-11-12 20:25:30',NULL,NULL,NULL,'2023-11-12 20:24:50','2023-11-12 20:25:30'),(31,4,9,2,'KGS',1111,5,NULL,NULL,NULL,NULL,NULL,NULL,NULL,'2023-11-13 12:31:35',NULL,NULL,NULL,'2023-11-13 12:31:32','2023-11-13 12:31:35'),(32,4,6,1,'USDT-TRC20',1,2,NULL,NULL,'TMXms3bjeT97qK17WciHVq2apbDdPpbfrn','TYmYLcon73TLMT4VcoP4tyoWZnm119B6Xg',NULL,55,'620e3e337cb6f68aebd6206dae9001565b3510afd20b5fb60ae39d2bbbc09f47','2023-11-13 15:38:12','2023-11-13 15:40:01',NULL,NULL,'2023-11-13 15:38:08','2023-11-13 15:40:01'),(33,6,11,2,'KGS',100,6,NULL,NULL,NULL,NULL,NULL,NULL,NULL,NULL,NULL,NULL,NULL,'2023-11-13 17:33:19','2023-11-13 17:36:28'),(34,6,11,2,'KGS',100,0,NULL,NULL,NULL,NULL,NULL,NULL,NULL,NULL,NULL,NULL,NULL,'2023-11-13 17:37:31','2023-11-13 17:37:31'),(35,6,11,2,'KGS',100,0,NULL,NULL,NULL,NULL,NULL,NULL,NULL,NULL,NULL,NULL,NULL,'2023-11-13 17:52:16','2023-11-13 17:52:16'),(36,7,13,2,'KGS',100,5,NULL,NULL,NULL,NULL,NULL,NULL,NULL,'2023-11-13 18:39:16',NULL,NULL,NULL,'2023-11-13 18:38:00','2023-11-13 18:39:16'),(37,7,13,2,'KGS',100,0,NULL,NULL,NULL,NULL,NULL,NULL,NULL,NULL,NULL,NULL,NULL,'2023-11-13 18:43:47','2023-11-13 18:43:47'),(38,7,13,2,'KGS',1600,0,NULL,NULL,NULL,NULL,NULL,NULL,NULL,NULL,NULL,NULL,NULL,'2023-11-13 18:45:02','2023-11-13 18:45:02'),(39,8,14,2,'KGS',100,0,NULL,NULL,NULL,NULL,NULL,NULL,NULL,NULL,NULL,NULL,NULL,'2023-11-13 18:55:49','2023-11-13 18:55:49'),(40,7,13,3,'KGS',100,5,NULL,NULL,NULL,'996508262831мбанк',NULL,NULL,NULL,'2023-11-13 18:57:56',NULL,NULL,NULL,'2023-11-13 18:57:40','2023-11-13 18:57:56'),(41,6,11,2,'KGS',100,5,NULL,NULL,NULL,NULL,NULL,NULL,NULL,'2023-11-14 15:34:13',NULL,NULL,NULL,'2023-11-14 15:31:41','2023-11-14 15:34:13'),(42,6,11,3,'KGS',1000,5,NULL,NULL,NULL,'+996705533335',NULL,NULL,NULL,'2023-11-14 15:34:56',NULL,NULL,NULL,'2023-11-14 15:34:45','2023-11-14 15:34:56'),(43,4,9,0,'USDT-TRC20',1,5,NULL,1,NULL,NULL,NULL,61,'eb128cc8c18bff52ec2579293c6a302c3553230ababbd652d1e1e2f384deb473','2023-11-16 06:24:31','2023-11-16 06:23:36',NULL,NULL,'2023-11-16 06:23:36','2023-11-16 06:24:31'),(44,4,10,2,'KGS',10000,5,NULL,NULL,NULL,NULL,NULL,NULL,NULL,'2023-11-16 06:26:54',NULL,NULL,NULL,'2023-11-16 06:26:51','2023-11-16 06:26:54'),(45,4,9,2,'KGS',444,6,NULL,NULL,NULL,NULL,NULL,NULL,NULL,NULL,NULL,NULL,NULL,'2023-11-16 16:07:29','2023-11-16 16:13:39'),(46,4,10,2,'KGS',110,5,NULL,NULL,NULL,NULL,NULL,NULL,NULL,'2023-11-17 10:15:47',NULL,NULL,NULL,'2023-11-17 10:15:42','2023-11-17 10:15:47'),(47,4,9,2,'KGS',111,6,NULL,NULL,NULL,NULL,NULL,NULL,NULL,NULL,NULL,NULL,NULL,'2023-11-17 13:46:02','2023-11-17 13:46:26'),(48,4,9,2,'KGS',3333,5,NULL,NULL,NULL,NULL,NULL,NULL,NULL,'2023-11-17 15:12:26',NULL,NULL,NULL,'2023-11-17 15:12:09','2023-11-17 15:12:26'),(49,4,10,0,'USDT-TRC20',1,5,NULL,1,NULL,NULL,NULL,63,'24967d95179d14ebf9065956d473df04e3341289608e78a6502d040ffed10e77','2023-11-17 15:14:40','2023-11-17 15:14:36',NULL,NULL,'2023-11-17 15:14:36','2023-11-17 15:14:40'),(50,4,10,1,'USDT-TRC20',1,2,NULL,NULL,'TXRuq6NdbPb1PF7iR3mWnQdwJDDUCkgRxJ','TYmYLcon73TLMT4VcoP4tyoWZnm119B6Xg',NULL,64,'44ff6f85e8a8a2aa2217bc3df4d7c447eafe59e21755ec1a153e248e90d92bea','2023-11-17 15:15:25','2023-11-17 15:17:33',NULL,NULL,'2023-11-17 15:15:19','2023-11-17 15:17:33'),(51,6,11,2,'KGS',200,6,NULL,NULL,NULL,NULL,NULL,NULL,NULL,NULL,NULL,NULL,NULL,'2023-11-17 17:15:12','2023-11-17 17:17:42'),(52,6,11,2,'KGS',100,6,NULL,NULL,NULL,NULL,NULL,NULL,NULL,NULL,NULL,NULL,NULL,'2023-11-18 15:00:05','2023-11-18 15:01:01'),(53,4,9,0,'USDT-TRC20',1,5,NULL,1,NULL,NULL,NULL,70,'db2de33dcecad6c275d9934fc421650e8297892c5cb401010668e18f1e6676cf','2023-11-19 15:38:42','2023-11-19 15:25:32',NULL,NULL,'2023-11-19 15:25:32','2023-11-19 15:38:42'),(54,3,5,2,'KGS',1,0,NULL,NULL,NULL,NULL,NULL,NULL,NULL,NULL,NULL,NULL,NULL,'2023-11-20 17:01:26','2023-11-20 17:01:26'),(55,4,9,2,'KGS',10,5,NULL,NULL,NULL,NULL,NULL,NULL,NULL,'2023-11-20 17:07:47',NULL,NULL,NULL,'2023-11-20 17:07:17','2023-11-20 17:07:47'),(56,4,10,1,'USDT-TRC20',1,3,NULL,NULL,'TXRuq6NdbPb1PF7iR3mWnQdwJDDUCkgRxJ','TYmYLcon73TLMT4VcoP4tyoWZnm119B6Xg','{\n  \"Code\": \"InsufficientFundsError\",\n  \"AvailableAmount\": 0.00000000,\n  \"RequiredAmount\": 1.0,\n  \"Addresses\": [\n    \"TXRuq6NdbPb1PF7iR3mWnQdwJDDUCkgRxJ\"\n  ],\n  \"CurrencyId\": 3\n}',NULL,NULL,'2023-11-20 17:12:20','2023-11-20 17:12:20',NULL,NULL,'2023-11-20 17:12:16','2023-11-20 17:12:20'),(57,4,9,1,'USDT-TRC20',1,2,NULL,NULL,'TL3WmkadK2jvUNfMuU7DYokPpmVmPiZQ35','TYmYLcon73TLMT4VcoP4tyoWZnm119B6Xg',NULL,73,'0ebeaf3a1d929aa62eab05ad6c38929f0cbe13c66da99f0151f9373843ca7c8b','2023-11-20 17:18:45','2023-11-20 17:20:34',NULL,NULL,'2023-11-20 17:18:36','2023-11-20 17:20:34'),(58,6,11,2,'KGS',100,5,NULL,NULL,NULL,NULL,NULL,NULL,NULL,'2023-11-20 17:36:12',NULL,NULL,NULL,'2023-11-20 17:34:42','2023-11-20 17:36:12'),(59,6,11,3,'KGS',1000,6,NULL,NULL,NULL,'996705533335 мбанк',NULL,NULL,NULL,NULL,NULL,NULL,NULL,'2023-11-20 17:47:41','2023-11-20 17:52:26'),(60,6,11,2,'KGS',1,5,NULL,NULL,NULL,NULL,NULL,NULL,NULL,'2023-11-20 18:11:27',NULL,NULL,NULL,'2023-11-20 18:05:53','2023-11-20 18:11:27'),(61,6,11,2,'KGS',1000,5,NULL,NULL,NULL,NULL,NULL,NULL,NULL,'2023-11-21 12:18:17',NULL,NULL,NULL,'2023-11-21 12:16:50','2023-11-21 12:18:17'),(62,6,11,3,'KGS',1000,5,NULL,NULL,NULL,'996705533335',NULL,NULL,NULL,'2023-11-21 12:24:26',NULL,NULL,NULL,'2023-11-21 12:20:01','2023-11-21 12:24:26'),(63,9,18,1,'USDT-TRC20',1,3,NULL,NULL,'TK8rDR7zAjRewADJwvY56suWKtM38epUqU','4169585356952878','ValidateAddressFailedError',NULL,NULL,'2023-11-22 07:50:45',NULL,NULL,NULL,'2023-11-22 07:43:15','2023-11-22 07:50:45'),(64,9,18,1,'USDT-TRC20',1,3,NULL,NULL,'TK8rDR7zAjRewADJwvY56suWKtM38epUqU','4169585356952878','ValidateAddressFailedError',NULL,NULL,'2023-11-22 07:54:42',NULL,NULL,NULL,'2023-11-22 07:54:36','2023-11-22 07:54:42'),(65,6,11,2,'KGS',1000,6,NULL,NULL,NULL,NULL,NULL,NULL,NULL,NULL,NULL,NULL,NULL,'2023-11-22 16:01:59','2023-11-25 17:16:57'),(66,11,22,2,'KGS',100,5,NULL,NULL,NULL,NULL,NULL,NULL,NULL,'2023-11-22 16:04:25',NULL,NULL,NULL,'2023-11-22 16:03:10','2023-11-22 16:04:25'),(67,10,21,2,'KGS',1,6,NULL,NULL,NULL,NULL,NULL,NULL,NULL,NULL,NULL,NULL,NULL,'2023-11-22 16:03:27','2023-11-22 16:04:56'),(68,10,21,3,'KGS',1,6,NULL,NULL,NULL,'41',NULL,NULL,NULL,NULL,NULL,NULL,NULL,'2023-11-22 16:05:31','2023-11-22 16:06:12'),(69,11,22,2,'KGS',3000,5,NULL,NULL,NULL,NULL,NULL,NULL,NULL,'2023-11-25 14:21:49',NULL,NULL,NULL,'2023-11-25 14:19:59','2023-11-25 14:21:49'),(70,11,22,3,'KGS',3500,5,NULL,NULL,NULL,'4169585344556647',NULL,NULL,NULL,'2023-11-25 14:21:48',NULL,NULL,NULL,'2023-11-25 14:21:35','2023-11-25 14:21:48'),(71,11,22,2,'KGS',600,5,NULL,NULL,NULL,NULL,NULL,NULL,NULL,'2023-11-25 14:25:40',NULL,NULL,NULL,'2023-11-25 14:24:24','2023-11-25 14:25:40'),(72,9,18,1,'USDT-TRC20',1,3,NULL,NULL,'TK8rDR7zAjRewADJwvY56suWKtM38epUqU','4169585356952878','ValidateAddressFailedError',NULL,NULL,'2023-11-25 14:25:42',NULL,NULL,NULL,'2023-11-25 14:25:04','2023-11-25 14:25:42'),(73,9,18,2,'KGS',1,0,NULL,NULL,NULL,NULL,NULL,NULL,NULL,NULL,NULL,NULL,NULL,'2023-11-25 15:32:26','2023-11-25 15:32:26'),(74,9,18,3,'KGS',1,5,NULL,NULL,NULL,'4169585356952878',NULL,NULL,NULL,'2023-11-25 15:33:29',NULL,NULL,NULL,'2023-11-25 15:33:18','2023-11-25 15:33:29'),(75,9,18,2,'KGS',1,5,NULL,NULL,NULL,NULL,NULL,NULL,NULL,'2023-11-25 16:38:55',NULL,NULL,NULL,'2023-11-25 16:38:42','2023-11-25 16:38:55'),(76,20,50,1,'USDT-TRC20',1000,6,NULL,NULL,'TRqka9QaS9NFtKSahF8TS474RmyxdeAYgK','4169585343268842',NULL,NULL,NULL,NULL,NULL,NULL,NULL,'2023-11-25 23:13:03','2023-11-25 23:13:26'),(77,20,50,2,'KGS',1000,0,NULL,NULL,NULL,NULL,NULL,NULL,NULL,NULL,NULL,NULL,NULL,'2023-11-25 23:26:21','2023-11-25 23:26:21'),(78,22,55,3,'KGS',3000,6,NULL,NULL,NULL,'Мбанк',NULL,NULL,NULL,NULL,NULL,NULL,NULL,'2023-11-26 02:40:47','2023-11-26 02:40:55'),(79,22,55,3,'KGS',3000,5,NULL,NULL,NULL,'+996555698501 мбанк',NULL,NULL,NULL,'2023-11-26 02:42:26',NULL,NULL,NULL,'2023-11-26 02:41:56','2023-11-26 02:42:26'),(80,23,57,1,'USDT-TRC20',1,6,NULL,NULL,'TU8wMfshYX8RpaRKWQ39E5H1Zq2WacQoxd','4439971011894222',NULL,NULL,NULL,NULL,NULL,NULL,NULL,'2023-11-26 04:13:10','2023-11-26 04:13:28'),(81,9,18,2,'KGS',10,0,NULL,NULL,NULL,NULL,NULL,NULL,NULL,NULL,NULL,NULL,NULL,'2023-11-26 05:32:28','2023-11-26 05:32:28'),(82,21,52,2,'KGS',800,5,NULL,NULL,NULL,NULL,NULL,NULL,NULL,'2023-11-26 05:51:15',NULL,NULL,NULL,'2023-11-26 05:48:55','2023-11-26 05:51:15'),(83,11,22,2,'KGS',5,0,NULL,NULL,NULL,NULL,NULL,NULL,NULL,NULL,NULL,NULL,NULL,'2023-11-26 10:21:11','2023-11-26 10:21:11'),(84,23,57,2,'KGS',4000,5,NULL,NULL,NULL,NULL,NULL,NULL,NULL,'2023-11-26 15:50:52',NULL,NULL,NULL,'2023-11-26 15:42:27','2023-11-26 15:50:52'),(85,30,70,2,'KGS',1500,0,NULL,NULL,NULL,NULL,NULL,NULL,NULL,NULL,NULL,NULL,NULL,'2023-11-26 16:38:56','2023-11-26 16:38:56'),(86,30,70,2,'KGS',1500,5,NULL,NULL,NULL,NULL,NULL,NULL,NULL,'2023-11-26 16:43:26',NULL,NULL,NULL,'2023-11-26 16:41:04','2023-11-26 16:43:26'),(87,31,71,2,'KGS',5000,5,NULL,NULL,NULL,NULL,NULL,NULL,NULL,'2023-11-26 17:13:16',NULL,NULL,NULL,'2023-11-26 17:10:36','2023-11-26 17:13:16'),(88,21,52,2,'KGS',1500,5,NULL,NULL,NULL,NULL,NULL,NULL,NULL,'2023-11-26 17:19:39',NULL,NULL,NULL,'2023-11-26 17:17:56','2023-11-26 17:19:39'),(89,33,73,3,'KGS',5000,6,NULL,NULL,NULL,'4169585350000088',NULL,NULL,NULL,NULL,NULL,NULL,NULL,'2023-11-26 17:18:59','2023-11-26 17:19:03'),(90,33,73,3,'KGS',5000,5,NULL,NULL,NULL,'4169585350000088',NULL,NULL,NULL,'2023-11-26 17:22:17',NULL,NULL,NULL,'2023-11-26 17:21:36','2023-11-26 17:22:17'),(91,31,71,2,'KGS',6300,5,NULL,NULL,NULL,NULL,NULL,NULL,NULL,'2023-11-26 17:38:03',NULL,NULL,NULL,'2023-11-26 17:23:23','2023-11-26 17:38:03'),(92,32,72,2,'KGS',14000,0,NULL,NULL,NULL,NULL,NULL,NULL,NULL,NULL,NULL,NULL,NULL,'2023-11-26 17:26:15','2023-11-26 17:26:15'),(93,21,52,2,'KGS',500,5,NULL,NULL,NULL,NULL,NULL,NULL,NULL,'2023-11-26 17:27:18',NULL,NULL,NULL,'2023-11-26 17:26:37','2023-11-26 17:27:18'),(94,20,50,3,'KGS',1000,5,NULL,NULL,NULL,'4169585343268842',NULL,NULL,NULL,'2023-11-26 17:28:16',NULL,NULL,NULL,'2023-11-26 17:27:11','2023-11-26 17:28:16'),(95,37,79,2,'KGS',500,0,NULL,NULL,NULL,NULL,NULL,NULL,NULL,NULL,NULL,NULL,NULL,'2023-11-26 17:33:36','2023-11-26 17:33:36'),(96,20,50,3,'KGS',20051,6,NULL,NULL,NULL,'4169585343268842',NULL,NULL,NULL,NULL,NULL,NULL,NULL,'2023-11-26 17:49:12','2023-11-26 17:50:22'),(97,38,80,2,'KGS',3000,5,NULL,NULL,NULL,NULL,NULL,NULL,NULL,'2023-11-26 17:51:45',NULL,NULL,NULL,'2023-11-26 17:49:48','2023-11-26 17:51:45'),(98,38,80,2,'KGS',3000,5,NULL,NULL,NULL,NULL,NULL,NULL,NULL,'2023-11-26 17:55:31',NULL,NULL,NULL,'2023-11-26 17:54:27','2023-11-26 17:55:31'),(99,22,55,2,'KGS',500,0,NULL,NULL,NULL,NULL,NULL,NULL,NULL,NULL,NULL,NULL,NULL,'2023-11-26 18:08:13','2023-11-26 18:08:13'),(100,22,55,2,'KGS',500,5,NULL,NULL,NULL,NULL,NULL,NULL,NULL,'2023-11-26 18:10:58',NULL,NULL,NULL,'2023-11-26 18:08:47','2023-11-26 18:10:58'),(101,38,80,2,'KGS',3000,5,NULL,NULL,NULL,NULL,NULL,NULL,NULL,'2023-11-26 18:13:25',NULL,NULL,NULL,'2023-11-26 18:11:24','2023-11-26 18:13:25'),(102,40,82,1,'USDT-TRC20',25000,6,NULL,NULL,'TNoBJFbwWWtQcNGVhg5fPi82ng7qRsJ5wk','4169585348933028',NULL,NULL,NULL,NULL,NULL,NULL,NULL,'2023-11-26 18:15:48','2023-11-26 18:16:07'),(103,40,84,3,'KGS',25000,6,NULL,NULL,NULL,'4169585348933028',NULL,NULL,NULL,NULL,NULL,NULL,NULL,'2023-11-26 18:17:14','2023-11-26 18:17:50'),(104,22,55,2,'KGS',500,5,NULL,NULL,NULL,NULL,NULL,NULL,NULL,'2023-11-26 18:46:08',NULL,NULL,NULL,'2023-11-26 18:45:16','2023-11-26 18:46:08'),(105,38,80,2,'KGS',3800,5,NULL,NULL,NULL,NULL,NULL,NULL,NULL,'2023-11-26 18:52:05',NULL,NULL,NULL,'2023-11-26 18:49:59','2023-11-26 18:52:05'),(106,24,58,2,'KGS',4000,5,NULL,NULL,NULL,NULL,NULL,NULL,NULL,'2023-11-26 19:11:13',NULL,NULL,NULL,'2023-11-26 19:09:47','2023-11-26 19:11:13'),(107,38,80,2,'KGS',5000,5,NULL,NULL,NULL,NULL,NULL,NULL,NULL,'2023-11-26 21:19:57',NULL,NULL,NULL,'2023-11-26 19:13:15','2023-11-26 21:19:57'),(108,32,72,3,'KGS',45000,5,NULL,NULL,NULL,'4169585352479835',NULL,NULL,NULL,'2023-11-26 19:44:20',NULL,NULL,NULL,'2023-11-26 19:33:27','2023-11-26 19:44:20'),(109,34,87,2,'KGS',11000,5,NULL,NULL,NULL,NULL,NULL,NULL,NULL,'2023-11-26 19:57:57',NULL,NULL,NULL,'2023-11-26 19:55:10','2023-11-26 19:57:57'),(110,42,90,2,'KGS',700,0,NULL,NULL,NULL,NULL,NULL,NULL,NULL,NULL,NULL,NULL,NULL,'2023-11-26 20:30:11','2023-11-26 20:30:11'),(111,42,90,2,'KGS',499,5,NULL,NULL,NULL,NULL,NULL,NULL,NULL,'2023-11-26 20:38:37',NULL,NULL,NULL,'2023-11-26 20:37:47','2023-11-26 20:38:37'),(112,24,58,3,'KGS',23000,5,NULL,NULL,NULL,'4169585358860665',NULL,NULL,NULL,'2023-11-26 20:39:38',NULL,NULL,NULL,'2023-11-26 20:37:54','2023-11-26 20:39:38'),(113,42,90,2,'KGS',496,5,NULL,NULL,NULL,NULL,NULL,NULL,NULL,'2023-11-26 20:47:33',NULL,NULL,NULL,'2023-11-26 20:45:21','2023-11-26 20:47:33'),(114,38,80,2,'KGS',5000,5,NULL,NULL,NULL,NULL,NULL,NULL,NULL,'2023-11-26 21:27:59',NULL,NULL,NULL,'2023-11-26 21:27:27','2023-11-26 21:27:59'),(115,43,91,2,'KGS',500,0,NULL,NULL,NULL,NULL,NULL,NULL,NULL,NULL,NULL,NULL,NULL,'2023-11-26 21:27:56','2023-11-26 21:27:56'),(116,20,50,2,'KGS',24000,5,NULL,NULL,NULL,NULL,NULL,NULL,NULL,'2023-11-26 22:26:10',NULL,NULL,NULL,'2023-11-26 22:23:42','2023-11-26 22:26:10'),(117,42,90,2,'KGS',1000,5,NULL,NULL,NULL,NULL,NULL,NULL,NULL,'2023-11-26 23:01:22',NULL,NULL,NULL,'2023-11-26 22:59:02','2023-11-26 23:01:22'),(118,42,90,2,'KGS',1000,0,NULL,NULL,NULL,NULL,NULL,NULL,NULL,NULL,NULL,NULL,NULL,'2023-11-26 23:27:21','2023-11-26 23:27:21'),(119,42,90,2,'KGS',1000,5,NULL,NULL,NULL,NULL,NULL,NULL,NULL,'2023-11-27 00:09:53',NULL,NULL,NULL,'2023-11-27 00:08:48','2023-11-27 00:09:53'),(120,42,90,2,'KGS',1000,5,NULL,NULL,NULL,NULL,NULL,NULL,NULL,'2023-11-27 00:34:34',NULL,NULL,NULL,'2023-11-27 00:32:41','2023-11-27 00:34:34'),(121,42,90,2,'KGS',1000,5,NULL,NULL,NULL,NULL,NULL,NULL,NULL,'2023-11-27 00:55:09',NULL,NULL,NULL,'2023-11-27 00:37:23','2023-11-27 00:55:09'),(122,44,93,1,'USDT-TRC20',11000,3,NULL,NULL,'TLRCh25yU3ioCCPpB8tRJFqRdnCWYmDzhi','Мбанк +996555153315','ValidateAddressFailedError',NULL,NULL,'2023-11-27 01:09:35',NULL,NULL,NULL,'2023-11-27 01:04:11','2023-11-27 01:09:35'),(123,42,90,2,'KGS',1000,0,NULL,NULL,NULL,NULL,NULL,NULL,NULL,NULL,NULL,NULL,NULL,'2023-11-27 01:06:44','2023-11-27 01:06:44'),(124,42,90,2,'KGS',960,6,NULL,NULL,NULL,NULL,NULL,NULL,NULL,NULL,NULL,NULL,NULL,'2023-11-27 01:07:09','2023-11-27 01:11:57'),(125,42,90,2,'KGS',959,5,NULL,NULL,NULL,NULL,NULL,NULL,NULL,'2023-11-27 01:11:39',NULL,NULL,NULL,'2023-11-27 01:11:02','2023-11-27 01:11:39'),(126,20,50,2,'KGS',11000,5,NULL,NULL,NULL,NULL,NULL,NULL,NULL,'2023-11-27 01:14:42',NULL,NULL,NULL,'2023-11-27 01:13:33','2023-11-27 01:14:42'),(127,20,50,3,'KGS',11075,5,NULL,NULL,NULL,'4169585343268842',NULL,NULL,NULL,'2023-11-27 01:34:43',NULL,NULL,NULL,'2023-11-27 01:32:01','2023-11-27 01:34:43'),(128,22,55,2,'KGS',500,5,NULL,NULL,NULL,NULL,NULL,NULL,NULL,'2023-11-27 01:33:21',NULL,NULL,NULL,'2023-11-27 01:32:11','2023-11-27 01:33:21'),(129,20,50,2,'KGS',11000,5,NULL,NULL,NULL,NULL,NULL,NULL,NULL,'2023-11-27 02:42:19',NULL,NULL,NULL,'2023-11-27 02:40:30','2023-11-27 02:42:19'),(130,20,50,3,'KGS',11000,5,NULL,NULL,NULL,'4169585343268842',NULL,NULL,NULL,'2023-11-27 02:58:54',NULL,NULL,NULL,'2023-11-27 02:57:06','2023-11-27 02:58:54'),(131,44,93,1,'USDT-TRC20',5000,3,NULL,NULL,'TLRCh25yU3ioCCPpB8tRJFqRdnCWYmDzhi','Мбанк +996555153315','ValidateAddressFailedError',NULL,NULL,'2023-11-27 06:09:08',NULL,NULL,NULL,'2023-11-27 05:45:11','2023-11-27 06:09:08'),(132,33,73,3,'KGS',6000,5,NULL,NULL,NULL,'4169585350000088',NULL,NULL,NULL,'2023-11-27 08:25:19',NULL,NULL,NULL,'2023-11-27 08:25:00','2023-11-27 08:25:19'),(133,36,78,2,'KGS',500,5,NULL,NULL,NULL,NULL,NULL,NULL,NULL,'2023-11-27 08:53:19',NULL,NULL,NULL,'2023-11-27 08:50:35','2023-11-27 08:53:19'),(134,33,73,3,'KGS',6000,5,NULL,NULL,NULL,'4169585350000088',NULL,NULL,NULL,'2023-11-27 09:21:05',NULL,NULL,NULL,'2023-11-27 09:20:44','2023-11-27 09:21:05'),(135,21,52,2,'KGS',1700,5,NULL,NULL,NULL,NULL,NULL,NULL,NULL,'2023-11-27 11:17:07',NULL,NULL,NULL,'2023-11-27 11:16:34','2023-11-27 11:17:07'),(136,21,52,2,'KGS',1300,5,NULL,NULL,NULL,NULL,NULL,NULL,NULL,'2023-11-27 11:19:26',NULL,NULL,NULL,'2023-11-27 11:18:11','2023-11-27 11:19:26'),(137,24,58,2,'KGS',3200,0,NULL,NULL,NULL,NULL,NULL,NULL,NULL,NULL,NULL,NULL,NULL,'2023-11-27 12:33:02','2023-11-27 12:33:02'),(138,24,58,2,'KGS',3200,5,NULL,NULL,NULL,NULL,NULL,NULL,NULL,'2023-11-27 12:40:03',NULL,NULL,NULL,'2023-11-27 12:39:50','2023-11-27 12:40:03'),(139,33,73,3,'KGS',5000,5,NULL,NULL,NULL,'4169585350000088',NULL,NULL,NULL,'2023-11-27 13:27:20',NULL,NULL,NULL,'2023-11-27 13:27:03','2023-11-27 13:27:20'),(140,46,95,2,'KGS',2000,0,NULL,NULL,NULL,NULL,NULL,NULL,NULL,NULL,NULL,NULL,NULL,'2023-11-27 14:16:51','2023-11-27 14:16:51'),(141,24,58,2,'KGS',3000,5,NULL,NULL,NULL,NULL,NULL,NULL,NULL,'2023-11-27 14:26:01',NULL,NULL,NULL,'2023-11-27 14:25:00','2023-11-27 14:26:01'),(142,36,78,2,'KGS',1000,5,NULL,NULL,NULL,NULL,NULL,NULL,NULL,'2023-11-27 15:35:01',NULL,NULL,NULL,'2023-11-27 15:19:44','2023-11-27 15:35:01'),(143,21,52,2,'KGS',3000,5,NULL,NULL,NULL,NULL,NULL,NULL,NULL,'2023-11-27 15:49:15',NULL,NULL,NULL,'2023-11-27 15:48:28','2023-11-27 15:49:15'),(144,32,72,2,'KGS',4000,0,NULL,NULL,NULL,NULL,NULL,NULL,NULL,NULL,NULL,NULL,NULL,'2023-11-27 16:04:42','2023-11-27 16:04:42'),(145,12,96,2,'KGS',500,0,NULL,NULL,NULL,NULL,NULL,NULL,NULL,NULL,NULL,NULL,NULL,'2023-11-27 16:08:26','2023-11-27 16:08:26'),(146,21,52,2,'KGS',1600,5,NULL,NULL,NULL,NULL,NULL,NULL,NULL,'2023-11-27 16:13:49',NULL,NULL,NULL,'2023-11-27 16:12:51','2023-11-27 16:13:49'),(147,36,78,2,'KGS',2000,5,NULL,NULL,NULL,NULL,NULL,NULL,NULL,'2023-11-27 17:04:56',NULL,NULL,NULL,'2023-11-27 17:01:59','2023-11-27 17:04:56'),(148,45,94,2,'KGS',600,0,NULL,NULL,NULL,NULL,NULL,NULL,NULL,NULL,NULL,NULL,NULL,'2023-11-27 18:17:37','2023-11-27 18:17:37'),(149,38,80,2,'KGS',5000,5,NULL,NULL,NULL,NULL,NULL,NULL,NULL,'2023-11-27 18:31:47',NULL,NULL,NULL,'2023-11-27 18:17:55','2023-11-27 18:31:47'),(150,45,94,2,'KGS',600,0,NULL,NULL,NULL,NULL,NULL,NULL,NULL,NULL,NULL,NULL,NULL,'2023-11-27 18:20:58','2023-11-27 18:20:58'),(151,47,97,2,'KGS',500,0,NULL,NULL,NULL,NULL,NULL,NULL,NULL,NULL,NULL,NULL,NULL,'2023-11-27 18:41:54','2023-11-27 18:41:54'),(152,18,42,2,'KGS',3000,0,NULL,NULL,NULL,NULL,NULL,NULL,NULL,NULL,NULL,NULL,NULL,'2023-11-27 19:08:18','2023-11-27 19:08:18'),(153,21,52,2,'KGS',1100,5,NULL,NULL,NULL,NULL,NULL,NULL,NULL,'2023-11-27 19:13:49',NULL,NULL,NULL,'2023-11-27 19:12:56','2023-11-27 19:13:49'),(154,22,55,2,'KGS',690,5,NULL,NULL,NULL,NULL,NULL,NULL,NULL,'2023-11-27 19:24:38',NULL,NULL,NULL,'2023-11-27 19:22:59','2023-11-27 19:24:38'),(155,31,71,2,'KGS',11000,0,NULL,NULL,NULL,NULL,NULL,NULL,NULL,NULL,NULL,NULL,NULL,'2023-11-27 19:38:06','2023-11-27 19:38:06'),(156,31,71,2,'KGS',12000,5,NULL,NULL,NULL,NULL,NULL,NULL,NULL,'2023-11-27 19:41:04',NULL,NULL,NULL,'2023-11-27 19:38:40','2023-11-27 19:41:04'),(157,38,80,2,'KGS',5000,5,NULL,NULL,NULL,NULL,NULL,NULL,NULL,'2023-11-27 20:01:08',NULL,NULL,NULL,'2023-11-27 19:59:58','2023-11-27 20:01:08'),(158,31,71,2,'KGS',12000,5,NULL,NULL,NULL,NULL,NULL,NULL,NULL,'2023-11-27 20:19:04',NULL,NULL,NULL,'2023-11-27 20:17:06','2023-11-27 20:19:04'),(159,31,71,2,'KGS',8000,5,NULL,NULL,NULL,NULL,NULL,NULL,NULL,'2023-11-27 20:26:36',NULL,NULL,NULL,'2023-11-27 20:20:37','2023-11-27 20:26:36'),(160,38,80,2,'KGS',5000,5,NULL,NULL,NULL,NULL,NULL,NULL,NULL,'2023-11-27 20:44:39',NULL,NULL,NULL,'2023-11-27 20:41:22','2023-11-27 20:44:39'),(161,31,71,2,'KGS',8000,5,NULL,NULL,NULL,NULL,NULL,NULL,NULL,'2023-11-27 20:52:01',NULL,NULL,NULL,'2023-11-27 20:45:05','2023-11-27 20:52:01'),(162,36,78,2,'KGS',800,5,NULL,NULL,NULL,NULL,NULL,NULL,NULL,'2023-11-27 21:52:21',NULL,NULL,NULL,'2023-11-27 21:49:16','2023-11-27 21:52:21'),(163,36,78,2,'KGS',1000,5,NULL,NULL,NULL,NULL,NULL,NULL,NULL,'2023-11-27 22:20:01',NULL,NULL,NULL,'2023-11-27 22:17:34','2023-11-27 22:20:01'),(164,38,80,2,'KGS',5000,5,NULL,NULL,NULL,NULL,NULL,NULL,NULL,'2023-11-27 22:27:29',NULL,NULL,NULL,'2023-11-27 22:25:58','2023-11-27 22:27:29'),(165,38,80,2,'KGS',5000,5,NULL,NULL,NULL,NULL,NULL,NULL,NULL,'2023-11-27 22:32:39',NULL,NULL,NULL,'2023-11-27 22:30:10','2023-11-27 22:32:39'),(166,37,79,2,'KGS',500,0,NULL,NULL,NULL,NULL,NULL,NULL,NULL,NULL,NULL,NULL,NULL,'2023-11-27 23:10:13','2023-11-27 23:10:13'),(167,37,79,2,'KGS',495,5,NULL,NULL,NULL,NULL,NULL,NULL,NULL,'2023-11-27 23:16:04',NULL,NULL,NULL,'2023-11-27 23:12:59','2023-11-27 23:16:04'),(168,33,73,3,'KGS',6000,6,NULL,NULL,NULL,'4169585350000088',NULL,NULL,NULL,NULL,NULL,NULL,NULL,'2023-11-28 04:33:36','2023-11-28 04:35:17'),(169,50,107,2,'KGS',1000,0,NULL,NULL,NULL,NULL,NULL,NULL,NULL,NULL,NULL,NULL,NULL,'2023-11-28 06:39:39','2023-11-28 06:39:39'),(170,50,107,2,'KGS',1000,5,NULL,NULL,NULL,NULL,NULL,NULL,NULL,'2023-11-28 06:43:55',NULL,NULL,NULL,'2023-11-28 06:40:26','2023-11-28 06:43:55'),(171,53,113,3,'KGS',5000,5,NULL,NULL,NULL,'4169585351014583',NULL,NULL,NULL,'2023-11-28 07:10:33',NULL,NULL,NULL,'2023-11-28 07:09:20','2023-11-28 07:10:33'),(172,54,114,2,'KGS',1000,0,NULL,NULL,NULL,NULL,NULL,NULL,NULL,NULL,NULL,NULL,NULL,'2023-11-28 07:19:25','2023-11-28 07:19:25'),(173,54,114,2,'KGS',1000,0,NULL,NULL,NULL,NULL,NULL,NULL,NULL,NULL,NULL,NULL,NULL,'2023-11-28 07:20:13','2023-11-28 07:20:13'),(174,54,114,2,'KGS',1000,6,NULL,NULL,NULL,NULL,NULL,NULL,NULL,NULL,NULL,NULL,NULL,'2023-11-28 07:21:22','2023-11-28 07:25:52'),(175,56,116,1,'USDT-TRC20',4500,3,NULL,NULL,'TY7mrdSKnYWzonS9LfgdAcpDny5FBvYb6G','Мбанк 996554480005','ValidateAddressFailedError',NULL,NULL,'2023-11-28 07:29:06',NULL,NULL,NULL,'2023-11-28 07:27:46','2023-11-28 07:29:06'),(176,9,18,3,'KGS',100,5,NULL,NULL,NULL,'996551530365 MBANK',NULL,NULL,NULL,'2023-11-28 07:32:20',NULL,NULL,NULL,'2023-11-28 07:32:12','2023-11-28 07:32:20'),(177,52,112,2,'KGS',1600,5,NULL,NULL,NULL,NULL,NULL,NULL,NULL,'2023-11-28 07:44:42',NULL,NULL,NULL,'2023-11-28 07:43:17','2023-11-28 07:44:42'),(178,52,112,2,'KGS',1600,5,NULL,NULL,NULL,NULL,NULL,NULL,NULL,'2023-11-28 07:48:44',NULL,NULL,NULL,'2023-11-28 07:48:16','2023-11-28 07:48:44'),(179,33,73,2,'KGS',2000,5,NULL,NULL,NULL,NULL,NULL,NULL,NULL,'2023-11-28 07:53:25',NULL,NULL,NULL,'2023-11-28 07:51:45','2023-11-28 07:53:25'),(180,57,117,3,'KGS',2900,5,NULL,NULL,NULL,'Оптима 4169585354297433',NULL,NULL,NULL,'2023-11-28 07:52:55',NULL,NULL,NULL,'2023-11-28 07:51:48','2023-11-28 07:52:55'),(181,58,118,2,'KGS',2000,6,NULL,NULL,NULL,NULL,NULL,NULL,NULL,NULL,NULL,NULL,NULL,'2023-11-28 07:57:39','2023-11-28 07:58:15'),(182,59,119,3,'KGS',5000,6,NULL,NULL,NULL,'4169585354297433',NULL,NULL,NULL,NULL,NULL,NULL,NULL,'2023-11-28 08:06:00','2023-11-28 08:07:05'),(183,52,112,2,'KGS',1600,5,NULL,NULL,NULL,NULL,NULL,NULL,NULL,'2023-11-28 08:09:50',NULL,NULL,NULL,'2023-11-28 08:08:21','2023-11-28 08:09:50'),(184,59,120,3,'KGS',4000,6,NULL,NULL,NULL,'4169585354297433',NULL,NULL,NULL,NULL,NULL,NULL,NULL,'2023-11-28 08:17:11','2023-11-28 08:18:27'),(185,59,121,3,'KGS',5000,6,NULL,NULL,NULL,'4169585354297433 оптима',NULL,NULL,NULL,NULL,NULL,NULL,NULL,'2023-11-28 08:19:25','2023-11-28 08:19:59'),(186,59,122,3,'KGS',1000,6,NULL,NULL,NULL,'4169585354297433',NULL,NULL,NULL,NULL,NULL,NULL,NULL,'2023-11-28 08:20:51','2023-11-28 08:21:25'),(187,60,123,2,'KGS',500,0,NULL,NULL,NULL,NULL,NULL,NULL,NULL,NULL,NULL,NULL,NULL,'2023-11-28 08:30:00','2023-11-28 08:30:00'),(188,61,133,2,'KGS',3000,0,NULL,NULL,NULL,NULL,NULL,NULL,NULL,NULL,NULL,NULL,NULL,'2023-11-28 08:32:28','2023-11-28 08:32:28'),(189,36,78,2,'KGS',500,5,NULL,NULL,NULL,NULL,NULL,NULL,NULL,'2023-11-28 08:51:20',NULL,NULL,NULL,'2023-11-28 08:49:26','2023-11-28 08:51:20'),(190,62,135,1,'USDT-TRC20',2000,6,NULL,NULL,'TTM9h7YnuH4xKMbpWE223DpJumNLXnxZ4q','4169 5853 5743 2219',NULL,NULL,NULL,NULL,NULL,NULL,NULL,'2023-11-28 08:51:32','2023-11-28 08:52:13'),(191,58,118,3,'KGS',6000,5,NULL,NULL,NULL,'Эльсом 0554545835',NULL,NULL,NULL,'2023-11-28 09:36:59',NULL,NULL,NULL,'2023-11-28 09:34:17','2023-11-28 09:36:59'),(192,52,112,2,'KGS',1600,5,NULL,NULL,NULL,NULL,NULL,NULL,NULL,'2023-11-28 09:43:26',NULL,NULL,NULL,'2023-11-28 09:38:40','2023-11-28 09:43:26'),(193,57,155,3,'KGS',1600,6,NULL,NULL,NULL,'4169585354297433',NULL,NULL,NULL,NULL,NULL,NULL,NULL,'2023-11-28 09:48:09','2023-11-28 09:48:52'),(194,57,156,3,'KGS',3000,6,NULL,NULL,NULL,'4169585354297433',NULL,NULL,NULL,NULL,NULL,NULL,NULL,'2023-11-28 09:50:48','2023-11-28 09:51:57'),(195,61,161,2,'KGS',3000,5,NULL,NULL,NULL,NULL,NULL,NULL,NULL,'2023-11-28 10:37:02',NULL,NULL,NULL,'2023-11-28 10:35:11','2023-11-28 10:37:02'),(196,57,162,3,'KGS',3000,6,NULL,NULL,NULL,'4169585354297433',NULL,NULL,NULL,NULL,NULL,NULL,NULL,'2023-11-28 10:56:26','2023-11-28 10:56:43'),(197,59,164,3,'KGS',5000,6,NULL,NULL,NULL,'4169585354297433',NULL,NULL,NULL,NULL,NULL,NULL,NULL,'2023-11-28 11:01:59','2023-11-28 11:02:16'),(198,56,165,3,'KGS',4000,6,NULL,NULL,NULL,'4177490170536801',NULL,NULL,NULL,NULL,NULL,NULL,NULL,'2023-11-28 11:45:43','2023-11-28 11:51:28'),(199,56,165,3,'KGS',4000,6,NULL,NULL,NULL,'4177490170536801',NULL,NULL,NULL,NULL,NULL,NULL,NULL,'2023-11-28 11:50:29','2023-11-28 11:51:28'),(200,56,166,3,'KGS',4000,6,NULL,NULL,NULL,'4177490170536801',NULL,NULL,NULL,NULL,NULL,NULL,NULL,'2023-11-28 11:54:31','2023-11-28 11:55:07'),(201,56,167,3,'KGS',6000,6,NULL,NULL,NULL,'417749017p536801',NULL,NULL,NULL,NULL,NULL,NULL,NULL,'2023-11-28 12:11:41','2023-11-28 12:13:02'),(202,56,167,3,'KGS',6000,6,NULL,NULL,NULL,'4177490170536801',NULL,NULL,NULL,NULL,NULL,NULL,NULL,'2023-11-28 12:12:47','2023-11-28 12:13:02'),(203,42,90,2,'KGS',1000,5,NULL,NULL,NULL,NULL,NULL,NULL,NULL,'2023-11-28 12:30:27',NULL,NULL,NULL,'2023-11-28 12:22:23','2023-11-28 12:30:27'),(204,65,168,2,'KGS',8900,5,NULL,NULL,NULL,NULL,NULL,NULL,NULL,'2023-11-28 12:32:31',NULL,NULL,NULL,'2023-11-28 12:32:08','2023-11-28 12:32:31'),(205,65,168,2,'KGS',3000,5,NULL,NULL,NULL,NULL,NULL,NULL,NULL,'2023-11-28 12:34:15',NULL,NULL,NULL,'2023-11-28 12:33:55','2023-11-28 12:34:15'),(206,50,107,2,'KGS',1500,5,NULL,NULL,NULL,NULL,NULL,NULL,NULL,'2023-11-28 12:48:20',NULL,NULL,NULL,'2023-11-28 12:46:37','2023-11-28 12:48:20'),(207,15,39,2,'KGS',550,5,NULL,NULL,NULL,NULL,NULL,NULL,NULL,'2023-11-28 12:53:06',NULL,NULL,NULL,'2023-11-28 12:50:23','2023-11-28 12:53:06'),(208,21,52,2,'KGS',2500,5,NULL,NULL,NULL,NULL,NULL,NULL,NULL,'2023-11-28 13:00:54',NULL,NULL,NULL,'2023-11-28 12:59:24','2023-11-28 13:00:54'),(209,21,52,2,'KGS',2500,5,NULL,NULL,NULL,NULL,NULL,NULL,NULL,'2023-11-28 13:14:20',NULL,NULL,NULL,'2023-11-28 13:13:22','2023-11-28 13:14:20'),(210,31,71,2,'KGS',12000,5,NULL,NULL,NULL,NULL,NULL,NULL,NULL,'2023-11-28 13:56:53',NULL,NULL,NULL,'2023-11-28 13:54:54','2023-11-28 13:56:53'),(211,38,80,3,'KGS',40000,5,NULL,NULL,NULL,'4169585348863019',NULL,NULL,NULL,'2023-11-28 14:16:36',NULL,NULL,NULL,'2023-11-28 14:14:06','2023-11-28 14:16:36'),(212,58,118,3,'KGS',2700,5,NULL,NULL,NULL,'Wallet one 0554545835',NULL,NULL,NULL,'2023-11-28 14:30:32',NULL,NULL,NULL,'2023-11-28 14:29:20','2023-11-28 14:30:32'),(213,56,169,3,'KGS',7500,6,NULL,NULL,NULL,'4177490170536801',NULL,NULL,NULL,NULL,NULL,NULL,NULL,'2023-11-28 14:47:28','2023-11-28 14:49:22'),(214,31,71,2,'KGS',13000,0,NULL,NULL,NULL,NULL,NULL,NULL,NULL,NULL,NULL,NULL,NULL,'2023-11-28 14:48:07','2023-11-28 14:48:07'),(215,31,71,2,'KGS',13000,5,NULL,NULL,NULL,NULL,NULL,NULL,NULL,'2023-11-28 14:54:37',NULL,NULL,NULL,'2023-11-28 14:52:52','2023-11-28 14:54:37'),(216,31,71,2,'KGS',13000,5,NULL,NULL,NULL,NULL,NULL,NULL,NULL,'2023-11-28 15:13:56',NULL,NULL,NULL,'2023-11-28 15:10:45','2023-11-28 15:13:56'),(217,61,161,2,'KGS',6500,5,NULL,NULL,NULL,NULL,NULL,NULL,NULL,'2023-11-28 16:33:03',NULL,NULL,NULL,'2023-11-28 16:30:07','2023-11-28 16:33:03'),(218,31,71,2,'KGS',9000,5,NULL,NULL,NULL,NULL,NULL,NULL,NULL,'2023-11-28 17:01:29',NULL,NULL,NULL,'2023-11-28 16:58:56','2023-11-28 17:01:29'),(219,21,52,3,'KGS',17562,5,NULL,NULL,NULL,'4169585356468578',NULL,NULL,NULL,'2023-11-28 17:22:31',NULL,NULL,NULL,'2023-11-28 17:21:23','2023-11-28 17:22:31'),(220,31,71,2,'KGS',9000,5,NULL,NULL,NULL,NULL,NULL,NULL,NULL,'2023-11-28 17:29:57',NULL,NULL,NULL,'2023-11-28 17:26:07','2023-11-28 17:29:57'),(221,31,71,2,'KGS',9300,5,NULL,NULL,NULL,NULL,NULL,NULL,NULL,'2023-11-28 17:38:03',NULL,NULL,NULL,'2023-11-28 17:36:34','2023-11-28 17:38:03'),(222,36,78,2,'KGS',1000,5,NULL,NULL,NULL,NULL,NULL,NULL,NULL,'2023-11-28 17:41:23',NULL,NULL,NULL,'2023-11-28 17:38:34','2023-11-28 17:41:23'),(223,58,118,3,'KGS',2000,0,NULL,NULL,NULL,'Wallet one 0554545835',NULL,NULL,NULL,NULL,NULL,NULL,NULL,'2023-11-28 17:38:36','2023-11-28 17:38:36'),(224,67,173,2,'KGS',500,0,NULL,NULL,NULL,NULL,NULL,NULL,NULL,NULL,NULL,NULL,NULL,'2023-11-28 18:07:26','2023-11-28 18:07:26'),(225,65,168,2,'KGS',8910,5,NULL,NULL,NULL,NULL,NULL,NULL,NULL,'2023-11-28 18:09:40',NULL,NULL,NULL,'2023-11-28 18:08:21','2023-11-28 18:09:40'),(226,67,173,3,'KGS',500,6,NULL,NULL,NULL,'+996771396371',NULL,NULL,NULL,NULL,NULL,NULL,NULL,'2023-11-28 18:11:47','2023-11-28 18:12:14'),(227,42,90,2,'KGS',200,5,NULL,NULL,NULL,NULL,NULL,NULL,NULL,'2023-11-28 18:24:53',NULL,NULL,NULL,'2023-11-28 18:22:43','2023-11-28 18:24:53'),(228,67,173,2,'KGS',967091,0,NULL,NULL,NULL,NULL,NULL,NULL,NULL,NULL,NULL,NULL,NULL,'2023-11-28 18:31:06','2023-11-28 18:31:06'),(229,58,118,3,'KGS',1200,5,NULL,NULL,NULL,'Wallet one 0554545835',NULL,NULL,NULL,'2023-11-28 18:35:50',NULL,NULL,NULL,'2023-11-28 18:34:51','2023-11-28 18:35:50'),(230,42,90,2,'KGS',800,0,NULL,NULL,NULL,NULL,NULL,NULL,NULL,NULL,NULL,NULL,NULL,'2023-11-28 18:40:16','2023-11-28 18:40:16'),(231,42,90,2,'KGS',800,5,NULL,NULL,NULL,NULL,NULL,NULL,NULL,'2023-11-28 18:42:17',NULL,NULL,NULL,'2023-11-28 18:40:31','2023-11-28 18:42:17'),(232,67,173,2,'KGS',500,5,NULL,NULL,NULL,NULL,NULL,NULL,NULL,'2023-11-28 18:49:48',NULL,NULL,NULL,'2023-11-28 18:49:15','2023-11-28 18:49:48'),(233,50,107,3,'KGS',10000,5,NULL,NULL,NULL,'996504570007 мбанк',NULL,NULL,NULL,'2023-11-28 18:55:17',NULL,NULL,NULL,'2023-11-28 18:53:20','2023-11-28 18:55:17'),(234,25,59,3,'KGS',800,5,NULL,NULL,NULL,'4169585357198208 оптима банк',NULL,NULL,NULL,'2023-11-28 19:15:28',NULL,NULL,NULL,'2023-11-28 19:11:33','2023-11-28 19:15:28'),(235,38,80,2,'KGS',5000,5,NULL,NULL,NULL,NULL,NULL,NULL,NULL,'2023-11-28 19:15:26',NULL,NULL,NULL,'2023-11-28 19:14:47','2023-11-28 19:15:26'),(236,66,170,2,'KGS',500,5,NULL,NULL,NULL,NULL,NULL,NULL,NULL,'2023-11-28 19:18:03',NULL,NULL,NULL,'2023-11-28 19:16:38','2023-11-28 19:18:03'),(237,58,118,3,'KGS',4700,5,NULL,NULL,NULL,'Wallet one 0554545835',NULL,NULL,NULL,'2023-11-28 19:23:02',NULL,NULL,NULL,'2023-11-28 19:21:26','2023-11-28 19:23:02'),(238,28,66,2,'KGS',500,5,NULL,NULL,NULL,NULL,NULL,NULL,NULL,'2023-11-28 19:28:31',NULL,NULL,NULL,'2023-11-28 19:22:24','2023-11-28 19:28:31'),(239,31,71,2,'KGS',5000,5,NULL,NULL,NULL,NULL,NULL,NULL,NULL,'2023-11-28 19:27:03',NULL,NULL,NULL,'2023-11-28 19:25:18','2023-11-28 19:27:03'),(240,33,73,3,'KGS',17000,5,NULL,NULL,NULL,'4169585350000088',NULL,NULL,NULL,'2023-11-28 19:28:58',NULL,NULL,NULL,'2023-11-28 19:28:41','2023-11-28 19:28:58'),(241,58,118,3,'KGS',2000,5,NULL,NULL,NULL,'Wallet one 0554545835',NULL,NULL,NULL,'2023-11-28 20:15:53',NULL,NULL,NULL,'2023-11-28 20:15:11','2023-11-28 20:15:53'),(242,36,78,3,'KGS',2000,5,NULL,NULL,NULL,'0999191193 мбанк',NULL,NULL,NULL,'2023-11-28 21:11:54',NULL,NULL,NULL,'2023-11-28 21:10:52','2023-11-28 21:11:54'),(243,58,118,2,'KGS',2000,0,NULL,NULL,NULL,NULL,NULL,NULL,NULL,NULL,NULL,NULL,NULL,'2023-11-28 21:23:35','2023-11-28 21:23:35'),(244,38,80,2,'KGS',5000,5,NULL,NULL,NULL,NULL,NULL,NULL,NULL,'2023-11-28 21:42:11',NULL,NULL,NULL,'2023-11-28 21:41:44','2023-11-28 21:42:11'),(245,38,80,2,'KGS',6000,5,NULL,NULL,NULL,NULL,NULL,NULL,NULL,'2023-11-28 22:14:54',NULL,NULL,NULL,'2023-11-28 22:13:59','2023-11-28 22:14:54'),(246,38,80,2,'KGS',5000,5,NULL,NULL,NULL,NULL,NULL,NULL,NULL,'2023-11-28 22:20:16',NULL,NULL,NULL,'2023-11-28 22:19:48','2023-11-28 22:20:16'),(247,58,118,3,'KGS',2000,5,NULL,NULL,NULL,'Wallet one 0554545835',NULL,NULL,NULL,'2023-11-28 22:26:46',NULL,NULL,NULL,'2023-11-28 22:26:11','2023-11-28 22:26:46'),(248,60,123,2,'KGS',500,5,NULL,NULL,NULL,NULL,NULL,NULL,NULL,'2023-11-28 22:45:20',NULL,NULL,NULL,'2023-11-28 22:43:16','2023-11-28 22:45:20'),(249,67,173,2,'KGS',500,5,NULL,NULL,NULL,NULL,NULL,NULL,NULL,'2023-11-29 02:52:53',NULL,NULL,NULL,'2023-11-29 02:52:08','2023-11-29 02:52:53'),(250,33,73,2,'KGS',2600,5,NULL,NULL,NULL,NULL,NULL,NULL,NULL,'2023-11-29 03:00:12',NULL,NULL,NULL,'2023-11-29 02:58:52','2023-11-29 03:00:12'),(251,61,161,2,'KGS',9000,5,NULL,NULL,NULL,NULL,NULL,NULL,NULL,'2023-11-29 03:07:14',NULL,NULL,NULL,'2023-11-29 03:04:49','2023-11-29 03:07:14'),(252,43,91,2,'KGS',500,0,NULL,NULL,NULL,NULL,NULL,NULL,NULL,NULL,NULL,NULL,NULL,'2023-11-29 03:24:26','2023-11-29 03:24:26'),(253,43,91,3,'KGS',1600,6,NULL,NULL,NULL,'996706122215',NULL,NULL,NULL,NULL,NULL,NULL,NULL,'2023-11-29 05:08:40','2023-11-29 05:16:51'),(254,33,73,3,'KGS',5000,5,NULL,NULL,NULL,'4169585350000088',NULL,NULL,NULL,'2023-11-29 05:39:55',NULL,NULL,NULL,'2023-11-29 05:38:13','2023-11-29 05:39:55'),(255,61,161,3,'KGS',11000,6,NULL,NULL,NULL,'4169 5853 5585 0164 GO',NULL,NULL,NULL,NULL,NULL,NULL,NULL,'2023-11-29 05:49:36','2023-11-29 05:52:08'),(256,46,95,2,'KGS',3000,0,NULL,NULL,NULL,NULL,NULL,NULL,NULL,NULL,NULL,NULL,NULL,'2023-11-29 05:50:17','2023-11-29 05:50:17'),(257,46,176,2,'KGS',3000,0,NULL,NULL,NULL,NULL,NULL,NULL,NULL,NULL,NULL,NULL,NULL,'2023-11-29 05:56:55','2023-11-29 05:56:55'),(258,51,111,2,'KGS',2000,5,NULL,NULL,NULL,NULL,NULL,NULL,NULL,'2023-11-29 06:04:06',NULL,NULL,NULL,'2023-11-29 06:01:00','2023-11-29 06:04:06'),(259,21,52,2,'KGS',2000,5,NULL,NULL,NULL,NULL,NULL,NULL,NULL,'2023-11-29 07:45:16',NULL,NULL,NULL,'2023-11-29 07:44:30','2023-11-29 07:45:16'),(260,46,176,2,'KGS',2000,0,NULL,NULL,NULL,NULL,NULL,NULL,NULL,NULL,NULL,NULL,NULL,'2023-11-29 08:12:50','2023-11-29 08:12:50'),(261,36,78,2,'KGS',500,5,NULL,NULL,NULL,NULL,NULL,NULL,NULL,'2023-11-29 08:27:53',NULL,NULL,NULL,'2023-11-29 08:25:45','2023-11-29 08:27:53'),(262,36,78,2,'KGS',500,5,NULL,NULL,NULL,NULL,NULL,NULL,NULL,'2023-11-29 08:56:50',NULL,NULL,NULL,'2023-11-29 08:52:32','2023-11-29 08:56:50'),(263,50,107,2,'KGS',1500,5,NULL,NULL,NULL,NULL,NULL,NULL,NULL,'2023-11-29 11:12:46',NULL,NULL,NULL,'2023-11-29 11:06:01','2023-11-29 11:12:46'),(264,28,66,2,'KGS',500,5,NULL,NULL,NULL,NULL,NULL,NULL,NULL,'2023-11-29 11:32:51',NULL,NULL,NULL,'2023-11-29 11:30:40','2023-11-29 11:32:51'),(265,50,107,2,'KGS',2200,5,NULL,NULL,NULL,NULL,NULL,NULL,NULL,'2023-11-29 12:05:48',NULL,NULL,NULL,'2023-11-29 12:03:27','2023-11-29 12:05:48'),(266,50,107,2,'KGS',2200,5,NULL,NULL,NULL,NULL,NULL,NULL,NULL,'2023-11-29 12:18:44',NULL,NULL,NULL,'2023-11-29 12:16:59','2023-11-29 12:18:44'),(267,50,109,2,'KGS',1300,5,NULL,NULL,NULL,NULL,NULL,NULL,NULL,'2023-11-29 13:00:52',NULL,NULL,NULL,'2023-11-29 12:59:18','2023-11-29 13:00:52'),(268,61,178,3,'KGS',20000,5,NULL,NULL,NULL,'4169 5853 5585 0164 GO',NULL,NULL,NULL,'2023-11-29 13:03:08',NULL,NULL,NULL,'2023-11-29 13:01:02','2023-11-29 13:03:08'),(269,36,78,2,'KGS',500,5,NULL,NULL,NULL,NULL,NULL,NULL,NULL,'2023-11-29 13:39:55',NULL,NULL,NULL,'2023-11-29 13:29:02','2023-11-29 13:39:55'),(270,22,55,2,'KGS',505,5,NULL,NULL,NULL,NULL,NULL,NULL,NULL,'2023-11-29 13:32:22',NULL,NULL,NULL,'2023-11-29 13:29:43','2023-11-29 13:32:22'),(271,50,107,2,'KGS',1300,5,NULL,NULL,NULL,NULL,NULL,NULL,NULL,'2023-11-29 13:48:29',NULL,NULL,NULL,'2023-11-29 13:47:02','2023-11-29 13:48:29'),(272,50,108,2,'KGS',2200,6,NULL,NULL,NULL,NULL,NULL,NULL,NULL,NULL,NULL,NULL,NULL,'2023-11-29 13:58:39','2023-11-29 13:59:48'),(273,54,114,2,'KGS',1000,5,NULL,NULL,NULL,NULL,NULL,NULL,NULL,'2023-11-29 14:21:17',NULL,NULL,NULL,'2023-11-29 14:18:31','2023-11-29 14:21:17'),(274,42,90,2,'KGS',600,0,NULL,NULL,NULL,NULL,NULL,NULL,NULL,NULL,NULL,NULL,NULL,'2023-11-29 15:04:35','2023-11-29 15:04:35'),(275,42,90,2,'KGS',600,5,NULL,NULL,NULL,NULL,NULL,NULL,NULL,'2023-11-29 15:06:36',NULL,NULL,NULL,'2023-11-29 15:04:46','2023-11-29 15:06:36'),(276,31,71,2,'KGS',10000,5,NULL,NULL,NULL,NULL,NULL,NULL,NULL,'2023-11-29 15:11:38',NULL,NULL,NULL,'2023-11-29 15:07:31','2023-11-29 15:11:38'),(277,28,66,2,'KGS',500,5,NULL,NULL,NULL,NULL,NULL,NULL,NULL,'2023-11-29 15:22:25',NULL,NULL,NULL,'2023-11-29 15:20:14','2023-11-29 15:22:25'),(278,33,73,2,'KGS',2500,5,NULL,NULL,NULL,NULL,NULL,NULL,NULL,'2023-11-29 16:28:27',NULL,NULL,NULL,'2023-11-29 16:26:22','2023-11-29 16:28:27'),(279,31,71,2,'KGS',1700,5,NULL,NULL,NULL,NULL,NULL,NULL,NULL,'2023-11-29 16:30:27',NULL,NULL,NULL,'2023-11-29 16:29:07','2023-11-29 16:30:27'),(280,38,80,2,'KGS',3000,5,NULL,NULL,NULL,NULL,NULL,NULL,NULL,'2023-11-29 16:33:35',NULL,NULL,NULL,'2023-11-29 16:32:14','2023-11-29 16:33:35'),(281,21,52,2,'KGS',1000,5,NULL,NULL,NULL,NULL,NULL,NULL,NULL,'2023-11-29 16:48:15',NULL,NULL,NULL,'2023-11-29 16:47:38','2023-11-29 16:48:15'),(282,38,80,2,'KGS',3000,5,NULL,NULL,NULL,NULL,NULL,NULL,NULL,'2023-11-29 17:15:49',NULL,NULL,NULL,'2023-11-29 17:13:55','2023-11-29 17:15:49'),(283,72,185,3,'KGS',5000,6,NULL,NULL,NULL,'4177490170536801',NULL,NULL,NULL,NULL,NULL,NULL,NULL,'2023-11-29 17:18:44','2023-11-29 17:20:25'),(284,4,17,0,'USDT-TRC20',1,5,NULL,1,NULL,NULL,NULL,104,'ee379338c55e7101ead32a19cf38ad2fbb106fe87b253b2462e30e15ec5076bf','2023-11-29 17:21:42','2023-11-29 17:21:35',NULL,NULL,'2023-11-29 17:21:35','2023-11-29 17:21:42'),(285,38,80,2,'KGS',3000,5,NULL,NULL,NULL,NULL,NULL,NULL,NULL,'2023-11-29 17:46:39',NULL,NULL,NULL,'2023-11-29 17:43:39','2023-11-29 17:46:39'),(286,21,52,3,'KGS',9165,5,NULL,NULL,NULL,'4169585356468578',NULL,NULL,NULL,'2023-11-29 18:53:19',NULL,NULL,NULL,'2023-11-29 18:35:42','2023-11-29 18:53:19'),(287,74,186,3,'KGS',1500,5,NULL,NULL,NULL,'w1   996999997099',NULL,NULL,NULL,'2023-11-29 18:56:03',NULL,NULL,NULL,'2023-11-29 18:47:30','2023-11-29 18:56:03'),(288,61,161,2,'KGS',8000,5,NULL,NULL,NULL,NULL,NULL,NULL,NULL,'2023-11-29 19:17:55',NULL,NULL,NULL,'2023-11-29 19:15:03','2023-11-29 19:17:55'),(289,76,202,2,'KGS',500,6,NULL,NULL,NULL,NULL,NULL,NULL,NULL,NULL,NULL,NULL,NULL,'2023-11-29 19:41:21','2023-11-29 19:46:14'),(290,76,202,2,'KGS',500,6,NULL,NULL,NULL,NULL,NULL,NULL,NULL,NULL,NULL,NULL,NULL,'2023-11-29 20:03:57','2023-11-29 20:04:56'),(291,76,203,2,'KGS',500,5,NULL,NULL,NULL,NULL,NULL,NULL,NULL,'2023-11-29 20:16:24',NULL,NULL,NULL,'2023-11-29 20:15:53','2023-11-29 20:16:24'),(292,45,94,2,'KGS',500,5,NULL,NULL,NULL,NULL,NULL,NULL,NULL,'2023-11-29 20:23:49',NULL,NULL,NULL,'2023-11-29 20:21:40','2023-11-29 20:23:49'),(293,58,118,3,'KGS',3700,6,NULL,NULL,NULL,'Wallet one 0554545835',NULL,NULL,NULL,NULL,NULL,NULL,NULL,'2023-11-29 20:44:35','2023-11-29 20:59:52'),(294,76,203,2,'KGS',500,5,NULL,NULL,NULL,NULL,NULL,NULL,NULL,'2023-11-29 21:06:11',NULL,NULL,NULL,'2023-11-29 21:05:18','2023-11-29 21:06:11'),(295,38,80,2,'KGS',3000,5,NULL,NULL,NULL,NULL,NULL,NULL,NULL,'2023-11-29 21:58:33',NULL,NULL,NULL,'2023-11-29 21:49:57','2023-11-29 21:58:33'),(296,60,123,2,'KGS',500,0,NULL,NULL,NULL,NULL,NULL,NULL,NULL,NULL,NULL,NULL,NULL,'2023-11-29 22:22:06','2023-11-29 22:22:06'),(297,38,80,2,'KGS',4600,5,NULL,NULL,NULL,NULL,NULL,NULL,NULL,'2023-11-29 22:29:34',NULL,NULL,NULL,'2023-11-29 22:28:58','2023-11-29 22:29:34'),(298,60,123,2,'KGS',500,5,NULL,NULL,NULL,NULL,NULL,NULL,NULL,'2023-11-29 22:33:52',NULL,NULL,NULL,'2023-11-29 22:30:56','2023-11-29 22:33:52'),(299,38,80,2,'KGS',5000,5,NULL,NULL,NULL,NULL,NULL,NULL,NULL,'2023-11-29 22:41:15',NULL,NULL,NULL,'2023-11-29 22:40:12','2023-11-29 22:41:15'),(300,38,80,2,'KGS',5000,5,NULL,NULL,NULL,NULL,NULL,NULL,NULL,'2023-11-29 22:49:31',NULL,NULL,NULL,'2023-11-29 22:48:26','2023-11-29 22:49:31'),(301,36,78,2,'KGS',500,5,NULL,NULL,NULL,NULL,NULL,NULL,NULL,'2023-11-29 22:56:57',NULL,NULL,NULL,'2023-11-29 22:54:46','2023-11-29 22:56:57'),(302,59,211,3,'KGS',10000,5,NULL,NULL,NULL,'4169585354297433',NULL,NULL,NULL,'2023-11-30 00:28:35',NULL,NULL,NULL,'2023-11-30 00:24:13','2023-11-30 00:28:35'),(303,59,211,3,'KGS',5000,6,NULL,NULL,NULL,'4169585354297433',NULL,NULL,NULL,NULL,NULL,NULL,NULL,'2023-11-30 00:30:30','2023-11-30 00:32:39'),(304,59,211,3,'KGS',1000,6,NULL,NULL,NULL,'4169585354297433',NULL,NULL,NULL,NULL,NULL,NULL,NULL,'2023-11-30 00:33:37','2023-11-30 00:33:45'),(305,22,55,2,'KGS',535,5,NULL,NULL,NULL,NULL,NULL,NULL,NULL,'2023-11-30 02:09:47',NULL,NULL,NULL,'2023-11-30 02:08:33','2023-11-30 02:09:47'),(306,25,59,3,'KGS',1200,5,NULL,NULL,NULL,'4169 5853 5719 8208 оптима банк',NULL,NULL,NULL,'2023-11-30 02:37:51',NULL,NULL,NULL,'2023-11-30 02:35:42','2023-11-30 02:37:51'),(307,22,55,2,'KGS',510,5,NULL,NULL,NULL,NULL,NULL,NULL,NULL,'2023-11-30 03:00:49',NULL,NULL,NULL,'2023-11-30 02:57:45','2023-11-30 03:00:49'),(308,28,66,2,'KGS',500,5,NULL,NULL,NULL,NULL,NULL,NULL,NULL,'2023-11-30 04:30:29',NULL,NULL,NULL,'2023-11-30 04:04:57','2023-11-30 04:30:29'),(309,22,55,3,'KGS',2400,5,NULL,NULL,NULL,'Мбанк \n+996555698501',NULL,NULL,NULL,'2023-11-30 06:08:48',NULL,NULL,NULL,'2023-11-30 06:01:29','2023-11-30 06:08:48'),(310,58,118,3,'KGS',3700,5,NULL,NULL,NULL,'Wallet one 0554545835',NULL,NULL,NULL,'2023-11-30 06:10:52',NULL,NULL,NULL,'2023-11-30 06:06:44','2023-11-30 06:10:52'),(311,21,52,2,'KGS',1500,6,NULL,NULL,NULL,NULL,NULL,NULL,NULL,NULL,NULL,NULL,NULL,'2023-11-30 06:32:04','2023-11-30 08:08:45'),(312,33,74,2,'KGS',6000,6,NULL,NULL,NULL,NULL,NULL,NULL,NULL,NULL,NULL,NULL,NULL,'2023-11-30 07:47:22','2023-11-30 08:08:49'),(313,42,90,2,'KGS',600,5,NULL,NULL,NULL,NULL,NULL,NULL,NULL,'2023-11-30 08:09:29',NULL,NULL,NULL,'2023-11-30 08:05:04','2023-11-30 08:09:29'),(314,58,118,3,'KGS',4400,0,NULL,NULL,NULL,'0554545835 эльсом',NULL,NULL,NULL,NULL,NULL,NULL,NULL,'2023-11-30 08:11:52','2023-11-30 08:11:52'),(315,42,90,2,'KGS',600,5,NULL,NULL,NULL,NULL,NULL,NULL,NULL,'2023-11-30 08:21:46',NULL,NULL,NULL,'2023-11-30 08:16:06','2023-11-30 08:21:46'),(316,58,118,3,'KGS',4400,6,NULL,NULL,NULL,'0554545835 эльсом',NULL,NULL,NULL,NULL,NULL,NULL,NULL,'2023-11-30 08:52:58','2023-11-30 09:06:24'),(317,58,118,3,'KGS',4400,5,NULL,NULL,NULL,'Wallet one 0554545835',NULL,NULL,NULL,'2023-11-30 09:07:49',NULL,NULL,NULL,'2023-11-30 09:07:42','2023-11-30 09:07:49'),(318,36,78,2,'KGS',1000,5,NULL,NULL,NULL,NULL,NULL,NULL,NULL,'2023-11-30 09:35:54',NULL,NULL,NULL,'2023-11-30 09:33:47','2023-11-30 09:35:54'),(319,51,111,2,'KGS',2000,5,NULL,NULL,NULL,NULL,NULL,NULL,NULL,'2023-11-30 09:51:53',NULL,NULL,NULL,'2023-11-30 09:49:45','2023-11-30 09:51:53'),(320,36,78,2,'KGS',500,5,NULL,NULL,NULL,NULL,NULL,NULL,NULL,'2023-11-30 11:06:42',NULL,NULL,NULL,'2023-11-30 11:03:10','2023-11-30 11:06:42'),(321,50,107,2,'KGS',1680,5,NULL,NULL,NULL,NULL,NULL,NULL,NULL,'2023-11-30 11:17:57',NULL,NULL,NULL,'2023-11-30 11:05:17','2023-11-30 11:17:57'),(322,36,78,2,'KGS',500,5,NULL,NULL,NULL,NULL,NULL,NULL,NULL,'2023-11-30 11:23:40',NULL,NULL,NULL,'2023-11-30 11:21:43','2023-11-30 11:23:40'),(323,58,118,3,'KGS',1800,6,NULL,NULL,NULL,'Nampa one 0500545835',NULL,NULL,NULL,NULL,NULL,NULL,NULL,'2023-11-30 11:24:11','2023-11-30 11:24:27'),(324,33,74,2,'KGS',5000,5,NULL,NULL,NULL,NULL,NULL,NULL,NULL,'2023-11-30 11:42:27',NULL,NULL,NULL,'2023-11-30 11:40:29','2023-11-30 11:42:27'),(325,43,91,2,'KGS',500,5,NULL,NULL,NULL,NULL,NULL,NULL,NULL,'2023-11-30 12:02:40',NULL,NULL,NULL,'2023-11-30 11:56:30','2023-11-30 12:02:40'),(326,28,66,2,'KGS',1000,5,NULL,NULL,NULL,NULL,NULL,NULL,NULL,'2023-11-30 12:02:41',NULL,NULL,NULL,'2023-11-30 11:59:02','2023-11-30 12:02:41'),(327,54,114,2,'KGS',2000,5,NULL,NULL,NULL,NULL,NULL,NULL,NULL,'2023-11-30 12:05:51',NULL,NULL,NULL,'2023-11-30 12:05:08','2023-11-30 12:05:51'),(328,51,111,2,'KGS',3200,5,NULL,NULL,NULL,NULL,NULL,NULL,NULL,'2023-11-30 12:23:57',NULL,NULL,NULL,'2023-11-30 12:05:30','2023-11-30 12:23:57'),(329,28,66,2,'KGS',1000,5,NULL,NULL,NULL,NULL,NULL,NULL,NULL,'2023-11-30 13:26:14',NULL,NULL,NULL,'2023-11-30 13:21:36','2023-11-30 13:26:14'),(330,36,78,2,'KGS',500,5,NULL,NULL,NULL,NULL,NULL,NULL,NULL,'2023-11-30 13:28:33',NULL,NULL,NULL,'2023-11-30 13:23:41','2023-11-30 13:28:33'),(331,21,52,3,'KGS',10004,5,NULL,NULL,NULL,'4169585356468578',NULL,NULL,NULL,'2023-11-30 14:39:10',NULL,NULL,NULL,'2023-11-30 14:34:50','2023-11-30 14:39:10'),(332,66,170,2,'KGS',500,5,NULL,NULL,NULL,NULL,NULL,NULL,NULL,'2023-11-30 14:37:40',NULL,NULL,NULL,'2023-11-30 14:35:20','2023-11-30 14:37:40'),(333,50,107,2,'KGS',990,5,NULL,NULL,NULL,NULL,NULL,NULL,NULL,'2023-11-30 15:07:37',NULL,NULL,NULL,'2023-11-30 15:05:23','2023-11-30 15:07:37'),(334,28,66,2,'KGS',1000,5,NULL,NULL,NULL,NULL,NULL,NULL,NULL,'2023-11-30 16:05:58',NULL,NULL,NULL,'2023-11-30 16:03:30','2023-11-30 16:05:58'),(335,33,74,3,'KGS',22000,5,NULL,NULL,NULL,'4169585350000088',NULL,NULL,NULL,'2023-11-30 16:36:49',NULL,NULL,NULL,'2023-11-30 16:15:18','2023-11-30 16:36:49'),(336,79,228,1,'USDT-TRC20',5000,6,NULL,NULL,'TCTybR557kBgWPaVqUa7Y2Xu8mhGRpLLBr','4169585354297433',NULL,NULL,NULL,NULL,NULL,NULL,NULL,'2023-11-30 16:19:26','2023-11-30 16:36:54'),(337,79,229,1,'USDT-TRC20',5000,6,NULL,NULL,'TMVgCBKMxnFjJzjhDm6D6de7mbKuk78KRK','4169585354297433',NULL,NULL,NULL,NULL,NULL,NULL,NULL,'2023-11-30 16:22:16','2023-11-30 16:36:57'),(338,60,123,3,'KGS',2500,6,NULL,NULL,NULL,'0551555355 Мбанк',NULL,NULL,NULL,NULL,NULL,NULL,NULL,'2023-11-30 16:25:46','2023-11-30 16:37:01'),(339,52,112,2,'KGS',1000,5,NULL,NULL,NULL,NULL,NULL,NULL,NULL,'2023-11-30 16:30:05',NULL,NULL,NULL,'2023-11-30 16:27:57','2023-11-30 16:30:05'),(340,28,66,2,'KGS',500,5,NULL,NULL,NULL,NULL,NULL,NULL,NULL,'2023-11-30 16:59:34',NULL,NULL,NULL,'2023-11-30 16:43:49','2023-11-30 16:59:34'),(341,22,55,2,'KGS',450,5,NULL,NULL,NULL,NULL,NULL,NULL,NULL,'2023-11-30 16:59:40',NULL,NULL,NULL,'2023-11-30 16:44:27','2023-11-30 16:59:40'),(342,22,55,2,'KGS',450,6,NULL,NULL,NULL,NULL,NULL,NULL,NULL,NULL,NULL,NULL,NULL,'2023-11-30 16:54:43','2023-11-30 17:00:41'),(343,22,55,2,'KGS',545,5,NULL,NULL,NULL,NULL,NULL,NULL,NULL,'2023-11-30 17:09:31',NULL,NULL,NULL,'2023-11-30 17:07:57','2023-11-30 17:09:31'),(344,38,80,2,'KGS',1600,5,NULL,NULL,NULL,NULL,NULL,NULL,NULL,'2023-11-30 17:38:27',NULL,NULL,NULL,'2023-11-30 17:36:53','2023-11-30 17:38:27'),(345,60,123,2,'KGS',600,5,NULL,NULL,NULL,NULL,NULL,NULL,NULL,'2023-11-30 19:29:52',NULL,NULL,NULL,'2023-11-30 19:15:45','2023-11-30 19:29:52'),(346,24,58,2,'KGS',1100,5,NULL,NULL,NULL,NULL,NULL,NULL,NULL,'2023-11-30 19:30:48',NULL,NULL,NULL,'2023-11-30 19:28:49','2023-11-30 19:30:48'),(347,73,182,2,'KGS',508,5,NULL,NULL,NULL,NULL,NULL,NULL,NULL,'2023-11-30 19:42:52',NULL,NULL,NULL,'2023-11-30 19:40:28','2023-11-30 19:42:52'),(348,43,91,2,'KGS',500,5,NULL,NULL,NULL,NULL,NULL,NULL,NULL,'2023-11-30 23:12:51',NULL,NULL,NULL,'2023-11-30 23:10:10','2023-11-30 23:12:51'),(349,25,59,3,'KGS',3000,6,NULL,NULL,NULL,'4169 5853 5719 8208 \nОптима банк',NULL,NULL,NULL,NULL,NULL,NULL,NULL,'2023-12-01 02:25:38','2023-12-01 04:01:11'),(350,33,73,3,'KGS',8000,6,NULL,NULL,NULL,'4169585350000088',NULL,NULL,NULL,NULL,NULL,NULL,NULL,'2023-12-01 03:59:59','2023-12-01 04:01:11'),(351,25,59,3,'KGS',3000,6,NULL,NULL,NULL,'4169 5853 5719 8208 оптима банк',NULL,NULL,NULL,NULL,NULL,NULL,NULL,'2023-12-01 04:04:29','2023-12-01 04:04:42'),(352,21,52,3,'KGS',5000,5,NULL,NULL,NULL,'4169585356468578',NULL,NULL,NULL,'2023-12-01 07:13:34',NULL,NULL,NULL,'2023-12-01 07:08:15','2023-12-01 07:13:34'),(353,61,161,2,'KGS',2800,5,NULL,NULL,NULL,NULL,NULL,NULL,NULL,'2023-12-01 07:22:44',NULL,NULL,NULL,'2023-12-01 07:17:52','2023-12-01 07:22:44'),(354,52,112,2,'KGS',500,5,NULL,NULL,NULL,NULL,NULL,NULL,NULL,'2023-12-01 07:43:53',NULL,NULL,NULL,'2023-12-01 07:42:43','2023-12-01 07:43:53'),(355,52,112,2,'KGS',500,5,NULL,NULL,NULL,NULL,NULL,NULL,NULL,'2023-12-01 07:56:54',NULL,NULL,NULL,'2023-12-01 07:55:30','2023-12-01 07:56:54'),(356,73,182,2,'KGS',500,5,NULL,NULL,NULL,NULL,NULL,NULL,NULL,'2023-12-01 08:06:35',NULL,NULL,NULL,'2023-12-01 08:03:49','2023-12-01 08:06:35'),(357,52,112,2,'KGS',1000,5,NULL,NULL,NULL,NULL,NULL,NULL,NULL,'2023-12-01 08:12:41',NULL,NULL,NULL,'2023-12-01 08:11:45','2023-12-01 08:12:41'),(358,73,182,2,'KGS',1300,5,NULL,NULL,NULL,NULL,NULL,NULL,NULL,'2023-12-01 08:21:45',NULL,NULL,NULL,'2023-12-01 08:17:55','2023-12-01 08:21:45'),(359,73,182,2,'KGS',500,5,NULL,NULL,NULL,NULL,NULL,NULL,NULL,'2023-12-01 08:36:06',NULL,NULL,NULL,'2023-12-01 08:34:39','2023-12-01 08:36:06'),(360,79,254,1,'USDT-TRC20',5000,6,NULL,NULL,'TWLoQ9eTh323Z3Z9jMWe6qcDV2xtR5Sw43','4177490170536801',NULL,NULL,NULL,NULL,NULL,NULL,NULL,'2023-12-01 08:42:21','2023-12-01 08:45:17'),(361,73,182,2,'KGS',1000,5,NULL,NULL,NULL,NULL,NULL,NULL,NULL,'2023-12-01 09:03:30',NULL,NULL,NULL,'2023-12-01 08:55:11','2023-12-01 09:03:30'),(362,52,112,2,'KGS',500,5,NULL,NULL,NULL,NULL,NULL,NULL,NULL,'2023-12-01 09:07:30',NULL,NULL,NULL,'2023-12-01 09:05:40','2023-12-01 09:07:30'),(363,43,91,2,'KGS',500,0,NULL,NULL,NULL,NULL,NULL,NULL,NULL,NULL,NULL,NULL,NULL,'2023-12-01 09:40:19','2023-12-01 09:40:19'),(364,43,91,2,'KGS',500,5,NULL,NULL,NULL,NULL,NULL,NULL,NULL,'2023-12-01 10:06:15',NULL,NULL,NULL,'2023-12-01 09:40:58','2023-12-01 10:06:15'),(365,52,112,2,'KGS',1000,5,NULL,NULL,NULL,NULL,NULL,NULL,NULL,'2023-12-01 10:17:37',NULL,NULL,NULL,'2023-12-01 09:54:32','2023-12-01 10:17:37'),(366,36,78,2,'KGS',1000,5,NULL,NULL,NULL,NULL,NULL,NULL,NULL,'2023-12-01 10:15:06',NULL,NULL,NULL,'2023-12-01 10:12:50','2023-12-01 10:15:06'),(367,43,91,2,'KGS',500,5,NULL,NULL,NULL,NULL,NULL,NULL,NULL,'2023-12-01 10:21:02',NULL,NULL,NULL,'2023-12-01 10:18:00','2023-12-01 10:21:02'),(368,52,112,2,'KGS',1000,5,NULL,NULL,NULL,NULL,NULL,NULL,NULL,'2023-12-01 11:01:51',NULL,NULL,NULL,'2023-12-01 11:00:57','2023-12-01 11:01:51'),(369,52,112,2,'KGS',600,5,NULL,NULL,NULL,NULL,NULL,NULL,NULL,'2023-12-01 11:26:13',NULL,NULL,NULL,'2023-12-01 11:24:46','2023-12-01 11:26:13'),(370,74,186,2,'KGS',500,5,NULL,NULL,NULL,NULL,NULL,NULL,NULL,'2023-12-01 12:14:06',NULL,NULL,NULL,'2023-12-01 12:04:24','2023-12-01 12:14:06'),(371,52,112,3,'KGS',4000,5,NULL,NULL,NULL,'4169585359587580',NULL,NULL,NULL,'2023-12-01 12:35:12',NULL,NULL,NULL,'2023-12-01 12:32:40','2023-12-01 12:35:12'),(372,21,52,2,'KGS',4400,6,NULL,NULL,NULL,NULL,NULL,NULL,NULL,NULL,NULL,NULL,NULL,'2023-12-01 15:28:35','2023-12-01 15:49:35'),(373,79,255,1,'USDT-TRC20',5000,6,NULL,NULL,'TUMKg2EzVBCF835pPtUWcfCbrfrkNJvEJx','4169585354287433',NULL,NULL,NULL,NULL,NULL,NULL,NULL,'2023-12-01 15:52:12','2023-12-01 15:52:57'),(374,43,91,2,'KGS',500,5,NULL,NULL,NULL,NULL,NULL,NULL,NULL,'2023-12-01 16:19:20',NULL,NULL,NULL,'2023-12-01 16:16:04','2023-12-01 16:19:20'),(375,28,66,2,'KGS',1000,0,NULL,NULL,NULL,NULL,NULL,NULL,NULL,NULL,NULL,NULL,NULL,'2023-12-01 16:58:23','2023-12-01 16:58:23'),(376,74,186,3,'KGS',1500,5,NULL,NULL,NULL,'Еденицы +996 500 015 707',NULL,NULL,NULL,'2023-12-01 17:03:16',NULL,NULL,NULL,'2023-12-01 16:59:48','2023-12-01 17:03:16'),(377,28,66,2,'KGS',1600,5,NULL,NULL,NULL,NULL,NULL,NULL,NULL,'2023-12-01 17:05:36',NULL,NULL,NULL,'2023-12-01 17:04:44','2023-12-01 17:05:36'),(378,21,52,3,'KGS',8274,5,NULL,NULL,NULL,'4169585356468578',NULL,NULL,NULL,'2023-12-01 17:30:44',NULL,NULL,NULL,'2023-12-01 17:27:47','2023-12-01 17:30:44'),(379,52,112,2,'KGS',1000,5,NULL,NULL,NULL,NULL,NULL,NULL,NULL,'2023-12-01 17:34:07',NULL,NULL,NULL,'2023-12-01 17:32:46','2023-12-01 17:34:07'),(380,82,257,2,'KGS',15000,5,NULL,NULL,NULL,NULL,NULL,NULL,NULL,'2023-12-01 17:42:34',NULL,NULL,NULL,'2023-12-01 17:39:08','2023-12-01 17:42:34'),(381,43,91,3,'KGS',1000,6,NULL,NULL,NULL,'Мбанк 996706122215',NULL,NULL,NULL,NULL,NULL,NULL,NULL,'2023-12-01 17:40:21','2023-12-01 17:45:44'),(382,66,170,2,'KGS',500,5,NULL,NULL,NULL,NULL,NULL,NULL,NULL,'2023-12-01 17:45:18',NULL,NULL,NULL,'2023-12-01 17:43:08','2023-12-01 17:45:18'),(383,52,112,2,'KGS',1000,5,NULL,NULL,NULL,NULL,NULL,NULL,NULL,'2023-12-01 17:45:35',NULL,NULL,NULL,'2023-12-01 17:44:25','2023-12-01 17:45:35'),(384,28,66,2,'KGS',1000,5,NULL,NULL,NULL,NULL,NULL,NULL,NULL,'2023-12-01 17:52:53',NULL,NULL,NULL,'2023-12-01 17:50:33','2023-12-01 17:52:53'),(385,52,112,2,'KGS',1000,5,NULL,NULL,NULL,NULL,NULL,NULL,NULL,'2023-12-01 17:53:10',NULL,NULL,NULL,'2023-12-01 17:51:41','2023-12-01 17:53:10'),(386,66,170,2,'KGS',700,5,NULL,NULL,NULL,NULL,NULL,NULL,NULL,'2023-12-01 17:55:27',NULL,NULL,NULL,'2023-12-01 17:54:07','2023-12-01 17:55:27'),(387,82,257,2,'KGS',25000,5,NULL,NULL,NULL,NULL,NULL,NULL,NULL,'2023-12-01 18:14:08',NULL,NULL,NULL,'2023-12-01 18:10:47','2023-12-01 18:14:08'),(388,54,114,2,'KGS',1000,5,NULL,NULL,NULL,NULL,NULL,NULL,NULL,'2023-12-01 18:21:16',NULL,NULL,NULL,'2023-12-01 18:19:19','2023-12-01 18:21:16'),(389,52,112,2,'KGS',1000,5,NULL,NULL,NULL,NULL,NULL,NULL,NULL,'2023-12-01 18:28:52',NULL,NULL,NULL,'2023-12-01 18:26:44','2023-12-01 18:28:52'),(390,76,203,2,'KGS',500,5,NULL,NULL,NULL,NULL,NULL,NULL,NULL,'2023-12-01 18:46:23',NULL,NULL,NULL,'2023-12-01 18:42:52','2023-12-01 18:46:23'),(391,82,257,2,'KGS',35000,5,NULL,NULL,NULL,NULL,NULL,NULL,NULL,'2023-12-01 18:50:19',NULL,NULL,NULL,'2023-12-01 18:47:17','2023-12-01 18:50:19'),(392,73,182,2,'KGS',520,5,NULL,NULL,NULL,NULL,NULL,NULL,NULL,'2023-12-01 19:00:33',NULL,NULL,NULL,'2023-12-01 18:54:50','2023-12-01 19:00:33'),(393,61,161,2,'KGS',5000,5,NULL,NULL,NULL,NULL,NULL,NULL,NULL,'2023-12-01 19:10:58',NULL,NULL,NULL,'2023-12-01 19:09:08','2023-12-01 19:10:58'),(394,38,80,2,'KGS',4500,5,NULL,NULL,NULL,NULL,NULL,NULL,NULL,'2023-12-01 19:31:55',NULL,NULL,NULL,'2023-12-01 19:25:51','2023-12-01 19:31:55'),(395,38,80,2,'KGS',5000,5,NULL,NULL,NULL,NULL,NULL,NULL,NULL,'2023-12-01 19:46:25',NULL,NULL,NULL,'2023-12-01 19:45:23','2023-12-01 19:46:25'),(396,82,257,2,'KGS',30000,5,NULL,NULL,NULL,NULL,NULL,NULL,NULL,'2023-12-01 19:51:22',NULL,NULL,NULL,'2023-12-01 19:49:33','2023-12-01 19:51:22'),(397,38,80,2,'KGS',5000,5,NULL,NULL,NULL,NULL,NULL,NULL,NULL,'2023-12-01 20:00:18',NULL,NULL,NULL,'2023-12-01 19:59:41','2023-12-01 20:00:18'),(398,52,112,2,'KGS',2000,5,NULL,NULL,NULL,NULL,NULL,NULL,NULL,'2023-12-01 20:40:48',NULL,NULL,NULL,'2023-12-01 20:38:47','2023-12-01 20:40:48'),(399,52,112,3,'KGS',2000,5,NULL,NULL,NULL,'4169585359587580',NULL,NULL,NULL,'2023-12-01 20:44:10',NULL,NULL,NULL,'2023-12-01 20:42:46','2023-12-01 20:44:10'),(400,82,257,2,'KGS',30000,5,NULL,NULL,NULL,NULL,NULL,NULL,NULL,'2023-12-01 20:54:19',NULL,NULL,NULL,'2023-12-01 20:53:01','2023-12-01 20:54:19'),(401,82,257,2,'KGS',40000,5,NULL,NULL,NULL,NULL,NULL,NULL,NULL,'2023-12-01 21:29:48',NULL,NULL,NULL,'2023-12-01 21:26:17','2023-12-01 21:29:48'),(402,43,91,2,'KGS',500,5,NULL,NULL,NULL,NULL,NULL,NULL,NULL,'2023-12-02 04:20:23',NULL,NULL,NULL,'2023-12-02 04:08:50','2023-12-02 04:20:23'),(403,61,161,2,'KGS',9000,5,NULL,NULL,NULL,NULL,NULL,NULL,NULL,'2023-12-02 04:34:05',NULL,NULL,NULL,'2023-12-02 04:32:13','2023-12-02 04:34:05'),(404,6,11,2,'KGS',1000,5,NULL,NULL,NULL,NULL,NULL,NULL,NULL,'2023-12-02 05:00:04',NULL,NULL,NULL,'2023-12-02 04:59:30','2023-12-02 05:00:04'),(405,52,112,2,'KGS',1000,5,NULL,NULL,NULL,NULL,NULL,NULL,NULL,'2023-12-02 06:21:45',NULL,NULL,NULL,'2023-12-02 06:19:23','2023-12-02 06:21:45'),(406,52,112,2,'KGS',1000,5,NULL,NULL,NULL,NULL,NULL,NULL,NULL,'2023-12-02 06:47:18',NULL,NULL,NULL,'2023-12-02 06:45:21','2023-12-02 06:47:18'),(407,4,17,3,'KGS',1000000,6,NULL,NULL,NULL,'1233455555',NULL,NULL,NULL,NULL,NULL,NULL,NULL,'2023-12-02 08:19:52','2023-12-02 08:20:19'),(408,54,114,2,'KGS',1000,5,NULL,NULL,NULL,NULL,NULL,NULL,NULL,'2023-12-02 08:47:24',NULL,NULL,NULL,'2023-12-02 08:46:00','2023-12-02 08:47:24'),(409,28,66,2,'KGS',100,5,NULL,NULL,NULL,NULL,NULL,NULL,NULL,'2023-12-02 08:52:58',NULL,NULL,NULL,'2023-12-02 08:49:31','2023-12-02 08:52:58'),(410,52,112,2,'KGS',1000,5,NULL,NULL,NULL,NULL,NULL,NULL,NULL,'2023-12-02 09:02:06',NULL,NULL,NULL,'2023-12-02 08:59:14','2023-12-02 09:02:06'),(411,28,66,2,'KGS',1000,5,NULL,NULL,NULL,NULL,NULL,NULL,NULL,'2023-12-02 09:14:32',NULL,NULL,NULL,'2023-12-02 09:13:09','2023-12-02 09:14:32'),(412,52,112,2,'KGS',1000,5,NULL,NULL,NULL,NULL,NULL,NULL,NULL,'2023-12-02 09:28:40',NULL,NULL,NULL,'2023-12-02 09:26:42','2023-12-02 09:28:40'),(413,36,78,2,'KGS',500,5,NULL,NULL,NULL,NULL,NULL,NULL,NULL,'2023-12-02 10:05:25',NULL,NULL,NULL,'2023-12-02 10:01:58','2023-12-02 10:05:25'),(414,52,112,3,'KGS',5500,0,NULL,NULL,NULL,'4169585359587580',NULL,NULL,NULL,NULL,NULL,NULL,NULL,'2023-12-02 10:58:03','2023-12-02 10:58:03'),(415,66,170,2,'KGS',500,5,NULL,NULL,NULL,NULL,NULL,NULL,NULL,'2023-12-02 11:08:24',NULL,NULL,NULL,'2023-12-02 11:07:09','2023-12-02 11:08:24'),(416,52,112,3,'KGS',5500,6,NULL,NULL,NULL,'4169585359587580',NULL,NULL,NULL,NULL,NULL,NULL,NULL,'2023-12-02 11:18:02','2023-12-02 11:18:18'),(417,59,259,3,'KGS',5000,6,NULL,NULL,NULL,'4177490170536801',NULL,NULL,NULL,NULL,NULL,NULL,NULL,'2023-12-02 11:49:26','2023-12-02 11:49:59'),(418,28,66,2,'KGS',524,5,NULL,NULL,NULL,NULL,NULL,NULL,NULL,'2023-12-02 11:56:04',NULL,NULL,NULL,'2023-12-02 11:54:08','2023-12-02 11:56:04'),(419,52,112,2,'KGS',1000,5,NULL,NULL,NULL,NULL,NULL,NULL,NULL,'2023-12-02 12:40:30',NULL,NULL,NULL,'2023-12-02 12:37:21','2023-12-02 12:40:30'),(420,59,260,3,'KGS',5000,6,NULL,NULL,NULL,'4169585354297533',NULL,NULL,NULL,NULL,NULL,NULL,NULL,'2023-12-02 13:24:07','2023-12-02 13:26:02'),(421,28,66,2,'KGS',1000,5,NULL,NULL,NULL,NULL,NULL,NULL,NULL,'2023-12-02 13:49:23',NULL,NULL,NULL,'2023-12-02 13:46:38','2023-12-02 13:49:23'),(422,61,161,2,'KGS',7000,5,NULL,NULL,NULL,NULL,NULL,NULL,NULL,'2023-12-02 14:23:10',NULL,NULL,NULL,'2023-12-02 14:21:53','2023-12-02 14:23:10'),(423,28,66,3,'KGS',1082,5,NULL,NULL,NULL,'0508122222',NULL,NULL,NULL,'2023-12-02 14:26:20',NULL,NULL,NULL,'2023-12-02 14:21:56','2023-12-02 14:26:20'),(424,59,261,3,'KGS',4800,5,NULL,NULL,NULL,'4169585354297433',NULL,NULL,NULL,'2023-12-02 14:40:24',NULL,NULL,NULL,'2023-12-02 14:34:43','2023-12-02 14:40:24'),(425,73,182,3,'KGS',2000,5,NULL,NULL,NULL,'4446791055317562',NULL,NULL,NULL,'2023-12-02 14:49:21',NULL,NULL,NULL,'2023-12-02 14:44:29','2023-12-02 14:49:21'),(426,66,170,2,'KGS',1000,5,NULL,NULL,NULL,NULL,NULL,NULL,NULL,'2023-12-02 14:55:13',NULL,NULL,NULL,'2023-12-02 14:54:06','2023-12-02 14:55:13'),(427,28,66,2,'KGS',400,5,NULL,NULL,NULL,NULL,NULL,NULL,NULL,'2023-12-02 15:16:11',NULL,NULL,NULL,'2023-12-02 15:14:01','2023-12-02 15:16:11'),(428,28,66,3,'KGS',1000,5,NULL,NULL,NULL,'0508122222',NULL,NULL,NULL,'2023-12-02 16:03:28',NULL,NULL,NULL,'2023-12-02 15:53:15','2023-12-02 16:03:28'),(429,38,80,2,'KGS',4200,5,NULL,NULL,NULL,NULL,NULL,NULL,NULL,'2023-12-02 16:38:47',NULL,NULL,NULL,'2023-12-02 16:37:46','2023-12-02 16:38:47'),(430,28,66,2,'KGS',500,5,NULL,NULL,NULL,NULL,NULL,NULL,NULL,'2023-12-02 17:03:45',NULL,NULL,NULL,'2023-12-02 17:02:56','2023-12-02 17:03:45'),(431,38,80,2,'KGS',5000,5,NULL,NULL,NULL,NULL,NULL,NULL,NULL,'2023-12-02 17:04:44',NULL,NULL,NULL,'2023-12-02 17:03:57','2023-12-02 17:04:44'),(432,73,182,2,'KGS',500,5,NULL,NULL,NULL,NULL,NULL,NULL,NULL,'2023-12-02 17:23:17',NULL,NULL,NULL,'2023-12-02 17:21:54','2023-12-02 17:23:17'),(433,73,182,2,'KGS',500,5,NULL,NULL,NULL,NULL,NULL,NULL,NULL,'2023-12-02 17:28:25',NULL,NULL,NULL,'2023-12-02 17:27:17','2023-12-02 17:28:25'),(434,28,66,3,'KGS',1000,5,NULL,NULL,NULL,'0508122222 ед.',NULL,NULL,NULL,'2023-12-02 18:22:52',NULL,NULL,NULL,'2023-12-02 18:19:43','2023-12-02 18:22:52'),(435,73,182,2,'KGS',535,5,NULL,NULL,NULL,NULL,NULL,NULL,NULL,'2023-12-02 18:40:53',NULL,NULL,NULL,'2023-12-02 18:23:58','2023-12-02 18:40:53'),(436,84,262,1,'USDT-TRC20',8000,6,NULL,NULL,'TRgk5ad4tzVu4pkJhj3TqjdkFhTxUYY8Ac','4169585354297433',NULL,NULL,NULL,NULL,NULL,NULL,NULL,'2023-12-02 18:34:34','2023-12-02 18:35:00'),(437,38,80,2,'KGS',5000,5,NULL,NULL,NULL,NULL,NULL,NULL,NULL,'2023-12-02 19:07:30',NULL,NULL,NULL,'2023-12-02 19:06:46','2023-12-02 19:07:30'),(438,42,90,2,'KGS',600,5,NULL,NULL,NULL,NULL,NULL,NULL,NULL,'2023-12-02 19:15:39',NULL,NULL,NULL,'2023-12-02 19:13:24','2023-12-02 19:15:39'),(439,50,107,2,'KGS',1380,5,NULL,NULL,NULL,NULL,NULL,NULL,NULL,'2023-12-02 19:26:57',NULL,NULL,NULL,'2023-12-02 19:23:02','2023-12-02 19:26:57'),(440,60,123,2,'KGS',1000,5,NULL,NULL,NULL,NULL,NULL,NULL,NULL,'2023-12-02 19:49:59',NULL,NULL,NULL,'2023-12-02 19:47:50','2023-12-02 19:49:59'),(441,85,264,2,'KGS',1000,5,NULL,NULL,NULL,NULL,NULL,NULL,NULL,'2023-12-02 20:47:41',NULL,NULL,NULL,'2023-12-02 20:45:56','2023-12-02 20:47:41'),(442,60,123,2,'KGS',1000,5,NULL,NULL,NULL,NULL,NULL,NULL,NULL,'2023-12-02 21:03:29',NULL,NULL,NULL,'2023-12-02 21:01:29','2023-12-02 21:03:29'),(443,28,66,3,'KGS',1000,5,NULL,NULL,NULL,'0508122222 ед.',NULL,NULL,NULL,'2023-12-02 21:14:14',NULL,NULL,NULL,'2023-12-02 21:12:57','2023-12-02 21:14:14'),(444,85,264,2,'KGS',1000,5,NULL,NULL,NULL,NULL,NULL,NULL,NULL,'2023-12-02 21:15:22',NULL,NULL,NULL,'2023-12-02 21:13:41','2023-12-02 21:15:22'),(445,38,80,2,'KGS',5000,5,NULL,NULL,NULL,NULL,NULL,NULL,NULL,'2023-12-02 21:18:14',NULL,NULL,NULL,'2023-12-02 21:17:22','2023-12-02 21:18:14'),(446,38,80,2,'KGS',5000,5,NULL,NULL,NULL,NULL,NULL,NULL,NULL,'2023-12-02 21:22:05',NULL,NULL,NULL,'2023-12-02 21:21:27','2023-12-02 21:22:05'),(447,38,80,2,'KGS',10000,5,NULL,NULL,NULL,NULL,NULL,NULL,NULL,'2023-12-02 21:41:09',NULL,NULL,NULL,'2023-12-02 21:40:01','2023-12-02 21:41:09'),(448,60,123,2,'KGS',1000,5,NULL,NULL,NULL,NULL,NULL,NULL,NULL,'2023-12-02 22:50:09',NULL,NULL,NULL,'2023-12-02 22:49:08','2023-12-02 22:50:09'),(449,60,123,2,'KGS',500,5,NULL,NULL,NULL,NULL,NULL,NULL,NULL,'2023-12-02 23:32:58',NULL,NULL,NULL,'2023-12-02 23:27:24','2023-12-02 23:32:58'),(450,58,118,3,'KGS',2000,6,NULL,NULL,NULL,'Wallet one 0554545835',NULL,NULL,NULL,NULL,NULL,NULL,NULL,'2023-12-03 05:30:44','2023-12-03 06:51:32'),(451,66,170,2,'KGS',500,5,NULL,NULL,NULL,NULL,NULL,NULL,NULL,'2023-12-03 07:24:18',NULL,NULL,NULL,'2023-12-03 07:23:22','2023-12-03 07:24:18'),(452,28,66,3,'KGS',470,5,NULL,NULL,NULL,'0508122222 ед.',NULL,NULL,NULL,'2023-12-03 07:56:57',NULL,NULL,NULL,'2023-12-03 07:26:54','2023-12-03 07:56:57'),(453,45,94,3,'KGS',11000,6,NULL,NULL,NULL,'+996706641001 мбанк',NULL,NULL,NULL,NULL,NULL,NULL,NULL,'2023-12-03 07:52:58','2023-12-03 08:13:36'),(454,50,107,2,'KGS',2000,5,NULL,NULL,NULL,NULL,NULL,NULL,NULL,'2023-12-03 09:07:56',NULL,NULL,NULL,'2023-12-03 08:54:42','2023-12-03 09:07:56'),(455,50,107,2,'KGS',2000,6,NULL,NULL,NULL,NULL,NULL,NULL,NULL,NULL,NULL,NULL,NULL,'2023-12-03 09:05:52','2023-12-03 09:08:27'),(456,73,182,2,'KGS',1030,5,NULL,NULL,NULL,NULL,NULL,NULL,NULL,'2023-12-03 09:44:36',NULL,NULL,NULL,'2023-12-03 09:42:26','2023-12-03 09:44:36'),(457,22,55,2,'KGS',550,5,NULL,NULL,NULL,NULL,NULL,NULL,NULL,'2023-12-03 10:07:50',NULL,NULL,NULL,'2023-12-03 09:44:59','2023-12-03 10:07:50'),(458,65,168,2,'KGS',4000,5,NULL,NULL,NULL,NULL,NULL,NULL,NULL,'2023-12-03 10:07:15',NULL,NULL,NULL,'2023-12-03 10:04:00','2023-12-03 10:07:15'),(459,52,112,2,'KGS',1000,5,NULL,NULL,NULL,NULL,NULL,NULL,NULL,'2023-12-03 10:45:39',NULL,NULL,NULL,'2023-12-03 10:37:50','2023-12-03 10:45:39'),(460,60,123,2,'KGS',1000,5,NULL,NULL,NULL,NULL,NULL,NULL,NULL,'2023-12-03 10:56:04',NULL,NULL,NULL,'2023-12-03 10:54:56','2023-12-03 10:56:04'),(461,73,182,2,'KGS',500,5,NULL,NULL,NULL,NULL,NULL,NULL,NULL,'2023-12-03 11:06:58',NULL,NULL,NULL,'2023-12-03 11:06:07','2023-12-03 11:06:58'),(462,22,55,2,'KGS',780,5,NULL,NULL,NULL,NULL,NULL,NULL,NULL,'2023-12-03 11:19:25',NULL,NULL,NULL,'2023-12-03 11:18:18','2023-12-03 11:19:25'),(463,22,55,3,'KGS',780,0,NULL,NULL,NULL,'Мбанк 0555698501',NULL,NULL,NULL,NULL,NULL,NULL,NULL,'2023-12-03 11:29:34','2023-12-03 11:29:34'),(464,28,66,2,'KGS',500,5,NULL,NULL,NULL,NULL,NULL,NULL,NULL,'2023-12-03 11:45:04',NULL,NULL,NULL,'2023-12-03 11:30:13','2023-12-03 11:45:04'),(465,65,168,2,'KGS',3000,5,NULL,NULL,NULL,NULL,NULL,NULL,NULL,'2023-12-03 11:46:00',NULL,NULL,NULL,'2023-12-03 11:44:38','2023-12-03 11:46:00'),(466,73,182,2,'KGS',800,5,NULL,NULL,NULL,NULL,NULL,NULL,NULL,'2023-12-03 12:49:33',NULL,NULL,NULL,'2023-12-03 12:39:12','2023-12-03 12:49:33'),(467,20,50,3,'KGS',1865,5,NULL,NULL,NULL,'4169585343268842',NULL,NULL,NULL,'2023-12-03 13:35:55',NULL,NULL,NULL,'2023-12-03 13:29:57','2023-12-03 13:35:55'),(468,54,114,2,'KGS',1000,5,NULL,NULL,NULL,NULL,NULL,NULL,NULL,'2023-12-03 14:27:45',NULL,NULL,NULL,'2023-12-03 14:26:38','2023-12-03 14:27:45'),(469,54,114,2,'KGS',2000,5,NULL,NULL,NULL,NULL,NULL,NULL,NULL,'2023-12-03 14:35:26',NULL,NULL,NULL,'2023-12-03 14:34:11','2023-12-03 14:35:26'),(470,66,170,2,'KGS',500,5,NULL,NULL,NULL,NULL,NULL,NULL,NULL,'2023-12-03 14:59:50',NULL,NULL,NULL,'2023-12-03 14:58:56','2023-12-03 14:59:50'),(471,84,270,2,'KGS',500,0,NULL,NULL,NULL,NULL,NULL,NULL,NULL,NULL,NULL,NULL,NULL,'2023-12-03 15:44:34','2023-12-03 15:44:34'),(472,84,271,2,'KGS',3000,6,NULL,NULL,NULL,NULL,NULL,NULL,NULL,NULL,NULL,NULL,NULL,'2023-12-03 15:45:37','2023-12-03 15:46:47'),(473,60,123,2,'KGS',1000,5,NULL,NULL,NULL,NULL,NULL,NULL,NULL,'2023-12-03 16:04:56',NULL,NULL,NULL,'2023-12-03 16:01:25','2023-12-03 16:04:56'),(474,38,80,2,'KGS',3000,5,NULL,NULL,NULL,NULL,NULL,NULL,NULL,'2023-12-03 16:17:32',NULL,NULL,NULL,'2023-12-03 16:14:57','2023-12-03 16:17:32'),(475,38,80,2,'KGS',3000,5,NULL,NULL,NULL,NULL,NULL,NULL,NULL,'2023-12-03 16:24:41',NULL,NULL,NULL,'2023-12-03 16:23:38','2023-12-03 16:24:41'),(476,38,80,2,'KGS',5000,5,NULL,NULL,NULL,NULL,NULL,NULL,NULL,'2023-12-03 16:38:45',NULL,NULL,NULL,'2023-12-03 16:37:11','2023-12-03 16:38:45'),(477,61,161,2,'KGS',1300,5,NULL,NULL,NULL,NULL,NULL,NULL,NULL,'2023-12-03 17:26:29',NULL,NULL,NULL,'2023-12-03 17:24:41','2023-12-03 17:26:29'),(478,73,182,2,'KGS',636,5,NULL,NULL,NULL,NULL,NULL,NULL,NULL,'2023-12-03 18:24:56',NULL,NULL,NULL,'2023-12-03 18:23:32','2023-12-03 18:24:56'),(479,54,114,3,'KGS',10000,5,NULL,NULL,NULL,'4169585342961520',NULL,NULL,NULL,'2023-12-03 18:27:21',NULL,NULL,NULL,'2023-12-03 18:25:38','2023-12-03 18:27:21'),(480,37,79,2,'KGS',495,5,NULL,NULL,NULL,NULL,NULL,NULL,NULL,'2023-12-03 18:55:18',NULL,NULL,NULL,'2023-12-03 18:34:09','2023-12-03 18:55:18'),(481,54,114,2,'KGS',2000,5,NULL,NULL,NULL,NULL,NULL,NULL,NULL,'2023-12-03 19:35:09',NULL,NULL,NULL,'2023-12-03 19:34:15','2023-12-03 19:35:09'),(482,74,186,2,'KGS',500,5,NULL,NULL,NULL,NULL,NULL,NULL,NULL,'2023-12-03 19:41:04',NULL,NULL,NULL,'2023-12-03 19:36:02','2023-12-03 19:41:04'),(483,31,71,2,'KGS',5000,5,NULL,NULL,NULL,NULL,NULL,NULL,NULL,'2023-12-03 19:42:56',NULL,NULL,NULL,'2023-12-03 19:38:41','2023-12-03 19:42:56'),(484,54,114,2,'KGS',2000,5,NULL,NULL,NULL,NULL,NULL,NULL,NULL,'2023-12-03 19:48:04',NULL,NULL,NULL,'2023-12-03 19:46:47','2023-12-03 19:48:04'),(485,31,71,2,'KGS',5000,5,NULL,NULL,NULL,NULL,NULL,NULL,NULL,'2023-12-03 20:34:18',NULL,NULL,NULL,'2023-12-03 20:32:56','2023-12-03 20:34:18'),(486,31,71,2,'KGS',3000,5,NULL,NULL,NULL,NULL,NULL,NULL,NULL,'2023-12-03 20:38:52',NULL,NULL,NULL,'2023-12-03 20:35:15','2023-12-03 20:38:52'),(487,38,80,3,'KGS',40000,5,NULL,NULL,NULL,'4169585348863019',NULL,NULL,NULL,'2023-12-03 21:33:26',NULL,NULL,NULL,'2023-12-03 21:06:53','2023-12-03 21:33:26'),(488,31,71,2,'KGS',4500,5,NULL,NULL,NULL,NULL,NULL,NULL,NULL,'2023-12-03 21:33:24',NULL,NULL,NULL,'2023-12-03 21:30:46','2023-12-03 21:33:24'),(489,45,94,2,'KGS',1000,5,NULL,NULL,NULL,NULL,NULL,NULL,NULL,'2023-12-03 22:49:35',NULL,NULL,NULL,'2023-12-03 22:47:26','2023-12-03 22:49:35'),(490,73,182,2,'KGS',662,5,NULL,NULL,NULL,NULL,NULL,NULL,NULL,'2023-12-03 23:31:00',NULL,NULL,NULL,'2023-12-03 23:30:14','2023-12-03 23:31:00'),(491,73,182,2,'KGS',500,0,NULL,NULL,NULL,NULL,NULL,NULL,NULL,NULL,NULL,NULL,NULL,'2023-12-03 23:52:53','2023-12-03 23:52:53'),(492,73,182,2,'KGS',500,5,NULL,NULL,NULL,NULL,NULL,NULL,NULL,'2023-12-04 03:35:15',NULL,NULL,NULL,'2023-12-03 23:53:15','2023-12-04 03:35:16'),(493,45,94,3,'KGS',7000,0,NULL,NULL,NULL,'0706641001 мбанк',NULL,NULL,NULL,NULL,NULL,NULL,NULL,'2023-12-03 23:58:02','2023-12-03 23:58:02'),(494,31,71,2,'KGS',1000,5,NULL,NULL,NULL,NULL,NULL,NULL,NULL,'2023-12-04 04:17:26',NULL,NULL,NULL,'2023-12-04 03:30:20','2023-12-04 04:17:26'),(495,54,114,2,'KGS',1000,5,NULL,NULL,NULL,NULL,NULL,NULL,NULL,'2023-12-04 03:34:54',NULL,NULL,NULL,'2023-12-04 03:33:22','2023-12-04 03:34:54'),(496,64,160,2,'KGS',500,0,NULL,NULL,NULL,NULL,NULL,NULL,NULL,NULL,NULL,NULL,NULL,'2023-12-04 05:10:24','2023-12-04 05:10:24'),(497,54,114,2,'KGS',1600,5,NULL,NULL,NULL,NULL,NULL,NULL,NULL,'2023-12-04 05:42:08',NULL,NULL,NULL,'2023-12-04 05:41:12','2023-12-04 05:42:08'),(498,54,114,2,'KGS',2000,5,NULL,NULL,NULL,NULL,NULL,NULL,NULL,'2023-12-04 05:55:11',NULL,NULL,NULL,'2023-12-04 05:54:05','2023-12-04 05:55:11'),(499,54,114,2,'KGS',1600,5,NULL,NULL,NULL,NULL,NULL,NULL,NULL,'2023-12-04 06:07:33',NULL,NULL,NULL,'2023-12-04 06:06:35','2023-12-04 06:07:33'),(500,54,114,2,'KGS',1600,5,NULL,NULL,NULL,NULL,NULL,NULL,NULL,'2023-12-04 06:20:52',NULL,NULL,NULL,'2023-12-04 06:20:20','2023-12-04 06:20:52'),(501,54,114,2,'KGS',1600,5,NULL,NULL,NULL,NULL,NULL,NULL,NULL,'2023-12-04 06:39:48',NULL,NULL,NULL,'2023-12-04 06:38:43','2023-12-04 06:39:48'),(502,66,170,2,'KGS',500,5,NULL,NULL,NULL,NULL,NULL,NULL,NULL,'2023-12-04 07:25:29',NULL,NULL,NULL,'2023-12-04 07:21:06','2023-12-04 07:25:29'),(503,52,112,2,'KGS',1000,5,NULL,NULL,NULL,NULL,NULL,NULL,NULL,'2023-12-04 07:25:56',NULL,NULL,NULL,'2023-12-04 07:24:11','2023-12-04 07:25:56'),(504,42,90,2,'KGS',600,5,NULL,NULL,NULL,NULL,NULL,NULL,NULL,'2023-12-04 09:14:08',NULL,NULL,NULL,'2023-12-04 09:11:43','2023-12-04 09:14:08'),(505,42,90,2,'KGS',600,5,NULL,NULL,NULL,NULL,NULL,NULL,NULL,'2023-12-04 09:16:03',NULL,NULL,NULL,'2023-12-04 09:14:28','2023-12-04 09:16:03'),(506,64,160,2,'KGS',1000,0,NULL,NULL,NULL,NULL,NULL,NULL,NULL,NULL,NULL,NULL,NULL,'2023-12-04 10:10:35','2023-12-04 10:10:35'),(507,54,114,2,'KGS',1600,5,NULL,NULL,NULL,NULL,NULL,NULL,NULL,'2023-12-04 10:32:44',NULL,NULL,NULL,'2023-12-04 10:31:43','2023-12-04 10:32:44'),(508,45,94,2,'KGS',1300,5,NULL,NULL,NULL,NULL,NULL,NULL,NULL,'2023-12-04 10:51:45',NULL,NULL,NULL,'2023-12-04 10:48:22','2023-12-04 10:51:45'),(509,52,112,2,'KGS',1000,5,NULL,NULL,NULL,NULL,NULL,NULL,NULL,'2023-12-04 11:09:20',NULL,NULL,NULL,'2023-12-04 11:06:40','2023-12-04 11:09:20'),(510,45,94,2,'KGS',1000,5,NULL,NULL,NULL,NULL,NULL,NULL,NULL,'2023-12-04 11:08:52',NULL,NULL,NULL,'2023-12-04 11:07:04','2023-12-04 11:08:52'),(511,74,186,2,'KGS',500,0,NULL,NULL,NULL,NULL,NULL,NULL,NULL,NULL,NULL,NULL,NULL,'2023-12-04 11:21:58','2023-12-04 11:21:58'),(512,50,110,2,'KGS',1480,5,NULL,NULL,NULL,NULL,NULL,NULL,NULL,'2023-12-04 11:55:59',NULL,NULL,NULL,'2023-12-04 11:53:48','2023-12-04 11:55:59'),(513,31,71,2,'KGS',1000,0,NULL,NULL,NULL,NULL,NULL,NULL,NULL,NULL,NULL,NULL,NULL,'2023-12-04 12:27:18','2023-12-04 12:27:18'),(514,65,168,2,'KGS',4000,5,NULL,NULL,NULL,NULL,NULL,NULL,NULL,'2023-12-04 13:53:01',NULL,NULL,NULL,'2023-12-04 13:51:53','2023-12-04 13:53:01'),(515,24,58,2,'KGS',1600,0,NULL,NULL,NULL,NULL,NULL,NULL,NULL,NULL,NULL,NULL,NULL,'2023-12-04 14:02:46','2023-12-04 14:02:46'),(516,24,58,2,'KGS',1600,5,NULL,NULL,NULL,NULL,NULL,NULL,NULL,'2023-12-04 14:05:28',NULL,NULL,NULL,'2023-12-04 14:03:02','2023-12-04 14:05:28'),(517,50,107,2,'KGS',1000,5,NULL,NULL,NULL,NULL,NULL,NULL,NULL,'2023-12-04 14:42:27',NULL,NULL,NULL,'2023-12-04 14:41:41','2023-12-04 14:42:27'),(518,46,176,2,'KGS',3000,0,NULL,NULL,NULL,NULL,NULL,NULL,NULL,NULL,NULL,NULL,NULL,'2023-12-04 15:52:19','2023-12-04 15:52:19'),(519,46,176,2,'KGS',3000,5,NULL,NULL,NULL,NULL,NULL,NULL,NULL,'2023-12-04 15:58:04',NULL,NULL,NULL,'2023-12-04 15:52:54','2023-12-04 15:58:04'),(520,38,80,2,'KGS',3000,5,NULL,NULL,NULL,NULL,NULL,NULL,NULL,'2023-12-04 16:17:29',NULL,NULL,NULL,'2023-12-04 16:16:12','2023-12-04 16:17:29'),(521,52,112,2,'KGS',1000,5,NULL,NULL,NULL,NULL,NULL,NULL,NULL,'2023-12-04 16:32:29',NULL,NULL,NULL,'2023-12-04 16:30:21','2023-12-04 16:32:29'),(522,6,11,3,'KGS',100,6,NULL,NULL,NULL,'112233',NULL,NULL,NULL,NULL,NULL,NULL,NULL,'2023-12-04 16:33:35','2023-12-04 16:33:43'),(523,38,80,2,'KGS',4000,5,NULL,NULL,NULL,NULL,NULL,NULL,NULL,'2023-12-04 16:53:30',NULL,NULL,NULL,'2023-12-04 16:51:51','2023-12-04 16:53:30'),(524,38,80,2,'KGS',5000,5,NULL,NULL,NULL,NULL,NULL,NULL,NULL,'2023-12-04 16:59:03',NULL,NULL,NULL,'2023-12-04 16:57:27','2023-12-04 16:59:03'),(525,38,80,2,'KGS',5000,5,NULL,NULL,NULL,NULL,NULL,NULL,NULL,'2023-12-04 17:05:40',NULL,NULL,NULL,'2023-12-04 17:03:41','2023-12-04 17:05:40'),(526,60,123,2,'KGS',830,5,NULL,NULL,NULL,NULL,NULL,NULL,NULL,'2023-12-04 17:22:23',NULL,NULL,NULL,'2023-12-04 17:19:52','2023-12-04 17:22:23'),(527,28,66,3,'KGS',500,5,NULL,NULL,NULL,'0508122222 ед.',NULL,NULL,NULL,'2023-12-04 17:36:40',NULL,NULL,NULL,'2023-12-04 17:32:22','2023-12-04 17:36:40'),(528,52,112,2,'KGS',500,5,NULL,NULL,NULL,NULL,NULL,NULL,NULL,'2023-12-04 17:35:02',NULL,NULL,NULL,'2023-12-04 17:33:33','2023-12-04 17:35:02'),(529,31,71,2,'KGS',2000,5,NULL,NULL,NULL,NULL,NULL,NULL,NULL,'2023-12-04 17:51:23',NULL,NULL,NULL,'2023-12-04 17:49:34','2023-12-04 17:51:23'),(530,31,71,2,'KGS',1200,5,NULL,NULL,NULL,NULL,NULL,NULL,NULL,'2023-12-04 18:00:14',NULL,NULL,NULL,'2023-12-04 17:57:25','2023-12-04 18:00:14'),(531,60,123,2,'KGS',1000,5,NULL,NULL,NULL,NULL,NULL,NULL,NULL,'2023-12-04 18:13:20',NULL,NULL,NULL,'2023-12-04 18:12:22','2023-12-04 18:13:20'),(532,38,80,2,'KGS',5000,5,NULL,NULL,NULL,NULL,NULL,NULL,NULL,'2023-12-04 18:33:34',NULL,NULL,NULL,'2023-12-04 18:31:38','2023-12-04 18:33:34'),(533,38,80,2,'KGS',5000,5,NULL,NULL,NULL,NULL,NULL,NULL,NULL,'2023-12-04 18:39:14',NULL,NULL,NULL,'2023-12-04 18:38:18','2023-12-04 18:39:14'),(534,38,80,2,'KGS',5000,5,NULL,NULL,NULL,NULL,NULL,NULL,NULL,'2023-12-04 18:49:59',NULL,NULL,NULL,'2023-12-04 18:48:57','2023-12-04 18:49:59'),(535,38,80,2,'KGS',5000,5,NULL,NULL,NULL,NULL,NULL,NULL,NULL,'2023-12-04 19:11:27',NULL,NULL,NULL,'2023-12-04 19:10:15','2023-12-04 19:11:27'),(536,54,114,3,'KGS',20000,6,NULL,NULL,NULL,'4169585342961520',NULL,NULL,NULL,NULL,NULL,NULL,NULL,'2023-12-04 20:33:20','2023-12-04 20:33:55'),(537,60,123,2,'KGS',500,5,NULL,NULL,NULL,NULL,NULL,NULL,NULL,'2023-12-05 00:12:14',NULL,NULL,NULL,'2023-12-04 23:59:30','2023-12-05 00:12:14'),(538,30,70,2,'KGS',1000,0,NULL,NULL,NULL,NULL,NULL,NULL,NULL,NULL,NULL,NULL,NULL,'2023-12-05 01:04:10','2023-12-05 01:04:10'),(539,54,114,3,'KGS',20000,0,NULL,NULL,NULL,'4169585342961520',NULL,NULL,NULL,NULL,NULL,NULL,NULL,'2023-12-05 02:16:52','2023-12-05 02:16:52'),(540,64,160,2,'KGS',500,5,NULL,NULL,NULL,NULL,NULL,NULL,NULL,'2023-12-05 03:33:33',NULL,NULL,NULL,'2023-12-05 03:27:28','2023-12-05 03:33:33'),(541,54,114,3,'KGS',4.16959e15,6,NULL,NULL,NULL,'4169585342961520',NULL,NULL,NULL,NULL,NULL,NULL,NULL,'2023-12-05 04:21:04','2023-12-05 04:25:19'),(542,60,123,2,'KGS',1000,5,NULL,NULL,NULL,NULL,NULL,NULL,NULL,'2023-12-05 04:24:58',NULL,NULL,NULL,'2023-12-05 04:23:18','2023-12-05 04:24:58'),(543,64,160,2,'KGS',500,5,NULL,NULL,NULL,NULL,NULL,NULL,NULL,'2023-12-05 07:37:02',NULL,NULL,NULL,'2023-12-05 07:35:33','2023-12-05 07:37:02'),(544,45,94,2,'KGS',1200,5,NULL,NULL,NULL,NULL,NULL,NULL,NULL,'2023-12-05 08:44:10',NULL,NULL,NULL,'2023-12-05 08:41:55','2023-12-05 08:44:10'),(545,38,80,3,'KGS',24000,5,NULL,NULL,NULL,'4169585348863019',NULL,NULL,NULL,'2023-12-05 08:50:04',NULL,NULL,NULL,'2023-12-05 08:48:31','2023-12-05 08:50:04'),(546,52,112,2,'KGS',500,5,NULL,NULL,NULL,NULL,NULL,NULL,NULL,'2023-12-05 11:10:55',NULL,NULL,NULL,'2023-12-05 11:09:32','2023-12-05 11:10:55'),(547,50,109,2,'KGS',750,5,NULL,NULL,NULL,NULL,NULL,NULL,NULL,'2023-12-05 12:24:51',NULL,NULL,NULL,'2023-12-05 12:20:47','2023-12-05 12:24:51'),(548,50,109,2,'KGS',400,5,NULL,NULL,NULL,NULL,NULL,NULL,NULL,'2023-12-05 12:33:14',NULL,NULL,NULL,'2023-12-05 12:25:23','2023-12-05 12:33:14'),(549,54,114,2,'KGS',1600,5,NULL,NULL,NULL,NULL,NULL,NULL,NULL,'2023-12-05 13:39:47',NULL,NULL,NULL,'2023-12-05 13:38:17','2023-12-05 13:39:47'),(550,54,114,3,'KGS',10000,5,NULL,NULL,NULL,'4169585342961520',NULL,NULL,NULL,'2023-12-05 14:57:28',NULL,NULL,NULL,'2023-12-05 14:55:04','2023-12-05 14:57:28'),(551,54,114,2,'KGS',2000,5,NULL,NULL,NULL,NULL,NULL,NULL,NULL,'2023-12-05 15:45:49',NULL,NULL,NULL,'2023-12-05 15:45:12','2023-12-05 15:45:49'),(552,50,107,2,'KGS',600,5,NULL,NULL,NULL,NULL,NULL,NULL,NULL,'2023-12-05 16:29:31',NULL,NULL,NULL,'2023-12-05 16:27:23','2023-12-05 16:29:31'),(553,45,94,2,'KGS',1800,5,NULL,NULL,NULL,NULL,NULL,NULL,NULL,'2023-12-05 16:30:19',NULL,NULL,NULL,'2023-12-05 16:27:49','2023-12-05 16:30:19'),(554,54,114,3,'KGS',12000,5,NULL,NULL,NULL,'4169585342961520',NULL,NULL,NULL,'2023-12-05 16:39:01',NULL,NULL,NULL,'2023-12-05 16:37:54','2023-12-05 16:39:01'),(555,45,94,2,'KGS',1400,5,NULL,NULL,NULL,NULL,NULL,NULL,NULL,'2023-12-05 16:47:36',NULL,NULL,NULL,'2023-12-05 16:44:38','2023-12-05 16:47:36'),(556,74,186,2,'KGS',500,5,NULL,NULL,NULL,NULL,NULL,NULL,NULL,'2023-12-05 17:20:44',NULL,NULL,NULL,'2023-12-05 17:13:01','2023-12-05 17:20:44'),(557,61,178,2,'KGS',8000,5,NULL,NULL,NULL,NULL,NULL,NULL,NULL,'2023-12-05 17:17:58',NULL,NULL,NULL,'2023-12-05 17:15:09','2023-12-05 17:17:58'),(558,38,80,2,'KGS',4000,5,NULL,NULL,NULL,NULL,NULL,NULL,NULL,'2023-12-05 18:21:56',NULL,NULL,NULL,'2023-12-05 18:17:57','2023-12-05 18:21:56'),(559,54,114,2,'KGS',2000,5,NULL,NULL,NULL,NULL,NULL,NULL,NULL,'2023-12-05 19:01:13',NULL,NULL,NULL,'2023-12-05 18:48:58','2023-12-05 19:01:13'),(560,54,114,2,'KGS',2000,5,NULL,NULL,NULL,NULL,NULL,NULL,NULL,'2023-12-05 19:06:15',NULL,NULL,NULL,'2023-12-05 19:05:07','2023-12-05 19:06:15'),(561,74,186,2,'KGS',500,5,NULL,NULL,NULL,NULL,NULL,NULL,NULL,'2023-12-05 19:46:27',NULL,NULL,NULL,'2023-12-05 19:39:37','2023-12-05 19:46:27'),(562,65,168,2,'KGS',1000,5,NULL,NULL,NULL,NULL,NULL,NULL,NULL,'2023-12-05 22:22:29',NULL,NULL,NULL,'2023-12-05 22:21:10','2023-12-05 22:22:29'),(563,74,186,3,'KGS',1500,5,NULL,NULL,NULL,'w1 996999997099',NULL,NULL,NULL,'2023-12-05 22:44:21',NULL,NULL,NULL,'2023-12-05 22:42:50','2023-12-05 22:44:21'),(564,28,66,2,'KGS',500,5,NULL,NULL,NULL,NULL,NULL,NULL,NULL,'2023-12-06 05:21:02',NULL,NULL,NULL,'2023-12-06 04:43:38','2023-12-06 05:21:02'),(565,65,168,2,'KGS',4000,6,NULL,NULL,NULL,NULL,NULL,NULL,NULL,NULL,NULL,NULL,NULL,'2023-12-06 05:11:23','2023-12-06 05:20:10'),(566,65,168,2,'KGS',3960,5,NULL,NULL,NULL,NULL,NULL,NULL,NULL,'2023-12-06 05:20:06',NULL,NULL,NULL,'2023-12-06 05:16:32','2023-12-06 05:20:06'),(567,52,112,2,'KGS',1000,5,NULL,NULL,NULL,NULL,NULL,NULL,NULL,'2023-12-06 05:31:52',NULL,NULL,NULL,'2023-12-06 05:30:09','2023-12-06 05:31:52'),(568,54,114,2,'KGS',2,0,NULL,NULL,NULL,NULL,NULL,NULL,NULL,NULL,NULL,NULL,NULL,'2023-12-06 06:03:07','2023-12-06 06:03:07'),(569,54,114,2,'KGS',2000,5,NULL,NULL,NULL,NULL,NULL,NULL,NULL,'2023-12-06 06:10:46',NULL,NULL,NULL,'2023-12-06 06:03:26','2023-12-06 06:10:46'),(570,43,91,2,'KGS',500,5,NULL,NULL,NULL,NULL,NULL,NULL,NULL,'2023-12-06 06:13:46',NULL,NULL,NULL,'2023-12-06 06:06:06','2023-12-06 06:13:46'),(571,50,108,2,'KGS',1180,5,NULL,NULL,NULL,NULL,NULL,NULL,NULL,'2023-12-06 06:48:34',NULL,NULL,NULL,'2023-12-06 06:45:29','2023-12-06 06:48:34'),(572,43,91,2,'KGS',500,5,NULL,NULL,NULL,NULL,NULL,NULL,NULL,'2023-12-06 07:24:54',NULL,NULL,NULL,'2023-12-06 07:06:36','2023-12-06 07:24:54'),(573,54,114,2,'KGS',2000,5,NULL,NULL,NULL,NULL,NULL,NULL,NULL,'2023-12-06 07:52:24',NULL,NULL,NULL,'2023-12-06 07:51:17','2023-12-06 07:52:24'),(574,54,114,2,'KGS',4000,5,NULL,NULL,NULL,NULL,NULL,NULL,NULL,'2023-12-06 08:09:14',NULL,NULL,NULL,'2023-12-06 08:02:41','2023-12-06 08:09:14'),(575,52,112,2,'KGS',1000,5,NULL,NULL,NULL,NULL,NULL,NULL,NULL,'2023-12-06 08:27:28',NULL,NULL,NULL,'2023-12-06 08:25:26','2023-12-06 08:27:28'),(576,54,114,2,'KGS',2000,5,NULL,NULL,NULL,NULL,NULL,NULL,NULL,'2023-12-06 09:03:53',NULL,NULL,NULL,'2023-12-06 09:02:10','2023-12-06 09:03:53'),(577,74,186,2,'KGS',500,5,NULL,NULL,NULL,NULL,NULL,NULL,NULL,'2023-12-06 09:12:26',NULL,NULL,NULL,'2023-12-06 09:10:09','2023-12-06 09:12:26'),(578,54,114,2,'KGS',2000,5,NULL,NULL,NULL,NULL,NULL,NULL,NULL,'2023-12-06 10:01:14',NULL,NULL,NULL,'2023-12-06 09:59:59','2023-12-06 10:01:14'),(579,60,123,2,'KGS',910,5,NULL,NULL,NULL,NULL,NULL,NULL,NULL,'2023-12-06 10:12:22',NULL,NULL,NULL,'2023-12-06 10:09:20','2023-12-06 10:12:22'),(580,60,123,2,'KGS',1000,5,NULL,NULL,NULL,NULL,NULL,NULL,NULL,'2023-12-06 11:02:06',NULL,NULL,NULL,'2023-12-06 10:58:03','2023-12-06 11:02:06'),(581,43,91,2,'KGS',500,5,NULL,NULL,NULL,NULL,NULL,NULL,NULL,'2023-12-06 11:27:08',NULL,NULL,NULL,'2023-12-06 11:23:38','2023-12-06 11:27:08'),(582,43,91,2,'KGS',600,5,NULL,NULL,NULL,NULL,NULL,NULL,NULL,'2023-12-06 11:42:55',NULL,NULL,NULL,'2023-12-06 11:40:39','2023-12-06 11:42:55'),(583,60,123,2,'KGS',500,5,NULL,NULL,NULL,NULL,NULL,NULL,NULL,'2023-12-06 11:54:54',NULL,NULL,NULL,'2023-12-06 11:46:16','2023-12-06 11:54:54'),(584,54,114,2,'KGS',2000,5,NULL,NULL,NULL,NULL,NULL,NULL,NULL,'2023-12-06 12:15:55',NULL,NULL,NULL,'2023-12-06 12:15:11','2023-12-06 12:15:55'),(585,65,168,3,'KGS',200,6,NULL,NULL,NULL,'219072',NULL,NULL,NULL,NULL,NULL,NULL,NULL,'2023-12-06 12:58:45','2023-12-06 13:05:23'),(586,65,168,3,'KGS',20000,0,NULL,NULL,NULL,'4169585343970520',NULL,NULL,NULL,NULL,NULL,NULL,NULL,'2023-12-06 13:04:43','2023-12-06 13:04:43'),(587,65,168,3,'KGS',20000,6,NULL,NULL,NULL,'4169585343970520',NULL,NULL,NULL,NULL,NULL,NULL,NULL,'2023-12-06 13:06:50','2023-12-06 13:37:47'),(588,65,168,3,'KGS',20000,6,NULL,NULL,NULL,'219072 айди карта4169585343970520',NULL,NULL,NULL,NULL,NULL,NULL,NULL,'2023-12-06 13:22:14','2023-12-06 13:37:40'),(589,24,58,2,'KGS',1900,5,NULL,NULL,NULL,NULL,NULL,NULL,NULL,'2023-12-06 14:21:00',NULL,NULL,NULL,'2023-12-06 14:19:38','2023-12-06 14:21:00'),(590,24,58,2,'KGS',4600,5,NULL,NULL,NULL,NULL,NULL,NULL,NULL,'2023-12-06 14:45:45',NULL,NULL,NULL,'2023-12-06 14:42:38','2023-12-06 14:45:45'),(591,54,114,2,'KGS',2000,5,NULL,NULL,NULL,NULL,NULL,NULL,NULL,'2023-12-06 15:22:00',NULL,NULL,NULL,'2023-12-06 15:20:49','2023-12-06 15:22:00'),(592,54,114,2,'KGS',2000,5,NULL,NULL,NULL,NULL,NULL,NULL,NULL,'2023-12-06 15:41:34',NULL,NULL,NULL,'2023-12-06 15:36:38','2023-12-06 15:41:34'),(593,24,58,3,'KGS',80,5,NULL,NULL,NULL,'4169585358860665',NULL,NULL,NULL,'2023-12-06 15:48:12',NULL,NULL,NULL,'2023-12-06 15:41:31','2023-12-06 15:48:12'),(594,54,114,2,'KGS',2000,5,NULL,NULL,NULL,NULL,NULL,NULL,NULL,'2023-12-06 16:09:35',NULL,NULL,NULL,'2023-12-06 16:07:54','2023-12-06 16:09:35'),(595,54,114,2,'KGS',2000,5,NULL,NULL,NULL,NULL,NULL,NULL,NULL,'2023-12-06 16:26:33',NULL,NULL,NULL,'2023-12-06 16:24:05','2023-12-06 16:26:33'),(596,60,123,2,'KGS',500,5,NULL,NULL,NULL,NULL,NULL,NULL,NULL,'2023-12-06 17:13:41',NULL,NULL,NULL,'2023-12-06 17:12:10','2023-12-06 17:13:41'),(597,38,80,2,'KGS',3000,5,NULL,NULL,NULL,NULL,NULL,NULL,NULL,'2023-12-06 17:58:08',NULL,NULL,NULL,'2023-12-06 17:56:19','2023-12-06 17:58:08'),(598,38,80,2,'KGS',5000,5,NULL,NULL,NULL,NULL,NULL,NULL,NULL,'2023-12-06 18:08:06',NULL,NULL,NULL,'2023-12-06 18:03:42','2023-12-06 18:08:06'),(599,38,80,2,'KGS',5000,5,NULL,NULL,NULL,NULL,NULL,NULL,NULL,'2023-12-06 18:23:05',NULL,NULL,NULL,'2023-12-06 18:22:27','2023-12-06 18:23:05'),(600,38,80,2,'KGS',5000,5,NULL,NULL,NULL,NULL,NULL,NULL,NULL,'2023-12-06 18:37:47',NULL,NULL,NULL,'2023-12-06 18:35:51','2023-12-06 18:37:47'),(601,74,186,2,'KGS',500,5,NULL,NULL,NULL,NULL,NULL,NULL,NULL,'2023-12-06 19:21:43',NULL,NULL,NULL,'2023-12-06 18:46:18','2023-12-06 19:21:43'),(602,38,80,2,'KGS',3000,5,NULL,NULL,NULL,NULL,NULL,NULL,NULL,'2023-12-06 19:27:02',NULL,NULL,NULL,'2023-12-06 19:25:53','2023-12-06 19:27:02'),(603,38,80,2,'KGS',9000,5,NULL,NULL,NULL,NULL,NULL,NULL,NULL,'2023-12-06 20:12:12',NULL,NULL,NULL,'2023-12-06 20:06:46','2023-12-06 20:12:12'),(604,24,58,2,'KGS',2000,5,NULL,NULL,NULL,NULL,NULL,NULL,NULL,'2023-12-06 21:04:25',NULL,NULL,NULL,'2023-12-06 20:57:22','2023-12-06 21:04:25'),(605,24,58,3,'KGS',16100,5,NULL,NULL,NULL,'4169585358860665',NULL,NULL,NULL,'2023-12-06 21:56:53',NULL,NULL,NULL,'2023-12-06 21:54:10','2023-12-06 21:56:53'),(606,45,94,2,'KGS',1000,5,NULL,NULL,NULL,NULL,NULL,NULL,NULL,'2023-12-06 22:23:49',NULL,NULL,NULL,'2023-12-06 22:20:44','2023-12-06 22:23:49'),(607,60,123,2,'KGS',500,5,NULL,NULL,NULL,NULL,NULL,NULL,NULL,'2023-12-06 22:51:26',NULL,NULL,NULL,'2023-12-06 22:49:17','2023-12-06 22:51:26'),(608,61,178,2,'KGS',5000,5,NULL,NULL,NULL,NULL,NULL,NULL,NULL,'2023-12-07 06:07:40',NULL,NULL,NULL,'2023-12-07 06:00:55','2023-12-07 06:07:40'),(609,52,112,2,'KGS',1000,5,NULL,NULL,NULL,NULL,NULL,NULL,NULL,'2023-12-07 07:09:50',NULL,NULL,NULL,'2023-12-07 07:08:26','2023-12-07 07:09:50'),(610,64,160,2,'KGS',500,5,NULL,NULL,NULL,NULL,NULL,NULL,NULL,'2023-12-07 09:11:42',NULL,NULL,NULL,'2023-12-07 09:07:59','2023-12-07 09:11:42'),(611,45,94,2,'KGS',1000,5,NULL,NULL,NULL,NULL,NULL,NULL,NULL,'2023-12-07 09:17:59',NULL,NULL,NULL,'2023-12-07 09:15:55','2023-12-07 09:17:59'),(612,52,112,2,'KGS',1600,5,NULL,NULL,NULL,NULL,NULL,NULL,NULL,'2023-12-07 10:28:28',NULL,NULL,NULL,'2023-12-07 10:27:01','2023-12-07 10:28:28'),(613,24,58,2,'KGS',6000,5,NULL,NULL,NULL,NULL,NULL,NULL,NULL,'2023-12-07 10:37:27',NULL,NULL,NULL,'2023-12-07 10:35:19','2023-12-07 10:37:27'),(614,50,108,2,'KGS',700,5,NULL,NULL,NULL,NULL,NULL,NULL,NULL,'2023-12-07 11:00:38',NULL,NULL,NULL,'2023-12-07 10:59:40','2023-12-07 11:00:38'),(615,52,112,2,'KGS',1500,5,NULL,NULL,NULL,NULL,NULL,NULL,NULL,'2023-12-07 11:16:20',NULL,NULL,NULL,'2023-12-07 11:15:16','2023-12-07 11:16:20'),(616,24,58,2,'KGS',100,5,NULL,NULL,NULL,NULL,NULL,NULL,NULL,'2023-12-07 11:30:50',NULL,NULL,NULL,'2023-12-07 11:29:38','2023-12-07 11:30:50'),(617,45,94,2,'KGS',3000,5,NULL,NULL,NULL,NULL,NULL,NULL,NULL,'2023-12-07 11:31:53',NULL,NULL,NULL,'2023-12-07 11:30:23','2023-12-07 11:31:53'),(618,54,114,2,'KGS',1000,5,NULL,NULL,NULL,NULL,NULL,NULL,NULL,'2023-12-07 11:38:51',NULL,NULL,NULL,'2023-12-07 11:38:00','2023-12-07 11:38:51'),(619,45,94,2,'KGS',3000,5,NULL,NULL,NULL,NULL,NULL,NULL,NULL,'2023-12-07 11:59:15',NULL,NULL,NULL,'2023-12-07 11:57:12','2023-12-07 11:59:15'),(620,45,94,2,'KGS',900,5,NULL,NULL,NULL,NULL,NULL,NULL,NULL,'2023-12-07 12:03:53',NULL,NULL,NULL,'2023-12-07 12:01:56','2023-12-07 12:03:53'),(621,61,178,2,'KGS',2000,5,NULL,NULL,NULL,NULL,NULL,NULL,NULL,'2023-12-07 12:53:18',NULL,NULL,NULL,'2023-12-07 12:22:30','2023-12-07 12:53:18'),(622,61,178,3,'KGS',6000,5,NULL,NULL,NULL,'4169 5853 5585 0164',NULL,NULL,NULL,'2023-12-07 14:55:42',NULL,NULL,NULL,'2023-12-07 14:54:31','2023-12-07 14:55:42'),(623,54,114,2,'KGS',2000,5,NULL,NULL,NULL,NULL,NULL,NULL,NULL,'2023-12-07 15:41:04',NULL,NULL,NULL,'2023-12-07 15:39:18','2023-12-07 15:41:04'),(624,61,178,2,'KGS',3000,5,NULL,NULL,NULL,NULL,NULL,NULL,NULL,'2023-12-07 16:06:24',NULL,NULL,NULL,'2023-12-07 16:03:55','2023-12-07 16:06:24'),(625,54,114,2,'KGS',4000,5,NULL,NULL,NULL,NULL,NULL,NULL,NULL,'2023-12-07 16:11:47',NULL,NULL,NULL,'2023-12-07 16:05:37','2023-12-07 16:11:47'),(626,65,168,2,'KGS',2000,5,NULL,NULL,NULL,NULL,NULL,NULL,NULL,'2023-12-07 16:08:09',NULL,NULL,NULL,'2023-12-07 16:06:13','2023-12-07 16:08:09'),(627,74,186,2,'KGS',500,5,NULL,NULL,NULL,NULL,NULL,NULL,NULL,'2023-12-07 17:09:58',NULL,NULL,NULL,'2023-12-07 16:48:18','2023-12-07 17:09:58'),(628,61,178,2,'KGS',10000,5,NULL,NULL,NULL,NULL,NULL,NULL,NULL,'2023-12-07 17:38:45',NULL,NULL,NULL,'2023-12-07 17:35:28','2023-12-07 17:38:45'),(629,38,80,2,'KGS',9000,5,NULL,NULL,NULL,NULL,NULL,NULL,NULL,'2023-12-07 17:41:11',NULL,NULL,NULL,'2023-12-07 17:40:12','2023-12-07 17:41:11'),(630,54,114,2,'KGS',1000,5,NULL,NULL,NULL,NULL,NULL,NULL,NULL,'2023-12-07 18:19:06',NULL,NULL,NULL,'2023-12-07 18:18:31','2023-12-07 18:19:06'),(631,38,80,2,'KGS',9000,5,NULL,NULL,NULL,NULL,NULL,NULL,NULL,'2023-12-07 18:44:25',NULL,NULL,NULL,'2023-12-07 18:42:34','2023-12-07 18:44:25'),(632,50,110,2,'KGS',2450,5,NULL,NULL,NULL,NULL,NULL,NULL,NULL,'2023-12-07 20:21:37',NULL,NULL,NULL,'2023-12-07 20:19:28','2023-12-07 20:21:37'),(633,74,186,3,'KGS',1000,6,NULL,NULL,NULL,'w1 996999997099',NULL,NULL,NULL,NULL,NULL,NULL,NULL,'2023-12-07 21:34:44','2023-12-07 21:35:13'),(634,74,186,3,'KGS',980,6,NULL,NULL,NULL,'w1 996999997099',NULL,NULL,NULL,NULL,NULL,NULL,NULL,'2023-12-07 21:37:44','2023-12-07 21:38:54'),(635,50,107,2,'KGS',2220,5,NULL,NULL,NULL,NULL,NULL,NULL,NULL,'2023-12-07 23:06:02',NULL,NULL,NULL,'2023-12-07 23:05:07','2023-12-07 23:06:02'),(636,74,186,2,'KGS',500,5,NULL,NULL,NULL,NULL,NULL,NULL,NULL,'2023-12-08 06:01:25',NULL,NULL,NULL,'2023-12-08 05:10:11','2023-12-08 06:01:25'),(637,46,176,2,'KGS',2000,5,NULL,NULL,NULL,NULL,NULL,NULL,NULL,'2023-12-08 07:11:29',NULL,NULL,NULL,'2023-12-08 07:06:31','2023-12-08 07:11:29'),(638,9,18,3,'KGS',5000,5,NULL,NULL,NULL,'0551530365 мбанк',NULL,NULL,NULL,'2023-12-08 08:32:01',NULL,NULL,NULL,'2023-12-08 08:18:16','2023-12-08 08:32:01'),(639,52,112,2,'KGS',1000,5,NULL,NULL,NULL,NULL,NULL,NULL,NULL,'2023-12-08 08:28:08',NULL,NULL,NULL,'2023-12-08 08:19:29','2023-12-08 08:28:08'),(640,50,107,2,'KGS',500,5,NULL,NULL,NULL,NULL,NULL,NULL,NULL,'2023-12-08 09:14:28',NULL,NULL,NULL,'2023-12-08 09:11:45','2023-12-08 09:14:28'),(641,52,112,2,'KGS',1000,5,NULL,NULL,NULL,NULL,NULL,NULL,NULL,'2023-12-08 09:27:34',NULL,NULL,NULL,'2023-12-08 09:25:19','2023-12-08 09:27:34'),(642,64,160,2,'KGS',500,5,NULL,NULL,NULL,NULL,NULL,NULL,NULL,'2023-12-08 11:28:00',NULL,NULL,NULL,'2023-12-08 11:23:29','2023-12-08 11:28:00'),(643,52,112,2,'KGS',1600,5,NULL,NULL,NULL,NULL,NULL,NULL,NULL,'2023-12-08 11:54:30',NULL,NULL,NULL,'2023-12-08 11:53:42','2023-12-08 11:54:30'),(644,74,186,3,'KGS',2200,5,NULL,NULL,NULL,'w1 996999997099',NULL,NULL,NULL,'2023-12-08 11:58:10',NULL,NULL,NULL,'2023-12-08 11:54:57','2023-12-08 11:58:10'),(645,54,114,2,'KGS',2000,5,NULL,NULL,NULL,NULL,NULL,NULL,NULL,'2023-12-08 13:20:54',NULL,NULL,NULL,'2023-12-08 13:19:28','2023-12-08 13:20:54'),(646,38,80,2,'KGS',5000,5,NULL,NULL,NULL,NULL,NULL,NULL,NULL,'2023-12-08 14:02:52',NULL,NULL,NULL,'2023-12-08 13:59:44','2023-12-08 14:02:52'),(647,38,80,2,'KGS',5000,5,NULL,NULL,NULL,NULL,NULL,NULL,NULL,'2023-12-08 14:31:16',NULL,NULL,NULL,'2023-12-08 14:22:53','2023-12-08 14:31:16'),(648,38,80,2,'KGS',5000,5,NULL,NULL,NULL,NULL,NULL,NULL,NULL,'2023-12-08 14:44:23',NULL,NULL,NULL,'2023-12-08 14:43:26','2023-12-08 14:44:23'),(649,38,80,2,'KGS',5000,5,NULL,NULL,NULL,NULL,NULL,NULL,NULL,'2023-12-08 14:49:45',NULL,NULL,NULL,'2023-12-08 14:49:07','2023-12-08 14:49:45'),(650,38,80,2,'KGS',5000,5,NULL,NULL,NULL,NULL,NULL,NULL,NULL,'2023-12-08 14:52:39',NULL,NULL,NULL,'2023-12-08 14:51:52','2023-12-08 14:52:39'),(651,38,80,2,'KGS',5000,5,NULL,NULL,NULL,NULL,NULL,NULL,NULL,'2023-12-08 14:57:01',NULL,NULL,NULL,'2023-12-08 14:56:07','2023-12-08 14:57:01'),(652,43,91,2,'KGS',500,5,NULL,NULL,NULL,NULL,NULL,NULL,NULL,'2023-12-08 16:35:33',NULL,NULL,NULL,'2023-12-08 16:33:12','2023-12-08 16:35:33'),(653,65,168,2,'KGS',1000,5,NULL,NULL,NULL,NULL,NULL,NULL,NULL,'2023-12-08 16:54:42',NULL,NULL,NULL,'2023-12-08 16:53:49','2023-12-08 16:54:42'),(654,43,91,3,'KGS',2700,6,NULL,NULL,NULL,'996706122215 \nМбанк',NULL,NULL,NULL,NULL,NULL,NULL,NULL,'2023-12-08 17:06:05','2023-12-08 17:08:55'),(655,60,123,2,'KGS',500,5,NULL,NULL,NULL,NULL,NULL,NULL,NULL,'2023-12-08 17:47:18',NULL,NULL,NULL,'2023-12-08 17:43:13','2023-12-08 17:47:18'),(656,61,178,2,'KGS',4000,5,NULL,NULL,NULL,NULL,NULL,NULL,NULL,'2023-12-08 17:53:43',NULL,NULL,NULL,'2023-12-08 17:52:26','2023-12-08 17:53:43'),(657,61,178,2,'KGS',4200,5,NULL,NULL,NULL,NULL,NULL,NULL,NULL,'2023-12-08 18:31:13',NULL,NULL,NULL,'2023-12-08 18:16:13','2023-12-08 18:31:13'),(658,52,112,2,'KGS',1000,5,NULL,NULL,NULL,NULL,NULL,NULL,NULL,'2023-12-08 18:20:42',NULL,NULL,NULL,'2023-12-08 18:18:53','2023-12-08 18:20:42'),(659,54,114,2,'KGS',2000,5,NULL,NULL,NULL,NULL,NULL,NULL,NULL,'2023-12-08 18:42:17',NULL,NULL,NULL,'2023-12-08 18:40:49','2023-12-08 18:42:17'),(660,54,114,2,'KGS',4,5,NULL,NULL,NULL,NULL,NULL,NULL,NULL,'2023-12-08 19:08:40',NULL,NULL,NULL,'2023-12-08 19:07:43','2023-12-08 19:08:40'),(661,60,123,2,'KGS',1000,5,NULL,NULL,NULL,NULL,NULL,NULL,NULL,'2023-12-09 01:29:59',NULL,NULL,NULL,'2023-12-09 01:27:03','2023-12-09 01:29:59'),(662,52,112,3,'KGS',2100,5,NULL,NULL,NULL,'4169585359587580',NULL,NULL,NULL,'2023-12-09 02:48:44',NULL,NULL,NULL,'2023-12-09 02:46:11','2023-12-09 02:48:44'),(663,43,91,2,'KGS',500,5,NULL,NULL,NULL,NULL,NULL,NULL,NULL,'2023-12-09 05:07:30',NULL,NULL,NULL,'2023-12-09 05:04:54','2023-12-09 05:07:30'),(664,65,168,2,'KGS',3000,5,NULL,NULL,NULL,NULL,NULL,NULL,NULL,'2023-12-09 05:24:12',NULL,NULL,NULL,'2023-12-09 05:23:21','2023-12-09 05:24:12'),(665,52,112,2,'KGS',1000,5,NULL,NULL,NULL,NULL,NULL,NULL,NULL,'2023-12-09 06:00:10',NULL,NULL,NULL,'2023-12-09 05:58:46','2023-12-09 06:00:10'),(666,52,112,2,'KGS',2000,5,NULL,NULL,NULL,NULL,NULL,NULL,NULL,'2023-12-09 06:18:21',NULL,NULL,NULL,'2023-12-09 06:17:12','2023-12-09 06:18:21'),(667,52,112,2,'KGS',1600,5,NULL,NULL,NULL,NULL,NULL,NULL,NULL,'2023-12-09 06:56:38',NULL,NULL,NULL,'2023-12-09 06:56:05','2023-12-09 06:56:38'),(668,65,168,2,'KGS',5000,5,NULL,NULL,NULL,NULL,NULL,NULL,NULL,'2023-12-09 13:50:27',NULL,NULL,NULL,'2023-12-09 13:34:00','2023-12-09 13:50:27'),(669,50,107,2,'KGS',1250,5,NULL,NULL,NULL,NULL,NULL,NULL,NULL,'2023-12-09 13:51:31',NULL,NULL,NULL,'2023-12-09 13:42:57','2023-12-09 13:51:31'),(670,50,107,2,'KGS',1250,5,NULL,NULL,NULL,NULL,NULL,NULL,NULL,'2023-12-09 13:52:08',NULL,NULL,NULL,'2023-12-09 13:48:07','2023-12-09 13:52:08'),(671,65,168,2,'KGS',5000,5,NULL,NULL,NULL,NULL,NULL,NULL,NULL,'2023-12-09 13:52:05',NULL,NULL,NULL,'2023-12-09 13:49:53','2023-12-09 13:52:05'),(672,50,107,2,'KGS',1000,5,NULL,NULL,NULL,NULL,NULL,NULL,NULL,'2023-12-09 14:06:17',NULL,NULL,NULL,'2023-12-09 14:04:18','2023-12-09 14:06:17'),(673,61,178,2,'KGS',5000,5,NULL,NULL,NULL,NULL,NULL,NULL,NULL,'2023-12-09 14:21:44',NULL,NULL,NULL,'2023-12-09 14:17:50','2023-12-09 14:21:44'),(674,50,107,2,'KGS',1500,5,NULL,NULL,NULL,NULL,NULL,NULL,NULL,'2023-12-09 14:37:45',NULL,NULL,NULL,'2023-12-09 14:35:51','2023-12-09 14:37:45'),(675,50,110,2,'KGS',1180,5,NULL,NULL,NULL,NULL,NULL,NULL,NULL,'2023-12-09 14:53:00',NULL,NULL,NULL,'2023-12-09 14:50:54','2023-12-09 14:53:00'),(676,38,80,2,'KGS',5000,5,NULL,NULL,NULL,NULL,NULL,NULL,NULL,'2023-12-09 16:47:45',NULL,NULL,NULL,'2023-12-09 16:47:17','2023-12-09 16:47:45'),(677,60,123,2,'KGS',500,0,NULL,NULL,NULL,NULL,NULL,NULL,NULL,NULL,NULL,NULL,NULL,'2023-12-09 18:06:11','2023-12-09 18:06:11'),(678,65,168,2,'KGS',3465,5,NULL,NULL,NULL,NULL,NULL,NULL,NULL,'2023-12-09 18:11:52',NULL,NULL,NULL,'2023-12-09 18:11:13','2023-12-09 18:11:52'),(679,38,80,2,'KGS',2000,5,NULL,NULL,NULL,NULL,NULL,NULL,NULL,'2023-12-09 19:35:00',NULL,NULL,NULL,'2023-12-09 19:33:36','2023-12-09 19:35:00'),(680,60,123,2,'KGS',500,5,NULL,NULL,NULL,NULL,NULL,NULL,NULL,'2023-12-09 20:39:45',NULL,NULL,NULL,'2023-12-09 20:32:42','2023-12-09 20:39:45'),(681,52,112,2,'KGS',1000,5,NULL,NULL,NULL,NULL,NULL,NULL,NULL,'2023-12-09 22:24:03',NULL,NULL,NULL,'2023-12-09 22:20:14','2023-12-09 22:24:03'),(682,60,123,2,'KGS',500,5,NULL,NULL,NULL,NULL,NULL,NULL,NULL,'2023-12-10 04:36:07',NULL,NULL,NULL,'2023-12-10 04:34:58','2023-12-10 04:36:07'),(683,65,168,2,'KGS',5000,5,NULL,NULL,NULL,NULL,NULL,NULL,NULL,'2023-12-10 04:46:29',NULL,NULL,NULL,'2023-12-10 04:45:32','2023-12-10 04:46:29'),(684,50,107,2,'KGS',550,5,NULL,NULL,NULL,NULL,NULL,NULL,NULL,'2023-12-10 06:05:23',NULL,NULL,NULL,'2023-12-10 06:01:38','2023-12-10 06:05:23'),(685,89,279,2,'KGS',500,0,NULL,NULL,NULL,NULL,NULL,NULL,NULL,NULL,NULL,NULL,NULL,'2023-12-10 06:26:01','2023-12-10 06:26:01'),(686,88,278,3,'KGS',100,6,NULL,NULL,NULL,'4169585348723072',NULL,NULL,NULL,NULL,NULL,NULL,NULL,'2023-12-10 06:35:57','2023-12-10 06:36:24'),(687,88,278,3,'KGS',10000,5,NULL,NULL,NULL,'4169585351325310',NULL,NULL,NULL,'2023-12-10 06:38:44',NULL,NULL,NULL,'2023-12-10 06:38:21','2023-12-10 06:38:44'),(688,94,283,2,'KGS',500,5,NULL,NULL,NULL,NULL,NULL,NULL,NULL,'2023-12-10 07:44:06',NULL,NULL,NULL,'2023-12-10 06:50:15','2023-12-10 07:44:06'),(689,97,294,2,'KGS',544,5,NULL,NULL,NULL,NULL,NULL,NULL,NULL,'2023-12-10 07:07:17',NULL,NULL,NULL,'2023-12-10 07:03:39','2023-12-10 07:07:17'),(690,98,295,1,'USDT-TRC20',500,6,NULL,NULL,'TWaC2Wd43ee3VNddYT375Zjj6AgWTAzGMj','0505212020',NULL,NULL,NULL,NULL,NULL,NULL,NULL,'2023-12-10 07:10:05','2023-12-10 07:10:30'),(691,94,283,2,'KGS',1000,5,NULL,NULL,NULL,NULL,NULL,NULL,NULL,'2023-12-10 08:22:39',NULL,NULL,NULL,'2023-12-10 08:21:50','2023-12-10 08:22:39'),(692,99,297,3,'KGS',1000,0,NULL,NULL,NULL,'4169 5853 4033 1320',NULL,NULL,NULL,NULL,NULL,NULL,NULL,'2023-12-10 09:10:30','2023-12-10 09:10:30'),(693,61,178,2,'KGS',4000,5,NULL,NULL,NULL,NULL,NULL,NULL,NULL,'2023-12-10 10:23:16',NULL,NULL,NULL,'2023-12-10 10:21:42','2023-12-10 10:23:16'),(694,24,58,2,'KGS',6000,5,NULL,NULL,NULL,NULL,NULL,NULL,NULL,'2023-12-10 10:46:13',NULL,NULL,NULL,'2023-12-10 10:43:11','2023-12-10 10:46:13'),(695,97,294,2,'KGS',500,0,NULL,NULL,NULL,NULL,NULL,NULL,NULL,NULL,NULL,NULL,NULL,'2023-12-10 10:50:03','2023-12-10 10:50:03'),(696,100,299,2,'KGS',1585,0,NULL,NULL,NULL,NULL,NULL,NULL,NULL,NULL,NULL,NULL,NULL,'2023-12-10 10:54:29','2023-12-10 10:54:29'),(697,34,87,2,'KGS',6000,5,NULL,NULL,NULL,NULL,NULL,NULL,NULL,'2023-12-10 11:03:14',NULL,NULL,NULL,'2023-12-10 11:01:12','2023-12-10 11:03:14'),(698,24,58,3,'KGS',3400,6,NULL,NULL,NULL,'4169585358860665',NULL,NULL,NULL,NULL,NULL,NULL,NULL,'2023-12-10 11:10:34','2023-12-10 11:12:45'),(699,24,58,3,'KGS',3400,5,NULL,NULL,NULL,'4169585358860665',NULL,NULL,NULL,'2023-12-10 11:16:52',NULL,NULL,NULL,'2023-12-10 11:14:10','2023-12-10 11:16:52'),(700,101,300,2,'KGS',4950,6,NULL,NULL,NULL,NULL,NULL,NULL,NULL,NULL,NULL,NULL,NULL,'2023-12-10 11:19:03','2023-12-10 11:21:42'),(701,101,304,2,'KGS',4950,5,NULL,NULL,NULL,NULL,NULL,NULL,NULL,'2023-12-10 11:26:12',NULL,NULL,NULL,'2023-12-10 11:24:22','2023-12-10 11:26:12'),(702,24,58,2,'KGS',25000,0,NULL,NULL,NULL,NULL,NULL,NULL,NULL,NULL,NULL,NULL,NULL,'2023-12-10 12:04:24','2023-12-10 12:04:24'),(703,24,58,3,'KGS',25000,5,NULL,NULL,NULL,'4169585358860665',NULL,NULL,NULL,'2023-12-10 12:06:36',NULL,NULL,NULL,'2023-12-10 12:04:44','2023-12-10 12:06:36'),(704,61,178,2,'KGS',8000,5,NULL,NULL,NULL,NULL,NULL,NULL,NULL,'2023-12-10 12:09:37',NULL,NULL,NULL,'2023-12-10 12:07:40','2023-12-10 12:09:37'),(705,61,178,2,'KGS',2800,5,NULL,NULL,NULL,NULL,NULL,NULL,NULL,'2023-12-10 13:14:44',NULL,NULL,NULL,'2023-12-10 13:13:03','2023-12-10 13:14:44'),(706,101,304,2,'KGS',2000,5,NULL,NULL,NULL,NULL,NULL,NULL,NULL,'2023-12-10 13:18:33',NULL,NULL,NULL,'2023-12-10 13:16:16','2023-12-10 13:18:33'),(707,65,168,2,'KGS',3200,5,NULL,NULL,NULL,NULL,NULL,NULL,NULL,'2023-12-10 13:57:21',NULL,NULL,NULL,'2023-12-10 13:54:17','2023-12-10 13:57:21'),(708,61,178,2,'KGS',1000,5,NULL,NULL,NULL,NULL,NULL,NULL,NULL,'2023-12-10 14:21:59',NULL,NULL,NULL,'2023-12-10 14:17:42','2023-12-10 14:21:59'),(709,101,301,2,'KGS',1000,5,NULL,NULL,NULL,NULL,NULL,NULL,NULL,'2023-12-10 14:45:30',NULL,NULL,NULL,'2023-12-10 14:29:02','2023-12-10 14:45:30'),(710,94,283,2,'KGS',500,5,NULL,NULL,NULL,NULL,NULL,NULL,NULL,'2023-12-10 15:39:00',NULL,NULL,NULL,'2023-12-10 15:38:17','2023-12-10 15:39:00'),(711,105,306,2,'KGS',3000,0,NULL,NULL,NULL,NULL,NULL,NULL,NULL,NULL,NULL,NULL,NULL,'2023-12-10 15:38:18','2023-12-10 15:38:18'),(712,95,284,2,'KGS',20000,5,NULL,NULL,NULL,NULL,NULL,NULL,NULL,'2023-12-10 16:55:13',NULL,NULL,NULL,'2023-12-10 16:31:50','2023-12-10 16:55:13'),(713,33,73,3,'KGS',13000,5,NULL,NULL,NULL,'4169585350000088',NULL,NULL,NULL,'2023-12-10 17:14:02',NULL,NULL,NULL,'2023-12-10 17:12:24','2023-12-10 17:14:02'),(714,105,306,2,'KGS',3000,5,NULL,NULL,NULL,NULL,NULL,NULL,NULL,'2023-12-10 17:59:32',NULL,NULL,NULL,'2023-12-10 17:56:03','2023-12-10 17:59:32'),(715,34,87,2,'KGS',5000,5,NULL,NULL,NULL,NULL,NULL,NULL,NULL,'2023-12-10 17:59:19',NULL,NULL,NULL,'2023-12-10 17:57:25','2023-12-10 17:59:19'),(716,24,58,2,'KGS',6000,5,NULL,NULL,NULL,NULL,NULL,NULL,NULL,'2023-12-10 18:31:03',NULL,NULL,NULL,'2023-12-10 18:28:56','2023-12-10 18:31:03'),(717,106,307,2,'KGS',1000,5,NULL,NULL,NULL,NULL,NULL,NULL,NULL,'2023-12-10 18:40:35',NULL,NULL,NULL,'2023-12-10 18:36:05','2023-12-10 18:40:35'),(718,103,308,2,'KGS',500,5,NULL,NULL,NULL,NULL,NULL,NULL,NULL,'2023-12-10 18:43:41',NULL,NULL,NULL,'2023-12-10 18:38:41','2023-12-10 18:43:41'),(719,96,293,2,'KGS',1000,5,NULL,NULL,NULL,NULL,NULL,NULL,NULL,'2023-12-10 19:31:32',NULL,NULL,NULL,'2023-12-10 19:30:37','2023-12-10 19:31:32'),(720,20,50,2,'KGS',2000,5,NULL,NULL,NULL,NULL,NULL,NULL,NULL,'2023-12-10 20:14:52',NULL,NULL,NULL,'2023-12-10 20:13:27','2023-12-10 20:14:52'),(721,25,59,2,'KGS',2000,0,NULL,NULL,NULL,NULL,NULL,NULL,NULL,NULL,NULL,NULL,NULL,'2023-12-10 20:23:38','2023-12-10 20:23:38'),(722,96,293,2,'KGS',3000,6,NULL,NULL,NULL,NULL,NULL,NULL,NULL,NULL,NULL,NULL,NULL,'2023-12-10 21:15:46','2023-12-10 21:17:20'),(723,96,293,2,'KGS',3000,5,NULL,NULL,NULL,NULL,NULL,NULL,NULL,'2023-12-10 21:18:27',NULL,NULL,NULL,'2023-12-10 21:17:55','2023-12-10 21:18:27'),(724,103,308,2,'KGS',500,5,NULL,NULL,NULL,NULL,NULL,NULL,NULL,'2023-12-10 21:29:03',NULL,NULL,NULL,'2023-12-10 21:25:23','2023-12-10 21:29:03'),(725,103,308,2,'KGS',1000,5,NULL,NULL,NULL,NULL,NULL,NULL,NULL,'2023-12-10 21:43:19',NULL,NULL,NULL,'2023-12-10 21:40:24','2023-12-10 21:43:19'),(726,30,70,2,'KGS',1000,0,NULL,NULL,NULL,NULL,NULL,NULL,NULL,NULL,NULL,NULL,NULL,'2023-12-10 22:22:06','2023-12-10 22:22:06'),(727,20,50,3,'KGS',2000,5,NULL,NULL,NULL,'4169585343268842',NULL,NULL,NULL,'2023-12-10 23:28:07',NULL,NULL,NULL,'2023-12-10 23:21:37','2023-12-10 23:28:07'),(728,34,87,2,'KGS',9000,5,NULL,NULL,NULL,NULL,NULL,NULL,NULL,'2023-12-10 23:36:03',NULL,NULL,NULL,'2023-12-10 23:31:17','2023-12-10 23:36:03'),(729,60,123,2,'KGS',1000,5,NULL,NULL,NULL,NULL,NULL,NULL,NULL,'2023-12-11 00:19:55',NULL,NULL,NULL,'2023-12-11 00:06:52','2023-12-11 00:19:55'),(730,34,87,3,'KGS',22700,5,NULL,NULL,NULL,'4169 5853 5112 1164',NULL,NULL,NULL,'2023-12-11 02:31:18',NULL,NULL,NULL,'2023-12-11 02:30:30','2023-12-11 02:31:18'),(731,99,297,3,'KGS',2000,5,NULL,NULL,NULL,'4169585340331320',NULL,NULL,NULL,'2023-12-11 04:06:31',NULL,NULL,NULL,'2023-12-11 04:05:24','2023-12-11 04:06:31'),(732,110,323,2,'KGS',1000,6,NULL,NULL,NULL,NULL,NULL,NULL,NULL,NULL,NULL,NULL,NULL,'2023-12-11 04:10:54','2023-12-11 04:11:35'),(733,25,59,2,'KGS',2000,0,NULL,NULL,NULL,NULL,NULL,NULL,NULL,NULL,NULL,NULL,NULL,'2023-12-11 04:26:45','2023-12-11 04:26:45'),(734,25,59,2,'KGS',2000,5,NULL,NULL,NULL,NULL,NULL,NULL,NULL,'2023-12-11 04:31:01',NULL,NULL,NULL,'2023-12-11 04:27:06','2023-12-11 04:31:01'),(735,25,59,2,'KGS',1000,5,NULL,NULL,NULL,NULL,NULL,NULL,NULL,'2023-12-11 05:15:27',NULL,NULL,NULL,'2023-12-11 05:13:21','2023-12-11 05:15:27'),(736,25,59,2,'KGS',3000,5,NULL,NULL,NULL,NULL,NULL,NULL,NULL,'2023-12-11 05:26:47',NULL,NULL,NULL,'2023-12-11 05:24:38','2023-12-11 05:26:47'),(737,65,168,2,'KGS',4000,5,NULL,NULL,NULL,NULL,NULL,NULL,NULL,'2023-12-11 05:33:56',NULL,NULL,NULL,'2023-12-11 05:32:38','2023-12-11 05:33:56'),(738,65,168,2,'KGS',3000,5,NULL,NULL,NULL,NULL,NULL,NULL,NULL,'2023-12-11 05:39:12',NULL,NULL,NULL,'2023-12-11 05:37:59','2023-12-11 05:39:12'),(739,43,91,2,'KGS',500,5,NULL,NULL,NULL,NULL,NULL,NULL,NULL,'2023-12-11 07:16:10',NULL,NULL,NULL,'2023-12-11 07:13:07','2023-12-11 07:16:10'),(740,43,91,2,'KGS',500,0,NULL,NULL,NULL,NULL,NULL,NULL,NULL,NULL,NULL,NULL,NULL,'2023-12-11 08:32:19','2023-12-11 08:32:19'),(741,103,308,2,'KGS',2000,5,NULL,NULL,NULL,NULL,NULL,NULL,NULL,'2023-12-11 09:02:30',NULL,NULL,NULL,'2023-12-11 08:58:52','2023-12-11 09:02:30'),(742,103,308,2,'KGS',1600,5,NULL,NULL,NULL,NULL,NULL,NULL,NULL,'2023-12-11 09:07:40',NULL,NULL,NULL,'2023-12-11 09:05:56','2023-12-11 09:07:40'),(743,43,91,2,'KGS',500,5,NULL,NULL,NULL,NULL,NULL,NULL,NULL,'2023-12-11 09:13:21',NULL,NULL,NULL,'2023-12-11 09:11:36','2023-12-11 09:13:21'),(744,101,304,2,'KGS',1000,0,NULL,NULL,NULL,NULL,NULL,NULL,NULL,NULL,NULL,NULL,NULL,'2023-12-11 09:20:18','2023-12-11 09:20:18'),(745,101,304,2,'KGS',1000,5,NULL,NULL,NULL,NULL,NULL,NULL,NULL,'2023-12-11 09:23:15',NULL,NULL,NULL,'2023-12-11 09:21:01','2023-12-11 09:23:15'),(746,52,112,2,'KGS',1600,5,NULL,NULL,NULL,NULL,NULL,NULL,NULL,'2023-12-11 09:38:02',NULL,NULL,NULL,'2023-12-11 09:36:49','2023-12-11 09:38:02'),(747,52,112,2,'KGS',1600,5,NULL,NULL,NULL,NULL,NULL,NULL,NULL,'2023-12-11 09:44:39',NULL,NULL,NULL,'2023-12-11 09:43:54','2023-12-11 09:44:39'),(748,64,160,2,'KGS',1000,5,NULL,NULL,NULL,NULL,NULL,NULL,NULL,'2023-12-11 09:59:31',NULL,NULL,NULL,'2023-12-11 09:56:39','2023-12-11 09:59:31'),(749,74,186,2,'KGS',500,0,NULL,NULL,NULL,NULL,NULL,NULL,NULL,NULL,NULL,NULL,NULL,'2023-12-11 10:01:05','2023-12-11 10:01:05'),(750,61,178,2,'KGS',5000,5,NULL,NULL,NULL,NULL,NULL,NULL,NULL,'2023-12-11 10:25:09',NULL,NULL,NULL,'2023-12-11 10:23:18','2023-12-11 10:25:09'),(751,61,178,2,'KGS',10500,5,NULL,NULL,NULL,NULL,NULL,NULL,NULL,'2023-12-11 10:56:01',NULL,NULL,NULL,'2023-12-11 10:54:16','2023-12-11 10:56:01'),(752,52,112,2,'KGS',3000,5,NULL,NULL,NULL,NULL,NULL,NULL,NULL,'2023-12-11 11:19:44',NULL,NULL,NULL,'2023-12-11 11:18:16','2023-12-11 11:19:44'),(753,105,306,2,'KGS',4000,5,NULL,NULL,NULL,NULL,NULL,NULL,NULL,'2023-12-11 12:55:26',NULL,NULL,NULL,'2023-12-11 12:53:08','2023-12-11 12:55:26'),(754,106,307,2,'KGS',1000,5,NULL,NULL,NULL,NULL,NULL,NULL,NULL,'2023-12-11 13:27:11',NULL,NULL,NULL,'2023-12-11 13:23:49','2023-12-11 13:27:11'),(755,50,107,2,'KGS',2480,5,NULL,NULL,NULL,NULL,NULL,NULL,NULL,'2023-12-11 14:47:18',NULL,NULL,NULL,'2023-12-11 14:45:46','2023-12-11 14:47:18'),(756,65,168,2,'KGS',2970,5,NULL,NULL,NULL,NULL,NULL,NULL,NULL,'2023-12-11 16:25:19',NULL,NULL,NULL,'2023-12-11 16:24:30','2023-12-11 16:25:19'),(757,34,87,2,'KGS',9000,5,NULL,NULL,NULL,NULL,NULL,NULL,NULL,'2023-12-11 16:28:05',NULL,NULL,NULL,'2023-12-11 16:24:53','2023-12-11 16:28:05'),(758,61,178,2,'KGS',10000,5,NULL,NULL,NULL,NULL,NULL,NULL,NULL,'2023-12-11 16:31:17',NULL,NULL,NULL,'2023-12-11 16:28:19','2023-12-11 16:31:17'),(759,34,87,2,'KGS',9000,5,NULL,NULL,NULL,NULL,NULL,NULL,NULL,'2023-12-11 16:42:13',NULL,NULL,NULL,'2023-12-11 16:40:36','2023-12-11 16:42:13'),(760,54,114,2,'KGS',1000,5,NULL,NULL,NULL,NULL,NULL,NULL,NULL,'2023-12-11 16:52:04',NULL,NULL,NULL,'2023-12-11 16:51:29','2023-12-11 16:52:04'),(761,54,114,2,'KGS',600,5,NULL,NULL,NULL,NULL,NULL,NULL,NULL,'2023-12-11 16:54:50',NULL,NULL,NULL,'2023-12-11 16:54:20','2023-12-11 16:54:50'),(762,54,114,2,'KGS',2600,5,NULL,NULL,NULL,NULL,NULL,NULL,NULL,'2023-12-11 17:20:44',NULL,NULL,NULL,'2023-12-11 16:59:31','2023-12-11 17:20:44'),(763,61,178,3,'KGS',15000,5,NULL,NULL,NULL,'4169 5853 5585 0164',NULL,NULL,NULL,'2023-12-11 17:22:19',NULL,NULL,NULL,'2023-12-11 17:20:06','2023-12-11 17:22:19'),(764,33,73,3,'KGS',6500,5,NULL,NULL,NULL,'4169585350000088',NULL,NULL,NULL,'2023-12-11 17:24:32',NULL,NULL,NULL,'2023-12-11 17:23:53','2023-12-11 17:24:32'),(765,61,178,2,'KGS',8000,5,NULL,NULL,NULL,NULL,NULL,NULL,NULL,'2023-12-11 17:38:55',NULL,NULL,NULL,'2023-12-11 17:35:49','2023-12-11 17:38:55'),(766,38,80,2,'KGS',3700,5,NULL,NULL,NULL,NULL,NULL,NULL,NULL,'2023-12-11 17:49:09',NULL,NULL,NULL,'2023-12-11 17:47:50','2023-12-11 17:49:09'),(767,33,74,2,'KGS',3900,5,NULL,NULL,NULL,NULL,NULL,NULL,NULL,'2023-12-11 17:58:22',NULL,NULL,NULL,'2023-12-11 17:51:50','2023-12-11 17:58:22'),(768,34,87,3,'KGS',34400,5,NULL,NULL,NULL,'4169 5853 5112 1164',NULL,NULL,NULL,'2023-12-11 18:10:55',NULL,NULL,NULL,'2023-12-11 18:03:17','2023-12-11 18:10:55'),(769,43,91,2,'KGS',500,5,NULL,NULL,NULL,NULL,NULL,NULL,NULL,'2023-12-11 18:19:52',NULL,NULL,NULL,'2023-12-11 18:18:44','2023-12-11 18:19:52'),(770,38,80,2,'KGS',3000,5,NULL,NULL,NULL,NULL,NULL,NULL,NULL,'2023-12-11 18:33:53',NULL,NULL,NULL,'2023-12-11 18:32:28','2023-12-11 18:33:53'),(771,61,178,2,'KGS',3000,5,NULL,NULL,NULL,NULL,NULL,NULL,NULL,'2023-12-11 18:38:34',NULL,NULL,NULL,'2023-12-11 18:38:01','2023-12-11 18:38:34'),(772,109,322,2,'KGS',630,5,NULL,NULL,NULL,NULL,NULL,NULL,NULL,'2023-12-11 18:55:08',NULL,NULL,NULL,'2023-12-11 18:52:31','2023-12-11 18:55:08'),(773,38,80,2,'KGS',3000,5,NULL,NULL,NULL,NULL,NULL,NULL,NULL,'2023-12-11 18:54:33',NULL,NULL,NULL,'2023-12-11 18:53:34','2023-12-11 18:54:33'),(774,103,308,2,'KGS',4000,5,NULL,NULL,NULL,NULL,NULL,NULL,NULL,'2023-12-11 19:16:57',NULL,NULL,NULL,'2023-12-11 19:14:52','2023-12-11 19:16:57'),(775,103,308,2,'KGS',2500,5,NULL,NULL,NULL,NULL,NULL,NULL,NULL,'2023-12-11 19:28:26',NULL,NULL,NULL,'2023-12-11 19:26:42','2023-12-11 19:28:26'),(776,103,308,2,'KGS',5000,5,NULL,NULL,NULL,NULL,NULL,NULL,NULL,'2023-12-11 19:43:49',NULL,NULL,NULL,'2023-12-11 19:42:05','2023-12-11 19:43:49'),(777,105,306,2,'KGS',5000,5,NULL,NULL,NULL,NULL,NULL,NULL,NULL,'2023-12-11 19:52:13',NULL,NULL,NULL,'2023-12-11 19:50:47','2023-12-11 19:52:13'),(778,103,308,2,'KGS',5000,5,NULL,NULL,NULL,NULL,NULL,NULL,NULL,'2023-12-11 20:43:26',NULL,NULL,NULL,'2023-12-11 20:42:03','2023-12-11 20:43:26'),(779,34,87,2,'KGS',5000,5,NULL,NULL,NULL,NULL,NULL,NULL,NULL,'2023-12-11 21:27:24',NULL,NULL,NULL,'2023-12-11 21:25:57','2023-12-11 21:27:24'),(780,103,308,2,'KGS',1000,5,NULL,NULL,NULL,NULL,NULL,NULL,NULL,'2023-12-11 23:03:20',NULL,NULL,NULL,'2023-12-11 23:01:17','2023-12-11 23:03:20'),(781,103,308,2,'KGS',1500,0,NULL,NULL,NULL,NULL,NULL,NULL,NULL,NULL,NULL,NULL,NULL,'2023-12-11 23:56:55','2023-12-11 23:56:55'),(782,103,308,2,'KGS',2000,5,NULL,NULL,NULL,NULL,NULL,NULL,NULL,'2023-12-12 01:39:45',NULL,NULL,NULL,'2023-12-12 01:37:48','2023-12-12 01:39:45'),(783,103,308,2,'KGS',3000,5,NULL,NULL,NULL,NULL,NULL,NULL,NULL,'2023-12-12 01:46:21',NULL,NULL,NULL,'2023-12-12 01:43:25','2023-12-12 01:46:21'),(784,54,114,2,'KGS',1000,5,NULL,NULL,NULL,NULL,NULL,NULL,NULL,'2023-12-12 02:19:59',NULL,NULL,NULL,'2023-12-12 02:19:18','2023-12-12 02:19:59'),(785,54,114,2,'KGS',1000,5,NULL,NULL,NULL,NULL,NULL,NULL,NULL,'2023-12-12 03:28:53',NULL,NULL,NULL,'2023-12-12 03:28:08','2023-12-12 03:28:53'),(786,65,168,2,'KGS',3000,0,NULL,NULL,NULL,NULL,NULL,NULL,NULL,NULL,NULL,NULL,NULL,'2023-12-12 03:54:12','2023-12-12 03:54:12'),(787,65,168,2,'KGS',300,0,NULL,NULL,NULL,NULL,NULL,NULL,NULL,NULL,NULL,NULL,NULL,'2023-12-12 03:58:09','2023-12-12 03:58:09'),(788,65,168,2,'KGS',3000,5,NULL,NULL,NULL,NULL,NULL,NULL,NULL,'2023-12-12 03:59:12',NULL,NULL,NULL,'2023-12-12 03:58:21','2023-12-12 03:59:12'),(789,20,50,2,'KGS',2200,5,NULL,NULL,NULL,NULL,NULL,NULL,NULL,'2023-12-12 06:45:49',NULL,NULL,NULL,'2023-12-12 06:44:07','2023-12-12 06:45:49'),(790,54,114,2,'KGS',1000,5,NULL,NULL,NULL,NULL,NULL,NULL,NULL,'2023-12-12 06:51:45',NULL,NULL,NULL,'2023-12-12 06:51:07','2023-12-12 06:51:45'),(791,97,294,2,'KGS',514,5,NULL,NULL,NULL,NULL,NULL,NULL,NULL,'2023-12-12 07:37:50',NULL,NULL,NULL,'2023-12-12 07:36:51','2023-12-12 07:37:50'),(792,97,294,2,'KGS',500,5,NULL,NULL,NULL,NULL,NULL,NULL,NULL,'2023-12-12 08:09:42',NULL,NULL,NULL,'2023-12-12 08:08:52','2023-12-12 08:09:42'),(793,25,59,2,'KGS',500,5,NULL,NULL,NULL,NULL,NULL,NULL,NULL,'2023-12-12 08:22:58',NULL,NULL,NULL,'2023-12-12 08:20:38','2023-12-12 08:22:58'),(794,50,107,2,'KGS',1480,5,NULL,NULL,NULL,NULL,NULL,NULL,NULL,'2023-12-12 08:23:43',NULL,NULL,NULL,'2023-12-12 08:21:12','2023-12-12 08:23:43'),(795,52,112,2,'KGS',1000,5,NULL,NULL,NULL,NULL,NULL,NULL,NULL,'2023-12-12 09:28:15',NULL,NULL,NULL,'2023-12-12 09:26:00','2023-12-12 09:28:15'),(796,96,293,2,'KGS',700,5,NULL,NULL,NULL,NULL,NULL,NULL,NULL,'2023-12-12 09:55:39',NULL,NULL,NULL,'2023-12-12 09:52:15','2023-12-12 09:55:39'),(797,25,59,2,'KGS',500,5,NULL,NULL,NULL,NULL,NULL,NULL,NULL,'2023-12-12 10:19:23',NULL,NULL,NULL,'2023-12-12 10:18:03','2023-12-12 10:19:23'),(798,52,112,2,'KGS',1000,5,NULL,NULL,NULL,NULL,NULL,NULL,NULL,'2023-12-12 10:49:07',NULL,NULL,NULL,'2023-12-12 10:48:26','2023-12-12 10:49:07'),(799,96,293,3,'KGS',400,5,NULL,NULL,NULL,'996555622622',NULL,NULL,NULL,'2023-12-12 11:26:18',NULL,NULL,NULL,'2023-12-12 11:25:56','2023-12-12 11:26:18'),(800,96,293,3,'KGS',400,0,NULL,NULL,NULL,'996555622622',NULL,NULL,NULL,NULL,NULL,NULL,NULL,'2023-12-12 11:35:00','2023-12-12 11:35:00'),(801,96,293,3,'KGS',400,6,NULL,NULL,NULL,'4169585357238491',NULL,NULL,NULL,NULL,NULL,NULL,NULL,'2023-12-12 11:50:38','2023-12-12 11:50:54'),(802,96,293,3,'KGS',400,6,NULL,NULL,NULL,'996555622622',NULL,NULL,NULL,NULL,NULL,NULL,NULL,'2023-12-12 12:17:42','2023-12-12 12:18:07'),(803,50,108,3,'KGS',6000,6,NULL,NULL,NULL,'996504570007 мбанк',NULL,NULL,NULL,NULL,NULL,NULL,NULL,'2023-12-12 12:57:36','2023-12-12 12:58:16'),(804,50,108,3,'KGS',5940,6,NULL,NULL,NULL,'996504570007 мбанк',NULL,NULL,NULL,NULL,NULL,NULL,NULL,'2023-12-12 12:59:55','2023-12-12 13:00:01'),(805,97,294,2,'KGS',1000,0,NULL,NULL,NULL,NULL,NULL,NULL,NULL,NULL,NULL,NULL,NULL,'2023-12-12 13:04:44','2023-12-12 13:04:44'),(806,25,59,2,'KGS',1000,5,NULL,NULL,NULL,NULL,NULL,NULL,NULL,'2023-12-12 13:15:03',NULL,NULL,NULL,'2023-12-12 13:13:19','2023-12-12 13:15:03'),(807,50,109,2,'KGS',1700,5,NULL,NULL,NULL,NULL,NULL,NULL,NULL,'2023-12-12 13:50:28',NULL,NULL,NULL,'2023-12-12 13:41:37','2023-12-12 13:50:28'),(808,50,109,2,'KGS',1700,6,NULL,NULL,NULL,NULL,NULL,NULL,NULL,NULL,NULL,NULL,NULL,'2023-12-12 13:48:38','2023-12-12 13:50:40'),(809,50,107,2,'KGS',1000,5,NULL,NULL,NULL,NULL,NULL,NULL,NULL,'2023-12-12 14:13:47',NULL,NULL,NULL,'2023-12-12 14:12:45','2023-12-12 14:13:47'),(810,50,107,2,'KGS',1000,5,NULL,NULL,NULL,NULL,NULL,NULL,NULL,'2023-12-12 14:20:22',NULL,NULL,NULL,'2023-12-12 14:19:20','2023-12-12 14:20:22'),(811,52,112,3,'KGS',2000,5,NULL,NULL,NULL,'4169585359587580',NULL,NULL,NULL,'2023-12-12 15:10:40',NULL,NULL,NULL,'2023-12-12 15:09:01','2023-12-12 15:10:40'),(812,97,294,2,'KGS',900,0,NULL,NULL,NULL,NULL,NULL,NULL,NULL,NULL,NULL,NULL,NULL,'2023-12-12 15:22:51','2023-12-12 15:22:51'),(813,25,59,2,'KGS',6000,5,NULL,NULL,NULL,NULL,NULL,NULL,NULL,'2023-12-12 15:30:21',NULL,NULL,NULL,'2023-12-12 15:29:07','2023-12-12 15:30:21'),(814,43,91,2,'KGS',500,5,NULL,NULL,NULL,NULL,NULL,NULL,NULL,'2023-12-12 15:40:24',NULL,NULL,NULL,'2023-12-12 15:39:02','2023-12-12 15:40:24'),(815,103,308,3,'KGS',1500,5,NULL,NULL,NULL,'+996707745588 мбанк',NULL,NULL,NULL,'2023-12-12 16:02:47',NULL,NULL,NULL,'2023-12-12 16:00:57','2023-12-12 16:02:47'),(816,43,91,2,'KGS',500,5,NULL,NULL,NULL,NULL,NULL,NULL,NULL,'2023-12-12 16:12:15',NULL,NULL,NULL,'2023-12-12 16:10:56','2023-12-12 16:12:15'),(817,52,112,3,'KGS',1700,5,NULL,NULL,NULL,'4169585359587580',NULL,NULL,NULL,'2023-12-12 16:14:45',NULL,NULL,NULL,'2023-12-12 16:13:04','2023-12-12 16:14:45'),(818,113,326,3,'KGS',10000,5,NULL,NULL,NULL,'4169585350119649',NULL,NULL,NULL,'2023-12-12 16:23:45',NULL,NULL,NULL,'2023-12-12 16:22:21','2023-12-12 16:23:45'),(819,34,87,2,'KGS',9000,0,NULL,NULL,NULL,NULL,NULL,NULL,NULL,NULL,NULL,NULL,NULL,'2023-12-12 16:43:33','2023-12-12 16:43:33'),(820,34,87,2,'KGS',7000,5,NULL,NULL,NULL,NULL,NULL,NULL,NULL,'2023-12-12 16:45:33',NULL,NULL,NULL,'2023-12-12 16:44:06','2023-12-12 16:45:33'),(821,103,308,3,'KGS',1500,0,NULL,NULL,NULL,'4439971002196090 оптима',NULL,NULL,NULL,NULL,NULL,NULL,NULL,'2023-12-12 16:44:06','2023-12-12 16:44:06'),(822,45,94,2,'KGS',1500,5,NULL,NULL,NULL,NULL,NULL,NULL,NULL,'2023-12-12 16:49:35',NULL,NULL,NULL,'2023-12-12 16:47:44','2023-12-12 16:49:35'),(823,33,74,3,'KGS',5000,5,NULL,NULL,NULL,'4169585350000088',NULL,NULL,NULL,'2023-12-12 16:49:09',NULL,NULL,NULL,'2023-12-12 16:47:54','2023-12-12 16:49:09'),(824,106,307,2,'KGS',1000,5,NULL,NULL,NULL,NULL,NULL,NULL,NULL,'2023-12-12 16:58:52',NULL,NULL,NULL,'2023-12-12 16:56:43','2023-12-12 16:58:52'),(825,34,87,2,'KGS',20000,5,NULL,NULL,NULL,NULL,NULL,NULL,NULL,'2023-12-12 17:50:28',NULL,NULL,NULL,'2023-12-12 17:48:25','2023-12-12 17:50:28'),(826,115,328,3,'KGS',10000,5,NULL,NULL,NULL,'4169585359525846',NULL,NULL,NULL,'2023-12-12 18:09:04',NULL,NULL,NULL,'2023-12-12 18:05:58','2023-12-12 18:09:04'),(827,45,94,2,'KGS',500,5,NULL,NULL,NULL,NULL,NULL,NULL,NULL,'2023-12-12 18:17:09',NULL,NULL,NULL,'2023-12-12 18:13:53','2023-12-12 18:17:09'),(828,61,161,2,'KGS',10500,5,NULL,NULL,NULL,NULL,NULL,NULL,NULL,'2023-12-12 18:22:17',NULL,NULL,NULL,'2023-12-12 18:20:06','2023-12-12 18:22:17'),(829,65,168,2,'KGS',500,5,NULL,NULL,NULL,NULL,NULL,NULL,NULL,'2023-12-12 18:24:47',NULL,NULL,NULL,'2023-12-12 18:23:49','2023-12-12 18:24:47'),(830,109,322,2,'KGS',630,5,NULL,NULL,NULL,NULL,NULL,NULL,NULL,'2023-12-12 18:37:51',NULL,NULL,NULL,'2023-12-12 18:35:00','2023-12-12 18:37:51'),(831,25,59,2,'KGS',1000,5,NULL,NULL,NULL,NULL,NULL,NULL,NULL,'2023-12-12 19:00:24',NULL,NULL,NULL,'2023-12-12 18:55:07','2023-12-12 19:00:24'),(832,101,301,2,'KGS',2000,0,NULL,NULL,NULL,NULL,NULL,NULL,NULL,NULL,NULL,NULL,NULL,'2023-12-12 20:01:08','2023-12-12 20:01:08'),(833,34,87,2,'KGS',7000,5,NULL,NULL,NULL,NULL,NULL,NULL,NULL,'2023-12-12 21:02:48',NULL,NULL,NULL,'2023-12-12 21:01:35','2023-12-12 21:02:48'),(834,25,59,2,'KGS',1000,5,NULL,NULL,NULL,NULL,NULL,NULL,NULL,'2023-12-12 21:15:14',NULL,NULL,NULL,'2023-12-12 21:14:01','2023-12-12 21:15:14'),(835,103,308,2,'KGS',5000,5,NULL,NULL,NULL,NULL,NULL,NULL,NULL,'2023-12-12 21:20:07',NULL,NULL,NULL,'2023-12-12 21:18:03','2023-12-12 21:20:07'),(836,60,123,2,'KGS',500,5,NULL,NULL,NULL,NULL,NULL,NULL,NULL,'2023-12-12 21:27:06',NULL,NULL,NULL,'2023-12-12 21:25:27','2023-12-12 21:27:06'),(837,34,87,2,'KGS',12000,0,NULL,NULL,NULL,NULL,NULL,NULL,NULL,NULL,NULL,NULL,NULL,'2023-12-12 21:56:50','2023-12-12 21:56:50'),(838,103,308,2,'KGS',500,5,NULL,NULL,NULL,NULL,NULL,NULL,NULL,'2023-12-12 23:16:10',NULL,NULL,NULL,'2023-12-12 23:14:54','2023-12-12 23:16:10'),(839,25,59,3,'KGS',3157,5,NULL,NULL,NULL,'4169 5853 5719 8208 оптима',NULL,NULL,NULL,'2023-12-12 23:20:19',NULL,NULL,NULL,'2023-12-12 23:18:52','2023-12-12 23:20:19'),(840,103,308,2,'KGS',1000,5,NULL,NULL,NULL,NULL,NULL,NULL,NULL,'2023-12-12 23:56:39',NULL,NULL,NULL,'2023-12-12 23:55:15','2023-12-12 23:56:39'),(841,34,87,3,'KGS',60500,5,NULL,NULL,NULL,'4169 5853 5112 1164',NULL,NULL,NULL,'2023-12-13 00:45:11',NULL,NULL,NULL,'2023-12-13 00:39:58','2023-12-13 00:45:11'),(842,99,297,3,'KGS',2500,0,NULL,NULL,NULL,'4169585340331320',NULL,NULL,NULL,NULL,NULL,NULL,NULL,'2023-12-13 01:41:02','2023-12-13 01:41:02'),(843,52,112,2,'KGS',1000,5,NULL,NULL,NULL,NULL,NULL,NULL,NULL,'2023-12-13 02:21:30',NULL,NULL,NULL,'2023-12-13 02:20:04','2023-12-13 02:21:30'),(844,99,297,3,'KGS',2500,5,NULL,NULL,NULL,'4169585340331320',NULL,NULL,NULL,'2023-12-13 02:49:23',NULL,NULL,NULL,'2023-12-13 02:46:34','2023-12-13 02:49:23'),(845,96,293,2,'KGS',700,5,NULL,NULL,NULL,NULL,NULL,NULL,NULL,'2023-12-13 05:23:39',NULL,NULL,NULL,'2023-12-13 05:22:00','2023-12-13 05:23:39'),(846,33,74,2,'KGS',2500,5,NULL,NULL,NULL,NULL,NULL,NULL,NULL,'2023-12-13 06:43:26',NULL,NULL,NULL,'2023-12-13 06:41:19','2023-12-13 06:43:26'),(847,74,186,2,'KGS',500,5,NULL,NULL,NULL,NULL,NULL,NULL,NULL,'2023-12-13 07:34:29',NULL,NULL,NULL,'2023-12-13 07:31:13','2023-12-13 07:34:29'),(848,25,59,2,'KGS',3000,5,NULL,NULL,NULL,NULL,NULL,NULL,NULL,'2023-12-13 08:17:06',NULL,NULL,NULL,'2023-12-13 08:15:50','2023-12-13 08:17:06'),(849,116,329,3,'KGS',15000,6,NULL,NULL,NULL,'4169585357388270',NULL,NULL,NULL,NULL,NULL,NULL,NULL,'2023-12-13 08:27:14','2023-12-13 08:32:29'),(850,61,161,2,'KGS',5000,5,NULL,NULL,NULL,NULL,NULL,NULL,NULL,'2023-12-13 08:39:12',NULL,NULL,NULL,'2023-12-13 08:32:42','2023-12-13 08:39:12'),(851,95,284,2,'KGS',10000,5,NULL,NULL,NULL,NULL,NULL,NULL,NULL,'2023-12-13 08:56:45',NULL,NULL,NULL,'2023-12-13 08:51:17','2023-12-13 08:56:45'),(852,116,329,3,'KGS',5000,6,NULL,NULL,NULL,'4169585359525846',NULL,NULL,NULL,NULL,NULL,NULL,NULL,'2023-12-13 08:54:15','2023-12-13 08:54:26'),(853,34,87,2,'KGS',15000,5,NULL,NULL,NULL,NULL,NULL,NULL,NULL,'2023-12-13 09:05:21',NULL,NULL,NULL,'2023-12-13 09:03:11','2023-12-13 09:05:21'),(854,74,186,2,'KGS',500,5,NULL,NULL,NULL,NULL,NULL,NULL,NULL,'2023-12-13 09:10:55',NULL,NULL,NULL,'2023-12-13 09:09:11','2023-12-13 09:10:55'),(855,106,307,2,'KGS',1000,5,NULL,NULL,NULL,NULL,NULL,NULL,NULL,'2023-12-13 09:16:37',NULL,NULL,NULL,'2023-12-13 09:14:40','2023-12-13 09:16:37'),(856,34,87,2,'KGS',4000,5,NULL,NULL,NULL,NULL,NULL,NULL,NULL,'2023-12-13 09:25:58',NULL,NULL,NULL,'2023-12-13 09:24:32','2023-12-13 09:25:58'),(857,103,308,3,'KGS',5000,5,NULL,NULL,NULL,'4439971002196090 оптима',NULL,NULL,NULL,'2023-12-13 09:32:03',NULL,NULL,NULL,'2023-12-13 09:30:59','2023-12-13 09:32:03'),(858,52,112,2,'KGS',1000,5,NULL,NULL,NULL,NULL,NULL,NULL,NULL,'2023-12-13 10:25:06',NULL,NULL,NULL,'2023-12-13 10:21:55','2023-12-13 10:25:06'),(859,25,59,2,'KGS',2000,5,NULL,NULL,NULL,NULL,NULL,NULL,NULL,'2023-12-13 10:29:55',NULL,NULL,NULL,'2023-12-13 10:24:16','2023-12-13 10:29:55'),(860,101,304,2,'KGS',5000,0,NULL,NULL,NULL,NULL,NULL,NULL,NULL,NULL,NULL,NULL,NULL,'2023-12-13 11:18:48','2023-12-13 11:18:48'),(861,101,304,2,'KGS',5000,5,NULL,NULL,NULL,NULL,NULL,NULL,NULL,'2023-12-13 11:22:38',NULL,NULL,NULL,'2023-12-13 11:20:14','2023-12-13 11:22:38'),(862,25,59,2,'KGS',2000,5,NULL,NULL,NULL,NULL,NULL,NULL,NULL,'2023-12-13 12:23:52',NULL,NULL,NULL,'2023-12-13 12:22:09','2023-12-13 12:23:52'),(863,52,112,3,'KGS',2200,6,NULL,NULL,NULL,'4169585359587580',NULL,NULL,NULL,NULL,NULL,NULL,NULL,'2023-12-13 12:30:42','2023-12-13 12:31:00'),(864,52,112,3,'KGS',2000,6,NULL,NULL,NULL,'4169585359587580',NULL,NULL,NULL,NULL,NULL,NULL,NULL,'2023-12-13 12:34:48','2023-12-13 12:35:04'),(865,25,59,2,'KGS',500,5,NULL,NULL,NULL,NULL,NULL,NULL,NULL,'2023-12-13 12:45:38',NULL,NULL,NULL,'2023-12-13 12:44:29','2023-12-13 12:45:38'),(866,97,294,2,'KGS',520,5,NULL,NULL,NULL,NULL,NULL,NULL,NULL,'2023-12-13 13:55:48',NULL,NULL,NULL,'2023-12-13 13:54:30','2023-12-13 13:55:48'),(867,50,109,2,'KGS',640,5,NULL,NULL,NULL,NULL,NULL,NULL,NULL,'2023-12-13 14:06:21',NULL,NULL,NULL,'2023-12-13 14:03:52','2023-12-13 14:06:21'),(868,52,112,3,'KGS',2300,6,NULL,NULL,NULL,'4169585359587580',NULL,NULL,NULL,NULL,NULL,NULL,NULL,'2023-12-13 14:15:58','2023-12-13 14:16:22'),(869,65,168,2,'KGS',4000,5,NULL,NULL,NULL,NULL,NULL,NULL,NULL,'2023-12-13 14:25:11',NULL,NULL,NULL,'2023-12-13 14:23:13','2023-12-13 14:25:11'),(870,54,114,2,'KGS',2000,5,NULL,NULL,NULL,NULL,NULL,NULL,NULL,'2023-12-13 14:29:52',NULL,NULL,NULL,'2023-12-13 14:27:37','2023-12-13 14:29:52'),(871,95,284,2,'KGS',20000,5,NULL,NULL,NULL,NULL,NULL,NULL,NULL,'2023-12-13 14:36:10',NULL,NULL,NULL,'2023-12-13 14:34:04','2023-12-13 14:36:10'),(872,94,283,2,'KGS',500,6,NULL,NULL,NULL,NULL,NULL,NULL,NULL,NULL,NULL,NULL,NULL,'2023-12-13 14:38:15','2023-12-13 14:52:17'),(873,106,307,2,'KGS',1000,5,NULL,NULL,NULL,NULL,NULL,NULL,NULL,'2023-12-13 15:19:00',NULL,NULL,NULL,'2023-12-13 14:39:55','2023-12-13 15:19:00'),(874,54,114,2,'KGS',2000,5,NULL,NULL,NULL,NULL,NULL,NULL,NULL,'2023-12-13 14:45:59',NULL,NULL,NULL,'2023-12-13 14:45:08','2023-12-13 14:45:59'),(875,38,80,2,'KGS',3000,5,NULL,NULL,NULL,NULL,NULL,NULL,NULL,'2023-12-13 14:58:38',NULL,NULL,NULL,'2023-12-13 14:57:27','2023-12-13 14:58:38'),(876,101,304,2,'KGS',3000,5,NULL,NULL,NULL,NULL,NULL,NULL,NULL,'2023-12-13 15:03:52',NULL,NULL,NULL,'2023-12-13 15:01:22','2023-12-13 15:03:52'),(877,54,114,2,'KGS',3000,5,NULL,NULL,NULL,NULL,NULL,NULL,NULL,'2023-12-13 15:06:03',NULL,NULL,NULL,'2023-12-13 15:05:15','2023-12-13 15:06:03'),(878,97,294,2,'KGS',891,5,NULL,NULL,NULL,NULL,NULL,NULL,NULL,'2023-12-13 15:07:06',NULL,NULL,NULL,'2023-12-13 15:05:43','2023-12-13 15:07:06'),(879,74,186,2,'KGS',1000,0,NULL,NULL,NULL,NULL,NULL,NULL,NULL,NULL,NULL,NULL,NULL,'2023-12-13 15:07:24','2023-12-13 15:07:24'),(880,96,293,2,'KGS',700,5,NULL,NULL,NULL,NULL,NULL,NULL,NULL,'2023-12-13 15:13:11',NULL,NULL,NULL,'2023-12-13 15:11:06','2023-12-13 15:13:11'),(881,64,160,2,'KGS',500,5,NULL,NULL,NULL,NULL,NULL,NULL,NULL,'2023-12-13 15:25:12',NULL,NULL,NULL,'2023-12-13 15:21:36','2023-12-13 15:25:12'),(882,54,114,2,'KGS',3000,5,NULL,NULL,NULL,NULL,NULL,NULL,NULL,'2023-12-13 15:28:28',NULL,NULL,NULL,'2023-12-13 15:27:48','2023-12-13 15:28:28'),(883,61,161,2,'KGS',11100,5,NULL,NULL,NULL,NULL,NULL,NULL,NULL,'2023-12-13 15:56:50',NULL,NULL,NULL,'2023-12-13 15:53:34','2023-12-13 15:56:50'),(884,54,114,2,'KGS',2000,5,NULL,NULL,NULL,NULL,NULL,NULL,NULL,'2023-12-13 16:04:08',NULL,NULL,NULL,'2023-12-13 16:02:58','2023-12-13 16:04:08'),(885,54,114,2,'KGS',3000,5,NULL,NULL,NULL,NULL,NULL,NULL,NULL,'2023-12-13 16:15:11',NULL,NULL,NULL,'2023-12-13 16:13:25','2023-12-13 16:15:11'),(886,54,114,2,'KGS',2600,5,NULL,NULL,NULL,NULL,NULL,NULL,NULL,'2023-12-13 16:34:28',NULL,NULL,NULL,'2023-12-13 16:33:16','2023-12-13 16:34:28'),(887,61,161,2,'KGS',2500,5,NULL,NULL,NULL,NULL,NULL,NULL,NULL,'2023-12-13 16:58:06',NULL,NULL,NULL,'2023-12-13 16:56:09','2023-12-13 16:58:06'),(888,34,87,2,'KGS',12000,5,NULL,NULL,NULL,NULL,NULL,NULL,NULL,'2023-12-13 17:46:07',NULL,NULL,NULL,'2023-12-13 17:44:10','2023-12-13 17:46:07'),(889,119,334,2,'KGS',1000,6,NULL,NULL,NULL,NULL,NULL,NULL,NULL,NULL,NULL,NULL,NULL,'2023-12-13 17:53:55','2023-12-13 17:55:54'),(890,38,80,2,'KGS',3000,5,NULL,NULL,NULL,NULL,NULL,NULL,NULL,'2023-12-13 18:02:11',NULL,NULL,NULL,'2023-12-13 18:00:32','2023-12-13 18:02:11'),(891,33,74,3,'KGS',10000,5,NULL,NULL,NULL,'4169585350000088',NULL,NULL,NULL,'2023-12-13 18:07:53',NULL,NULL,NULL,'2023-12-13 18:06:10','2023-12-13 18:07:53'),(892,34,87,2,'KGS',6000,5,NULL,NULL,NULL,NULL,NULL,NULL,NULL,'2023-12-13 18:47:09',NULL,NULL,NULL,'2023-12-13 18:45:50','2023-12-13 18:47:09'),(893,34,87,2,'KGS',12000,5,NULL,NULL,NULL,NULL,NULL,NULL,NULL,'2023-12-13 19:07:12',NULL,NULL,NULL,'2023-12-13 19:02:53','2023-12-13 19:07:12'),(894,38,80,2,'KGS',4000,5,NULL,NULL,NULL,NULL,NULL,NULL,NULL,'2023-12-13 19:19:57',NULL,NULL,NULL,'2023-12-13 19:18:30','2023-12-13 19:19:57'),(895,38,80,2,'KGS',4500,5,NULL,NULL,NULL,NULL,NULL,NULL,NULL,'2023-12-13 19:23:35',NULL,NULL,NULL,'2023-12-13 19:22:36','2023-12-13 19:23:35'),(896,34,87,2,'KGS',12000,5,NULL,NULL,NULL,NULL,NULL,NULL,NULL,'2023-12-13 19:42:46',NULL,NULL,NULL,'2023-12-13 19:41:16','2023-12-13 19:42:46'),(897,38,80,2,'KGS',9000,5,NULL,NULL,NULL,NULL,NULL,NULL,NULL,'2023-12-13 19:50:05',NULL,NULL,NULL,'2023-12-13 19:49:00','2023-12-13 19:50:05'),(898,101,304,3,'KGS',3500,5,NULL,NULL,NULL,'4169585345304421',NULL,NULL,NULL,'2023-12-13 19:52:11',NULL,NULL,NULL,'2023-12-13 19:51:12','2023-12-13 19:52:11'),(899,34,87,2,'KGS',18000,5,NULL,NULL,NULL,NULL,NULL,NULL,NULL,'2023-12-13 20:18:50',NULL,NULL,NULL,'2023-12-13 20:17:20','2023-12-13 20:18:50'),(900,74,186,2,'KGS',600,0,NULL,NULL,NULL,NULL,NULL,NULL,NULL,NULL,NULL,NULL,NULL,'2023-12-13 21:11:09','2023-12-13 21:11:09'),(901,109,322,2,'KGS',1100,5,NULL,NULL,NULL,NULL,NULL,NULL,NULL,'2023-12-13 21:14:40',NULL,NULL,NULL,'2023-12-13 21:12:40','2023-12-13 21:14:40'),(902,45,94,2,'KGS',1000,5,NULL,NULL,NULL,NULL,NULL,NULL,NULL,'2023-12-13 21:55:48',NULL,NULL,NULL,'2023-12-13 21:54:27','2023-12-13 21:55:48'),(903,101,304,3,'KGS',5000,5,NULL,NULL,NULL,'4169585345304421',NULL,NULL,NULL,'2023-12-13 22:00:30',NULL,NULL,NULL,'2023-12-13 21:58:38','2023-12-13 22:00:30'),(904,60,123,2,'KGS',1000,5,NULL,NULL,NULL,NULL,NULL,NULL,NULL,'2023-12-13 22:01:22',NULL,NULL,NULL,'2023-12-13 21:59:36','2023-12-13 22:01:22'),(905,45,94,2,'KGS',1000,5,NULL,NULL,NULL,NULL,NULL,NULL,NULL,'2023-12-13 22:13:09',NULL,NULL,NULL,'2023-12-13 22:11:56','2023-12-13 22:13:09'),(906,45,94,2,'KGS',500,5,NULL,NULL,NULL,NULL,NULL,NULL,NULL,'2023-12-13 22:19:50',NULL,NULL,NULL,'2023-12-13 22:16:38','2023-12-13 22:19:50'),(907,97,294,3,'KGS',3000,5,NULL,NULL,NULL,'Элкарт РСК 9417089011056232',NULL,NULL,NULL,'2023-12-13 22:24:28',NULL,NULL,NULL,'2023-12-13 22:22:41','2023-12-13 22:24:28'),(908,96,293,3,'KGS',4081,5,NULL,NULL,NULL,'996555622622',NULL,NULL,NULL,'2023-12-13 22:26:49',NULL,NULL,NULL,'2023-12-13 22:26:16','2023-12-13 22:26:49'),(909,103,308,2,'KGS',500,5,NULL,NULL,NULL,NULL,NULL,NULL,NULL,'2023-12-13 23:04:16',NULL,NULL,NULL,'2023-12-13 23:02:22','2023-12-13 23:04:16'),(910,101,300,2,'KGS',3000,0,NULL,NULL,NULL,NULL,NULL,NULL,NULL,NULL,NULL,NULL,NULL,'2023-12-13 23:25:04','2023-12-13 23:25:04'),(911,101,301,2,'KGS',3000,5,NULL,NULL,NULL,NULL,NULL,NULL,NULL,'2023-12-13 23:27:31',NULL,NULL,NULL,'2023-12-13 23:26:24','2023-12-13 23:27:31'),(912,34,87,3,'KGS',89300,5,NULL,NULL,NULL,'4169 5853 5112 1164',NULL,NULL,NULL,'2023-12-13 23:50:05',NULL,NULL,NULL,'2023-12-13 23:37:28','2023-12-13 23:50:05'),(913,34,335,2,'KGS',6000,5,NULL,NULL,NULL,NULL,NULL,NULL,NULL,'2023-12-14 00:02:40',NULL,NULL,NULL,'2023-12-14 00:01:04','2023-12-14 00:02:40'),(914,65,168,2,'KGS',4000,5,NULL,NULL,NULL,NULL,NULL,NULL,NULL,'2023-12-14 00:55:06',NULL,NULL,NULL,'2023-12-14 00:39:05','2023-12-14 00:55:06'),(915,65,168,2,'KGS',4000,5,NULL,NULL,NULL,NULL,NULL,NULL,NULL,'2023-12-14 00:55:16',NULL,NULL,NULL,'2023-12-14 00:41:15','2023-12-14 00:55:16'),(916,65,168,2,'KGS',4000,5,NULL,NULL,NULL,NULL,NULL,NULL,NULL,'2023-12-14 00:55:20',NULL,NULL,NULL,'2023-12-14 00:47:18','2023-12-14 00:55:20'),(917,65,168,2,'KGS',4000,0,NULL,NULL,NULL,NULL,NULL,NULL,NULL,NULL,NULL,NULL,NULL,'2023-12-14 00:54:53','2023-12-14 00:54:53'),(918,34,335,2,'KGS',5500,5,NULL,NULL,NULL,NULL,NULL,NULL,NULL,'2023-12-14 01:02:11',NULL,NULL,NULL,'2023-12-14 00:59:59','2023-12-14 01:02:11'),(919,34,335,2,'KGS',6000,5,NULL,NULL,NULL,NULL,NULL,NULL,NULL,'2023-12-14 02:44:26',NULL,NULL,NULL,'2023-12-14 02:42:06','2023-12-14 02:44:26'),(920,34,335,2,'KGS',8800,5,NULL,NULL,NULL,NULL,NULL,NULL,NULL,'2023-12-14 03:10:15',NULL,NULL,NULL,'2023-12-14 03:08:53','2023-12-14 03:10:15'),(921,120,336,2,'KGS',3000,5,NULL,NULL,NULL,NULL,NULL,NULL,NULL,'2023-12-14 03:18:45',NULL,NULL,NULL,'2023-12-14 03:16:14','2023-12-14 03:18:45'),(922,34,335,2,'KGS',1200,5,NULL,NULL,NULL,NULL,NULL,NULL,NULL,'2023-12-14 03:20:48',NULL,NULL,NULL,'2023-12-14 03:20:02','2023-12-14 03:20:48'),(923,52,112,2,'KGS',500,5,NULL,NULL,NULL,NULL,NULL,NULL,NULL,'2023-12-14 03:36:13',NULL,NULL,NULL,'2023-12-14 03:34:35','2023-12-14 03:36:13'),(924,52,112,2,'KGS',1000,5,NULL,NULL,NULL,NULL,NULL,NULL,NULL,'2023-12-14 04:01:28',NULL,NULL,NULL,'2023-12-14 04:00:59','2023-12-14 04:01:28'),(925,34,335,2,'KGS',10000,5,NULL,NULL,NULL,NULL,NULL,NULL,NULL,'2023-12-14 04:11:45',NULL,NULL,NULL,'2023-12-14 04:10:23','2023-12-14 04:11:45'),(926,52,112,2,'KGS',1000,5,NULL,NULL,NULL,NULL,NULL,NULL,NULL,'2023-12-14 04:25:04',NULL,NULL,NULL,'2023-12-14 04:24:03','2023-12-14 04:25:04'),(927,34,335,2,'KGS',10000,5,NULL,NULL,NULL,NULL,NULL,NULL,NULL,'2023-12-14 04:27:07',NULL,NULL,NULL,'2023-12-14 04:25:07','2023-12-14 04:27:07'),(928,34,335,2,'KGS',10000,5,NULL,NULL,NULL,NULL,NULL,NULL,NULL,'2023-12-14 04:40:59',NULL,NULL,NULL,'2023-12-14 04:39:51','2023-12-14 04:40:59'),(929,52,112,2,'KGS',1900,5,NULL,NULL,NULL,NULL,NULL,NULL,NULL,'2023-12-14 04:54:18',NULL,NULL,NULL,'2023-12-14 04:53:17','2023-12-14 04:54:18'),(930,52,112,2,'KGS',2000,5,NULL,NULL,NULL,NULL,NULL,NULL,NULL,'2023-12-14 05:04:02',NULL,NULL,NULL,'2023-12-14 05:02:53','2023-12-14 05:04:02'),(931,52,112,2,'KGS',1000,5,NULL,NULL,NULL,NULL,NULL,NULL,NULL,'2023-12-14 07:00:58',NULL,NULL,NULL,'2023-12-14 06:59:03','2023-12-14 07:00:58'),(932,65,168,2,'KGS',5000,5,NULL,NULL,NULL,NULL,NULL,NULL,NULL,'2023-12-14 08:08:13',NULL,NULL,NULL,'2023-12-14 08:00:11','2023-12-14 08:08:13'),(933,95,284,2,'KGS',10000,5,NULL,NULL,NULL,NULL,NULL,NULL,NULL,'2023-12-14 08:08:54',NULL,NULL,NULL,'2023-12-14 08:01:43','2023-12-14 08:08:54'),(934,65,168,2,'KGS',5000,5,NULL,NULL,NULL,NULL,NULL,NULL,NULL,'2023-12-14 08:08:17',NULL,NULL,NULL,'2023-12-14 08:02:52','2023-12-14 08:08:17'),(935,65,168,2,'KGS',5000,5,NULL,NULL,NULL,NULL,NULL,NULL,NULL,'2023-12-14 08:08:27',NULL,NULL,NULL,'2023-12-14 08:04:49','2023-12-14 08:08:27'),(936,65,168,2,'KGS',5000,5,NULL,NULL,NULL,NULL,NULL,NULL,NULL,'2023-12-14 08:08:29',NULL,NULL,NULL,'2023-12-14 08:07:23','2023-12-14 08:08:29'),(937,94,283,2,'KGS',500,5,NULL,NULL,NULL,NULL,NULL,NULL,NULL,'2023-12-14 08:44:55',NULL,NULL,NULL,'2023-12-14 08:44:19','2023-12-14 08:44:55'),(938,74,186,2,'KGS',1500,5,NULL,NULL,NULL,NULL,NULL,NULL,NULL,'2023-12-14 09:03:29',NULL,NULL,NULL,'2023-12-14 09:02:42','2023-12-14 09:03:29'),(939,94,283,2,'KGS',500,5,NULL,NULL,NULL,NULL,NULL,NULL,NULL,'2023-12-14 09:14:40',NULL,NULL,NULL,'2023-12-14 09:14:01','2023-12-14 09:14:40'),(940,95,284,2,'KGS',4000,0,NULL,NULL,NULL,NULL,NULL,NULL,NULL,NULL,NULL,NULL,NULL,'2023-12-14 09:24:31','2023-12-14 09:24:31'),(941,95,284,2,'KGS',4000,5,NULL,NULL,NULL,NULL,NULL,NULL,NULL,'2023-12-14 09:27:40',NULL,NULL,NULL,'2023-12-14 09:26:18','2023-12-14 09:27:40'),(942,52,112,2,'KGS',1000,5,NULL,NULL,NULL,NULL,NULL,NULL,NULL,'2023-12-14 09:28:41',NULL,NULL,NULL,'2023-12-14 09:27:57','2023-12-14 09:28:41'),(943,94,283,2,'KGS',500,5,NULL,NULL,NULL,NULL,NULL,NULL,NULL,'2023-12-14 09:42:03',NULL,NULL,NULL,'2023-12-14 09:41:29','2023-12-14 09:42:03'),(944,52,112,2,'KGS',1000,5,NULL,NULL,NULL,NULL,NULL,NULL,NULL,'2023-12-14 09:45:27',NULL,NULL,NULL,'2023-12-14 09:44:38','2023-12-14 09:45:27'),(945,94,283,2,'KGS',500,5,NULL,NULL,NULL,NULL,NULL,NULL,NULL,'2023-12-14 09:49:53',NULL,NULL,NULL,'2023-12-14 09:49:04','2023-12-14 09:49:53'),(946,94,283,2,'KGS',1000,5,NULL,NULL,NULL,NULL,NULL,NULL,NULL,'2023-12-14 10:21:31',NULL,NULL,NULL,'2023-12-14 10:20:48','2023-12-14 10:21:31'),(947,52,112,3,'KGS',4000,5,NULL,NULL,NULL,'4169585359587580',NULL,NULL,NULL,'2023-12-14 10:51:27',NULL,NULL,NULL,'2023-12-14 10:50:12','2023-12-14 10:51:27'),(948,33,73,2,'KGS',1300,5,NULL,NULL,NULL,NULL,NULL,NULL,NULL,'2023-12-14 10:55:20',NULL,NULL,NULL,'2023-12-14 10:54:01','2023-12-14 10:55:20'),(949,94,283,2,'KGS',1000,5,NULL,NULL,NULL,NULL,NULL,NULL,NULL,'2023-12-14 11:19:31',NULL,NULL,NULL,'2023-12-14 11:19:02','2023-12-14 11:19:31'),(950,101,304,2,'KGS',1000,5,NULL,NULL,NULL,NULL,NULL,NULL,NULL,'2023-12-14 12:27:43',NULL,NULL,NULL,'2023-12-14 12:26:15','2023-12-14 12:27:43'),(951,33,73,2,'KGS',6000,5,NULL,NULL,NULL,NULL,NULL,NULL,NULL,'2023-12-14 12:50:22',NULL,NULL,NULL,'2023-12-14 12:48:42','2023-12-14 12:50:22'),(952,96,293,2,'KGS',700,5,NULL,NULL,NULL,NULL,NULL,NULL,NULL,'2023-12-14 12:52:18',NULL,NULL,NULL,'2023-12-14 12:50:59','2023-12-14 12:52:18'),(953,94,283,2,'KGS',1000,5,NULL,NULL,NULL,NULL,NULL,NULL,NULL,'2023-12-14 13:00:24',NULL,NULL,NULL,'2023-12-14 12:59:53','2023-12-14 13:00:24'),(954,34,335,2,'KGS',6000,5,NULL,NULL,NULL,NULL,NULL,NULL,NULL,'2023-12-14 13:17:38',NULL,NULL,NULL,'2023-12-14 13:16:15','2023-12-14 13:17:38'),(955,94,283,2,'KGS',1000,5,NULL,NULL,NULL,NULL,NULL,NULL,NULL,'2023-12-14 13:37:14',NULL,NULL,NULL,'2023-12-14 13:36:43','2023-12-14 13:37:14'),(956,52,112,2,'KGS',1000,5,NULL,NULL,NULL,NULL,NULL,NULL,NULL,'2023-12-14 13:42:07',NULL,NULL,NULL,'2023-12-14 13:37:40','2023-12-14 13:42:07'),(957,96,293,2,'KGS',500,5,NULL,NULL,NULL,NULL,NULL,NULL,NULL,'2023-12-14 13:55:50',NULL,NULL,NULL,'2023-12-14 13:54:28','2023-12-14 13:55:50'),(958,65,168,2,'KGS',5000,5,NULL,NULL,NULL,NULL,NULL,NULL,NULL,'2023-12-14 13:57:41',NULL,NULL,NULL,'2023-12-14 13:56:45','2023-12-14 13:57:41'),(959,109,322,3,'KGS',1000,5,NULL,NULL,NULL,'4169 5853 5289 4868',NULL,NULL,NULL,'2023-12-14 14:45:15',NULL,NULL,NULL,'2023-12-14 14:31:50','2023-12-14 14:45:15'),(960,38,80,2,'KGS',3000,5,NULL,NULL,NULL,NULL,NULL,NULL,NULL,'2023-12-14 15:03:07',NULL,NULL,NULL,'2023-12-14 15:02:09','2023-12-14 15:03:07'),(961,38,80,2,'KGS',3000,5,NULL,NULL,NULL,NULL,NULL,NULL,NULL,'2023-12-14 15:06:21',NULL,NULL,NULL,'2023-12-14 15:05:27','2023-12-14 15:06:21'),(962,74,186,2,'KGS',500,0,NULL,NULL,NULL,NULL,NULL,NULL,NULL,NULL,NULL,NULL,NULL,'2023-12-14 15:08:11','2023-12-14 15:08:11'),(963,38,80,2,'KGS',5000,5,NULL,NULL,NULL,NULL,NULL,NULL,NULL,'2023-12-14 15:09:22',NULL,NULL,NULL,'2023-12-14 15:08:24','2023-12-14 15:09:22'),(964,60,123,2,'KGS',1000,5,NULL,NULL,NULL,NULL,NULL,NULL,NULL,'2023-12-14 15:22:47',NULL,NULL,NULL,'2023-12-14 15:17:37','2023-12-14 15:22:47'),(965,119,338,2,'KGS',1000,5,NULL,NULL,NULL,NULL,NULL,NULL,NULL,'2023-12-14 15:28:37',NULL,NULL,NULL,'2023-12-14 15:26:59','2023-12-14 15:28:37'),(966,109,322,2,'KGS',490,5,NULL,NULL,NULL,NULL,NULL,NULL,NULL,'2023-12-14 15:37:09',NULL,NULL,NULL,'2023-12-14 15:34:57','2023-12-14 15:37:09'),(967,34,87,2,'KGS',16000,5,NULL,NULL,NULL,NULL,NULL,NULL,NULL,'2023-12-14 15:39:45',NULL,NULL,NULL,'2023-12-14 15:38:49','2023-12-14 15:39:45'),(968,65,168,2,'KGS',500,5,NULL,NULL,NULL,NULL,NULL,NULL,NULL,'2023-12-14 15:55:18',NULL,NULL,NULL,'2023-12-14 15:54:39','2023-12-14 15:55:18'),(969,54,114,2,'KGS',1000,5,NULL,NULL,NULL,NULL,NULL,NULL,NULL,'2023-12-14 16:05:42',NULL,NULL,NULL,'2023-12-14 16:04:05','2023-12-14 16:05:42'),(970,38,80,2,'KGS',4000,5,NULL,NULL,NULL,NULL,NULL,NULL,NULL,'2023-12-14 16:58:01',NULL,NULL,NULL,'2023-12-14 16:57:05','2023-12-14 16:58:01'),(971,34,87,2,'KGS',3000,5,NULL,NULL,NULL,NULL,NULL,NULL,NULL,'2023-12-14 17:02:14',NULL,NULL,NULL,'2023-12-14 17:00:50','2023-12-14 17:02:14'),(972,94,283,2,'KGS',500,5,NULL,NULL,NULL,NULL,NULL,NULL,NULL,'2023-12-14 17:08:23',NULL,NULL,NULL,'2023-12-14 17:07:44','2023-12-14 17:08:23'),(973,94,283,2,'KGS',300,5,NULL,NULL,NULL,NULL,NULL,NULL,NULL,'2023-12-14 17:21:58',NULL,NULL,NULL,'2023-12-14 17:21:16','2023-12-14 17:21:58'),(974,38,80,2,'KGS',4000,5,NULL,NULL,NULL,NULL,NULL,NULL,NULL,'2023-12-14 17:47:05',NULL,NULL,NULL,'2023-12-14 17:43:50','2023-12-14 17:47:05'),(975,25,59,2,'KGS',1000,5,NULL,NULL,NULL,NULL,NULL,NULL,NULL,'2023-12-14 18:40:37',NULL,NULL,NULL,'2023-12-14 18:37:23','2023-12-14 18:40:37'),(976,38,80,2,'KGS',3600,5,NULL,NULL,NULL,NULL,NULL,NULL,NULL,'2023-12-14 18:47:39',NULL,NULL,NULL,'2023-12-14 18:47:01','2023-12-14 18:47:39'),(977,52,112,2,'KGS',1000,5,NULL,NULL,NULL,NULL,NULL,NULL,NULL,'2023-12-14 18:58:48',NULL,NULL,NULL,'2023-12-14 18:56:19','2023-12-14 18:58:48'),(978,34,87,2,'KGS',10000,5,NULL,NULL,NULL,NULL,NULL,NULL,NULL,'2023-12-14 19:11:09',NULL,NULL,NULL,'2023-12-14 19:09:54','2023-12-14 19:11:09'),(979,121,339,2,'KGS',3500,5,NULL,NULL,NULL,NULL,NULL,NULL,NULL,'2023-12-14 19:35:24',NULL,NULL,NULL,'2023-12-14 19:33:14','2023-12-14 19:35:24'),(980,101,304,2,'KGS',4600,5,NULL,NULL,NULL,NULL,NULL,NULL,NULL,'2023-12-14 19:51:09',NULL,NULL,NULL,'2023-12-14 19:49:26','2023-12-14 19:51:09'),(981,20,50,2,'KGS',5000,5,NULL,NULL,NULL,NULL,NULL,NULL,NULL,'2023-12-14 20:18:22',NULL,NULL,NULL,'2023-12-14 20:15:54','2023-12-14 20:18:22'),(982,61,161,2,'KGS',15000,5,NULL,NULL,NULL,NULL,NULL,NULL,NULL,'2023-12-14 20:23:51',NULL,NULL,NULL,'2023-12-14 20:21:36','2023-12-14 20:23:51'),(983,34,87,2,'KGS',9000,5,NULL,NULL,NULL,NULL,NULL,NULL,NULL,'2023-12-14 20:27:30',NULL,NULL,NULL,'2023-12-14 20:25:59','2023-12-14 20:27:30'),(984,103,308,2,'KGS',1000,5,NULL,NULL,NULL,NULL,NULL,NULL,NULL,'2023-12-14 20:36:36',NULL,NULL,NULL,'2023-12-14 20:34:40','2023-12-14 20:36:36'),(985,65,168,2,'KGS',5000,5,NULL,NULL,NULL,NULL,NULL,NULL,NULL,'2023-12-14 21:16:05',NULL,NULL,NULL,'2023-12-14 21:15:23','2023-12-14 21:16:05'),(986,121,339,3,'KGS',7094,5,NULL,NULL,NULL,'4169585345692189',NULL,NULL,NULL,'2023-12-14 21:27:31',NULL,NULL,NULL,'2023-12-14 21:26:28','2023-12-14 21:27:31'),(987,103,308,2,'KGS',1000,5,NULL,NULL,NULL,NULL,NULL,NULL,NULL,'2023-12-14 21:43:55',NULL,NULL,NULL,'2023-12-14 21:40:48','2023-12-14 21:43:55'),(988,34,87,2,'KGS',6000,5,NULL,NULL,NULL,NULL,NULL,NULL,NULL,'2023-12-14 21:57:50',NULL,NULL,NULL,'2023-12-14 21:56:26','2023-12-14 21:57:50'),(989,103,308,2,'KGS',2000,5,NULL,NULL,NULL,NULL,NULL,NULL,NULL,'2023-12-14 22:26:22',NULL,NULL,NULL,'2023-12-14 22:14:24','2023-12-14 22:26:22'),(990,33,73,2,'KGS',2300,5,NULL,NULL,NULL,NULL,NULL,NULL,NULL,'2023-12-15 03:02:53',NULL,NULL,NULL,'2023-12-15 03:00:51','2023-12-15 03:02:53'),(991,52,112,2,'KGS',1000,5,NULL,NULL,NULL,NULL,NULL,NULL,NULL,'2023-12-15 04:24:41',NULL,NULL,NULL,'2023-12-15 04:23:32','2023-12-15 04:24:41'),(992,52,112,2,'KGS',1000,5,NULL,NULL,NULL,NULL,NULL,NULL,NULL,'2023-12-15 04:30:49',NULL,NULL,NULL,'2023-12-15 04:28:23','2023-12-15 04:30:49'),(993,96,293,2,'KGS',500,5,NULL,NULL,NULL,NULL,NULL,NULL,NULL,'2023-12-15 04:36:27',NULL,NULL,NULL,'2023-12-15 04:33:50','2023-12-15 04:36:27'),(994,65,168,2,'KGS',3000,0,NULL,NULL,NULL,NULL,NULL,NULL,NULL,NULL,NULL,NULL,NULL,'2023-12-15 05:22:55','2023-12-15 05:22:55'),(995,65,168,2,'KGS',3000,5,NULL,NULL,NULL,NULL,NULL,NULL,NULL,'2023-12-15 05:26:29',NULL,NULL,NULL,'2023-12-15 05:25:26','2023-12-15 05:26:29'),(996,65,168,2,'KGS',3000,5,NULL,NULL,NULL,NULL,NULL,NULL,NULL,'2023-12-15 05:35:17',NULL,NULL,NULL,'2023-12-15 05:34:40','2023-12-15 05:35:17'),(997,52,112,2,'KGS',1000,5,NULL,NULL,NULL,NULL,NULL,NULL,NULL,'2023-12-15 05:38:08',NULL,NULL,NULL,'2023-12-15 05:36:38','2023-12-15 05:38:08'),(998,60,123,2,'KGS',1000,0,NULL,NULL,NULL,NULL,NULL,NULL,NULL,NULL,NULL,NULL,NULL,'2023-12-15 07:06:27','2023-12-15 07:06:27'),(999,60,123,2,'KGS',1000,5,NULL,NULL,NULL,NULL,NULL,NULL,NULL,'2023-12-15 07:29:38',NULL,NULL,NULL,'2023-12-15 07:26:56','2023-12-15 07:29:38'),(1000,94,283,2,'KGS',500,5,NULL,NULL,NULL,NULL,NULL,NULL,NULL,'2023-12-15 10:13:38',NULL,NULL,NULL,'2023-12-15 10:12:49','2023-12-15 10:13:38'),(1001,25,59,2,'KGS',2000,5,NULL,NULL,NULL,NULL,NULL,NULL,NULL,'2023-12-15 10:20:26',NULL,NULL,NULL,'2023-12-15 10:19:10','2023-12-15 10:20:26'),(1002,94,283,2,'KGS',1000,5,NULL,NULL,NULL,NULL,NULL,NULL,NULL,'2023-12-15 10:20:27',NULL,NULL,NULL,'2023-12-15 10:19:57','2023-12-15 10:20:27'),(1003,101,304,2,'KGS',5000,5,NULL,NULL,NULL,NULL,NULL,NULL,NULL,'2023-12-15 10:42:48',NULL,NULL,NULL,'2023-12-15 10:41:04','2023-12-15 10:42:48'),(1004,50,108,2,'KGS',950,5,NULL,NULL,NULL,NULL,NULL,NULL,NULL,'2023-12-15 11:06:45',NULL,NULL,NULL,'2023-12-15 11:04:39','2023-12-15 11:06:45'),(1005,121,339,2,'KGS',3500,5,NULL,NULL,NULL,NULL,NULL,NULL,NULL,'2023-12-15 12:08:45',NULL,NULL,NULL,'2023-12-15 12:03:05','2023-12-15 12:08:45'),(1006,34,87,2,'KGS',3200,0,NULL,NULL,NULL,NULL,NULL,NULL,NULL,NULL,NULL,NULL,NULL,'2023-12-15 12:22:18','2023-12-15 12:22:18'),(1007,101,304,3,'KGS',6000,0,NULL,NULL,NULL,'4169585345304421',NULL,NULL,NULL,NULL,NULL,NULL,NULL,'2023-12-15 14:18:37','2023-12-15 14:18:37'),(1008,34,87,2,'KGS',6000,5,NULL,NULL,NULL,NULL,NULL,NULL,NULL,'2023-12-15 14:32:44',NULL,NULL,NULL,'2023-12-15 14:31:33','2023-12-15 14:32:44'),(1009,105,306,2,'KGS',6000,5,NULL,NULL,NULL,NULL,NULL,NULL,NULL,'2023-12-15 14:39:29',NULL,NULL,NULL,'2023-12-15 14:37:14','2023-12-15 14:39:29'),(1010,121,339,3,'KGS',11211,5,NULL,NULL,NULL,'4169585345692189',NULL,NULL,NULL,'2023-12-15 14:40:51',NULL,NULL,NULL,'2023-12-15 14:38:26','2023-12-15 14:40:51'),(1011,96,293,2,'KGS',700,0,NULL,NULL,NULL,NULL,NULL,NULL,NULL,NULL,NULL,NULL,NULL,'2023-12-15 14:43:02','2023-12-15 14:43:02'),(1012,96,293,2,'KGS',700,5,NULL,NULL,NULL,NULL,NULL,NULL,NULL,'2023-12-15 14:58:00',NULL,NULL,NULL,'2023-12-15 14:57:09','2023-12-15 14:58:00'),(1013,54,114,2,'KGS',1000,5,NULL,NULL,NULL,NULL,NULL,NULL,NULL,'2023-12-15 14:59:42',NULL,NULL,NULL,'2023-12-15 14:59:16','2023-12-15 14:59:42'),(1014,61,161,2,'KGS',16300,5,NULL,NULL,NULL,NULL,NULL,NULL,NULL,'2023-12-15 15:36:45',NULL,NULL,NULL,'2023-12-15 15:34:46','2023-12-15 15:36:45'),(1015,94,283,2,'KGS',500,5,NULL,NULL,NULL,NULL,NULL,NULL,NULL,'2023-12-15 15:41:52',NULL,NULL,NULL,'2023-12-15 15:41:10','2023-12-15 15:41:52'),(1016,50,107,2,'KGS',1000,5,NULL,NULL,NULL,NULL,NULL,NULL,NULL,'2023-12-15 16:59:36',NULL,NULL,NULL,'2023-12-15 16:58:19','2023-12-15 16:59:36'),(1017,94,283,2,'KGS',500,5,NULL,NULL,NULL,NULL,NULL,NULL,NULL,'2023-12-15 17:07:54',NULL,NULL,NULL,'2023-12-15 17:07:20','2023-12-15 17:07:54'),(1018,101,304,2,'KGS',2000,5,NULL,NULL,NULL,NULL,NULL,NULL,NULL,'2023-12-15 17:28:16',NULL,NULL,NULL,'2023-12-15 17:26:48','2023-12-15 17:28:16'),(1019,61,161,2,'KGS',4000,5,NULL,NULL,NULL,NULL,NULL,NULL,NULL,'2023-12-15 17:32:21',NULL,NULL,NULL,'2023-12-15 17:31:51','2023-12-15 17:32:21'),(1020,94,283,2,'KGS',186,5,NULL,NULL,NULL,NULL,NULL,NULL,NULL,'2023-12-15 17:41:26',NULL,NULL,NULL,'2023-12-15 17:40:44','2023-12-15 17:41:26'),(1021,38,80,2,'KGS',3000,5,NULL,NULL,NULL,NULL,NULL,NULL,NULL,'2023-12-15 17:58:24',NULL,NULL,NULL,'2023-12-15 17:57:08','2023-12-15 17:58:24'),(1022,94,283,3,'KGS',186,6,NULL,NULL,NULL,'505038292 мбанк',NULL,NULL,NULL,NULL,NULL,NULL,NULL,'2023-12-15 18:09:23','2023-12-15 18:09:38'),(1023,38,80,2,'KGS',5000,5,NULL,NULL,NULL,NULL,NULL,NULL,NULL,'2023-12-15 18:11:46',NULL,NULL,NULL,'2023-12-15 18:11:07','2023-12-15 18:11:46'),(1024,38,80,2,'KGS',4000,5,NULL,NULL,NULL,NULL,NULL,NULL,NULL,'2023-12-15 18:59:04',NULL,NULL,NULL,'2023-12-15 18:57:16','2023-12-15 18:59:04'),(1025,38,80,2,'KGS',3000,5,NULL,NULL,NULL,NULL,NULL,NULL,NULL,'2023-12-15 19:03:38',NULL,NULL,NULL,'2023-12-15 19:02:48','2023-12-15 19:03:38'),(1026,38,80,2,'KGS',5000,5,NULL,NULL,NULL,NULL,NULL,NULL,NULL,'2023-12-15 19:07:55',NULL,NULL,NULL,'2023-12-15 19:06:02','2023-12-15 19:07:55'),(1027,38,80,2,'KGS',9000,5,NULL,NULL,NULL,NULL,NULL,NULL,NULL,'2023-12-15 19:30:22',NULL,NULL,NULL,'2023-12-15 19:29:39','2023-12-15 19:30:22'),(1028,38,80,2,'KGS',5000,5,NULL,NULL,NULL,NULL,NULL,NULL,NULL,'2023-12-15 19:35:42',NULL,NULL,NULL,'2023-12-15 19:34:37','2023-12-15 19:35:42'),(1029,38,80,2,'KGS',5000,5,NULL,NULL,NULL,NULL,NULL,NULL,NULL,'2023-12-15 19:43:51',NULL,NULL,NULL,'2023-12-15 19:42:35','2023-12-15 19:43:51'),(1030,38,80,2,'KGS',5000,5,NULL,NULL,NULL,NULL,NULL,NULL,NULL,'2023-12-15 19:47:34',NULL,NULL,NULL,'2023-12-15 19:46:32','2023-12-15 19:47:34'),(1031,65,168,2,'KGS',500,5,NULL,NULL,NULL,NULL,NULL,NULL,NULL,'2023-12-15 20:43:58',NULL,NULL,NULL,'2023-12-15 20:43:20','2023-12-15 20:43:58'),(1032,65,168,2,'KGS',3000,5,NULL,NULL,NULL,NULL,NULL,NULL,NULL,'2023-12-15 21:16:15',NULL,NULL,NULL,'2023-12-15 21:15:43','2023-12-15 21:16:15'),(1033,103,308,2,'KGS',3000,5,NULL,NULL,NULL,NULL,NULL,NULL,NULL,'2023-12-15 21:49:05',NULL,NULL,NULL,'2023-12-15 21:46:15','2023-12-15 21:49:05'),(1034,103,308,2,'KGS',5000,5,NULL,NULL,NULL,NULL,NULL,NULL,NULL,'2023-12-15 22:53:34',NULL,NULL,NULL,'2023-12-15 22:51:49','2023-12-15 22:53:34'),(1035,38,80,2,'KGS',5000,5,NULL,NULL,NULL,NULL,NULL,NULL,NULL,'2023-12-15 23:15:04',NULL,NULL,NULL,'2023-12-15 23:14:20','2023-12-15 23:15:04'),(1036,96,293,2,'KGS',1300,5,NULL,NULL,NULL,NULL,NULL,NULL,NULL,'2023-12-16 00:56:33',NULL,NULL,NULL,'2023-12-16 00:53:32','2023-12-16 00:56:33'),(1037,96,293,3,'KGS',4000,5,NULL,NULL,NULL,'996555622622',NULL,NULL,NULL,'2023-12-16 02:13:33',NULL,NULL,NULL,'2023-12-16 02:07:30','2023-12-16 02:13:33'),(1038,96,293,3,'KGS',1696,0,NULL,NULL,NULL,'555996622622',NULL,NULL,NULL,NULL,NULL,NULL,NULL,'2023-12-16 02:22:25','2023-12-16 02:22:25'),(1039,96,293,2,'KGS',1600,0,NULL,NULL,NULL,NULL,NULL,NULL,NULL,NULL,NULL,NULL,NULL,'2023-12-16 02:39:19','2023-12-16 02:39:19'),(1040,96,293,2,'KGS',1600,5,NULL,NULL,NULL,NULL,NULL,NULL,NULL,'2023-12-16 02:55:51',NULL,NULL,NULL,'2023-12-16 02:50:22','2023-12-16 02:55:51'),(1041,61,161,2,'KGS',1000,5,NULL,NULL,NULL,NULL,NULL,NULL,NULL,'2023-12-16 04:06:51',NULL,NULL,NULL,'2023-12-16 04:05:33','2023-12-16 04:06:51'),(1042,61,161,3,'KGS',4125,5,NULL,NULL,NULL,'4169 5853 5585 0164',NULL,NULL,NULL,'2023-12-16 05:53:33',NULL,NULL,NULL,'2023-12-16 05:52:14','2023-12-16 05:53:33'),(1043,61,161,3,'KGS',1500,5,NULL,NULL,NULL,'4169 5853 5585 0164',NULL,NULL,NULL,'2023-12-16 06:19:48',NULL,NULL,NULL,'2023-12-16 06:08:38','2023-12-16 06:19:48'),(1044,20,50,2,'KGS',3000,5,NULL,NULL,NULL,NULL,NULL,NULL,NULL,'2023-12-16 07:19:13',NULL,NULL,NULL,'2023-12-16 07:18:00','2023-12-16 07:19:13'),(1045,94,283,2,'KGS',320,5,NULL,NULL,NULL,NULL,NULL,NULL,NULL,'2023-12-16 08:17:36',NULL,NULL,NULL,'2023-12-16 08:16:43','2023-12-16 08:17:36'),(1046,96,293,2,'KGS',500,5,NULL,NULL,NULL,NULL,NULL,NULL,NULL,'2023-12-16 08:32:06',NULL,NULL,NULL,'2023-12-16 08:30:02','2023-12-16 08:32:06'),(1047,94,283,2,'KGS',200,5,NULL,NULL,NULL,NULL,NULL,NULL,NULL,'2023-12-16 08:51:21',NULL,NULL,NULL,'2023-12-16 08:50:43','2023-12-16 08:51:21'),(1048,96,293,2,'KGS',2500,5,NULL,NULL,NULL,NULL,NULL,NULL,NULL,'2023-12-16 08:57:33',NULL,NULL,NULL,'2023-12-16 08:56:45','2023-12-16 08:57:33'),(1049,20,50,3,'KGS',4686,5,NULL,NULL,NULL,'4169585343268842',NULL,NULL,NULL,'2023-12-16 09:03:51',NULL,NULL,NULL,'2023-12-16 09:01:46','2023-12-16 09:03:51'),(1050,121,339,2,'KGS',3500,5,NULL,NULL,NULL,NULL,NULL,NULL,NULL,'2023-12-16 09:29:07',NULL,NULL,NULL,'2023-12-16 09:26:51','2023-12-16 09:29:07'),(1051,52,112,2,'KGS',1000,5,NULL,NULL,NULL,NULL,NULL,NULL,NULL,'2023-12-16 09:52:59',NULL,NULL,NULL,'2023-12-16 09:51:22','2023-12-16 09:52:59'),(1052,94,283,3,'KGS',900,5,NULL,NULL,NULL,'505038292 мбанк',NULL,NULL,NULL,'2023-12-16 09:58:51',NULL,NULL,NULL,'2023-12-16 09:58:01','2023-12-16 09:58:51'),(1053,65,168,2,'KGS',5000,5,NULL,NULL,NULL,NULL,NULL,NULL,NULL,'2023-12-16 13:22:50',NULL,NULL,NULL,'2023-12-16 13:21:24','2023-12-16 13:22:50'),(1054,124,341,2,'KGS',5000,5,NULL,NULL,NULL,NULL,NULL,NULL,NULL,'2023-12-16 13:57:14',NULL,NULL,NULL,'2023-12-16 13:47:29','2023-12-16 13:57:14'),(1055,94,283,3,'KGS',900,5,NULL,NULL,NULL,'505038292 мбанк',NULL,NULL,NULL,'2023-12-16 14:30:26',NULL,NULL,NULL,'2023-12-16 14:29:06','2023-12-16 14:30:26'),(1056,94,283,2,'KGS',500,5,NULL,NULL,NULL,NULL,NULL,NULL,NULL,'2023-12-16 15:10:40',NULL,NULL,NULL,'2023-12-16 15:09:49','2023-12-16 15:10:40'),(1057,25,59,2,'KGS',1000,5,NULL,NULL,NULL,NULL,NULL,NULL,NULL,'2023-12-16 15:38:45',NULL,NULL,NULL,'2023-12-16 15:37:11','2023-12-16 15:38:45'),(1058,60,123,2,'KGS',1000,5,NULL,NULL,NULL,NULL,NULL,NULL,NULL,'2023-12-16 15:56:25',NULL,NULL,NULL,'2023-12-16 15:54:10','2023-12-16 15:56:25'),(1059,25,59,2,'KGS',1000,5,NULL,NULL,NULL,NULL,NULL,NULL,NULL,'2023-12-16 16:17:34',NULL,NULL,NULL,'2023-12-16 16:15:00','2023-12-16 16:17:34'),(1060,24,58,3,'KGS',3100,5,NULL,NULL,NULL,'4169585358860665',NULL,NULL,NULL,'2023-12-16 18:08:03',NULL,NULL,NULL,'2023-12-16 18:07:17','2023-12-16 18:08:03'),(1061,101,342,2,'KGS',1000,5,NULL,NULL,NULL,NULL,NULL,NULL,NULL,'2023-12-16 18:41:23',NULL,NULL,NULL,'2023-12-16 18:37:58','2023-12-16 18:41:23'),(1062,38,80,2,'KGS',5000,5,NULL,NULL,NULL,NULL,NULL,NULL,NULL,'2023-12-16 19:48:00',NULL,NULL,NULL,'2023-12-16 19:47:08','2023-12-16 19:48:00'),(1063,25,59,2,'KGS',1000,5,NULL,NULL,NULL,NULL,NULL,NULL,NULL,'2023-12-16 19:55:31',NULL,NULL,NULL,'2023-12-16 19:54:08','2023-12-16 19:55:31'),(1064,38,80,2,'KGS',5000,5,NULL,NULL,NULL,NULL,NULL,NULL,NULL,'2023-12-16 20:06:30',NULL,NULL,NULL,'2023-12-16 20:05:04','2023-12-16 20:06:30'),(1065,61,161,2,'KGS',5500,5,NULL,NULL,NULL,NULL,NULL,NULL,NULL,'2023-12-16 20:19:33',NULL,NULL,NULL,'2023-12-16 20:15:51','2023-12-16 20:19:33'),(1066,60,123,2,'KGS',1000,5,NULL,NULL,NULL,NULL,NULL,NULL,NULL,'2023-12-16 20:28:23',NULL,NULL,NULL,'2023-12-16 20:19:48','2023-12-16 20:28:23'),(1067,109,322,2,'KGS',520,5,NULL,NULL,NULL,NULL,NULL,NULL,NULL,'2023-12-16 20:33:37',NULL,NULL,NULL,'2023-12-16 20:31:52','2023-12-16 20:33:37'),(1068,38,80,2,'KGS',2200,5,NULL,NULL,NULL,NULL,NULL,NULL,NULL,'2023-12-16 20:36:35',NULL,NULL,NULL,'2023-12-16 20:36:09','2023-12-16 20:36:35'),(1069,94,283,2,'KGS',500,0,NULL,NULL,NULL,NULL,NULL,NULL,NULL,NULL,NULL,NULL,NULL,'2023-12-16 20:44:58','2023-12-16 20:44:58'),(1070,65,168,2,'KGS',500,5,NULL,NULL,NULL,NULL,NULL,NULL,NULL,'2023-12-16 20:45:49',NULL,NULL,NULL,'2023-12-16 20:45:04','2023-12-16 20:45:49'),(1071,94,283,2,'KGS',500,5,NULL,NULL,NULL,NULL,NULL,NULL,NULL,'2023-12-16 20:51:46',NULL,NULL,NULL,'2023-12-16 20:51:04','2023-12-16 20:51:46'),(1072,33,73,3,'KGS',35000,5,NULL,NULL,NULL,'4169585350000088',NULL,NULL,NULL,'2023-12-17 06:23:30',NULL,NULL,NULL,'2023-12-17 06:22:35','2023-12-17 06:23:30'),(1073,33,74,2,'KGS',5000,5,NULL,NULL,NULL,NULL,NULL,NULL,NULL,'2023-12-17 07:22:11',NULL,NULL,NULL,'2023-12-17 07:20:29','2023-12-17 07:22:11'),(1074,121,339,3,'KGS',1117,5,NULL,NULL,NULL,'4169585345692189',NULL,NULL,NULL,'2023-12-17 07:52:10',NULL,NULL,NULL,'2023-12-17 07:50:59','2023-12-17 07:52:10'),(1075,50,107,2,'KGS',1300,5,NULL,NULL,NULL,NULL,NULL,NULL,NULL,'2023-12-17 08:58:00',NULL,NULL,NULL,'2023-12-17 08:56:42','2023-12-17 08:58:00'),(1076,25,59,3,'KGS',7012,5,NULL,NULL,NULL,'4169 5853 5719 8208 оптима',NULL,NULL,NULL,'2023-12-17 09:12:48',NULL,NULL,NULL,'2023-12-17 09:04:27','2023-12-17 09:12:48'),(1077,43,91,2,'KGS',500,5,NULL,NULL,NULL,NULL,NULL,NULL,NULL,'2023-12-17 11:02:19',NULL,NULL,NULL,'2023-12-17 10:55:37','2023-12-17 11:02:19'),(1078,65,168,2,'KGS',5000,5,NULL,NULL,NULL,NULL,NULL,NULL,NULL,'2023-12-17 11:15:06',NULL,NULL,NULL,'2023-12-17 11:14:16','2023-12-17 11:15:06'),(1079,101,304,3,'KGS',4000,6,NULL,NULL,NULL,'4169585345304421',NULL,NULL,NULL,NULL,NULL,NULL,NULL,'2023-12-17 11:34:03','2023-12-17 11:34:36'),(1080,101,304,3,'KGS',4000,5,NULL,NULL,NULL,'4169585345304421',NULL,NULL,NULL,'2023-12-17 11:40:21',NULL,NULL,NULL,'2023-12-17 11:37:39','2023-12-17 11:40:21'),(1081,101,342,2,'KGS',1400,5,NULL,NULL,NULL,NULL,NULL,NULL,NULL,'2023-12-17 14:04:37',NULL,NULL,NULL,'2023-12-17 14:03:16','2023-12-17 14:04:37'),(1082,96,293,2,'KGS',500,5,NULL,NULL,NULL,NULL,NULL,NULL,NULL,'2023-12-17 14:49:51',NULL,NULL,NULL,'2023-12-17 14:48:49','2023-12-17 14:49:51'),(1083,38,80,2,'KGS',3000,5,NULL,NULL,NULL,NULL,NULL,NULL,NULL,'2023-12-17 16:07:33',NULL,NULL,NULL,'2023-12-17 16:00:33','2023-12-17 16:07:33'),(1084,124,341,2,'KGS',5000,5,NULL,NULL,NULL,NULL,NULL,NULL,NULL,'2023-12-17 16:13:12',NULL,NULL,NULL,'2023-12-17 16:10:14','2023-12-17 16:13:12'),(1085,65,168,2,'KGS',3000,5,NULL,NULL,NULL,NULL,NULL,NULL,NULL,'2023-12-17 16:15:51',NULL,NULL,NULL,'2023-12-17 16:15:01','2023-12-17 16:15:51'),(1086,45,94,2,'KGS',400,5,NULL,NULL,NULL,NULL,NULL,NULL,NULL,'2023-12-17 16:22:08',NULL,NULL,NULL,'2023-12-17 16:20:18','2023-12-17 16:22:08'),(1087,65,168,2,'KGS',2000,5,NULL,NULL,NULL,NULL,NULL,NULL,NULL,'2023-12-17 16:30:44',NULL,NULL,NULL,'2023-12-17 16:29:56','2023-12-17 16:30:44'),(1088,38,80,2,'KGS',3000,5,NULL,NULL,NULL,NULL,NULL,NULL,NULL,'2023-12-17 16:55:27',NULL,NULL,NULL,'2023-12-17 16:54:09','2023-12-17 16:55:27'),(1089,38,80,2,'KGS',5000,5,NULL,NULL,NULL,NULL,NULL,NULL,NULL,'2023-12-17 17:15:23',NULL,NULL,NULL,'2023-12-17 17:14:10','2023-12-17 17:15:23'),(1090,61,178,2,'KGS',2300,5,NULL,NULL,NULL,NULL,NULL,NULL,NULL,'2023-12-17 18:06:08',NULL,NULL,NULL,'2023-12-17 17:56:51','2023-12-17 18:06:08'),(1091,38,80,2,'KGS',5000,5,NULL,NULL,NULL,NULL,NULL,NULL,NULL,'2023-12-17 18:16:55',NULL,NULL,NULL,'2023-12-17 18:16:19','2023-12-17 18:16:55'),(1092,33,73,3,'KGS',25000,5,NULL,NULL,NULL,'4169585350000088',NULL,NULL,NULL,'2023-12-17 18:25:16',NULL,NULL,NULL,'2023-12-17 18:23:42','2023-12-17 18:25:16'),(1093,43,91,2,'KGS',500,5,NULL,NULL,NULL,NULL,NULL,NULL,NULL,'2023-12-17 18:46:02',NULL,NULL,NULL,'2023-12-17 18:44:25','2023-12-17 18:46:02'),(1094,34,87,3,'KGS',31200,5,NULL,NULL,NULL,'4169 5853 5112 1164',NULL,NULL,NULL,'2023-12-17 19:07:38',NULL,NULL,NULL,'2023-12-17 19:06:44','2023-12-17 19:07:38'),(1095,60,123,2,'KGS',500,5,NULL,NULL,NULL,NULL,NULL,NULL,NULL,'2023-12-17 19:41:51',NULL,NULL,NULL,'2023-12-17 19:41:04','2023-12-17 19:41:51'),(1096,65,168,2,'KGS',2000,5,NULL,NULL,NULL,NULL,NULL,NULL,NULL,'2023-12-17 19:51:32',NULL,NULL,NULL,'2023-12-17 19:51:10','2023-12-17 19:51:32'),(1097,96,293,2,'KGS',700,5,NULL,NULL,NULL,NULL,NULL,NULL,NULL,'2023-12-17 20:51:38',NULL,NULL,NULL,'2023-12-17 20:50:50','2023-12-17 20:51:38'),(1098,60,123,2,'KGS',500,5,NULL,NULL,NULL,NULL,NULL,NULL,NULL,'2023-12-17 22:23:36',NULL,NULL,NULL,'2023-12-17 22:22:46','2023-12-17 22:23:36'),(1099,96,293,2,'KGS',2500,5,NULL,NULL,NULL,NULL,NULL,NULL,NULL,'2023-12-17 22:59:43',NULL,NULL,NULL,'2023-12-17 22:57:33','2023-12-17 22:59:43'),(1100,96,293,3,'KGS',3000,5,NULL,NULL,NULL,'996555622622',NULL,NULL,NULL,'2023-12-18 02:35:59',NULL,NULL,NULL,'2023-12-18 02:34:30','2023-12-18 02:35:59'),(1101,33,73,2,'KGS',3200,5,NULL,NULL,NULL,NULL,NULL,NULL,NULL,'2023-12-18 04:07:15',NULL,NULL,NULL,'2023-12-18 04:05:43','2023-12-18 04:07:15'),(1102,33,73,2,'KGS',3200,5,NULL,NULL,NULL,NULL,NULL,NULL,NULL,'2023-12-18 05:24:23',NULL,NULL,NULL,'2023-12-18 04:22:12','2023-12-18 05:24:23'),(1103,33,73,2,'KGS',2800,5,NULL,NULL,NULL,NULL,NULL,NULL,NULL,'2023-12-18 05:40:45',NULL,NULL,NULL,'2023-12-18 05:39:52','2023-12-18 05:40:45'),(1104,65,168,2,'KGS',1009,5,NULL,NULL,NULL,NULL,NULL,NULL,NULL,'2023-12-18 05:41:51',NULL,NULL,NULL,'2023-12-18 05:40:57','2023-12-18 05:41:51'),(1105,96,293,3,'KGS',1500,5,NULL,NULL,NULL,'996555622622',NULL,NULL,NULL,'2023-12-18 06:52:31',NULL,NULL,NULL,'2023-12-18 06:50:30','2023-12-18 06:52:31'),(1106,109,322,2,'KGS',1140,5,NULL,NULL,NULL,NULL,NULL,NULL,NULL,'2023-12-18 08:53:18',NULL,NULL,NULL,'2023-12-18 08:50:51','2023-12-18 08:53:18'),(1107,64,160,2,'KGS',1000,5,NULL,NULL,NULL,NULL,NULL,NULL,NULL,'2023-12-18 10:19:09',NULL,NULL,NULL,'2023-12-18 10:12:51','2023-12-18 10:19:09'),(1108,50,107,2,'KGS',700,5,NULL,NULL,NULL,NULL,NULL,NULL,NULL,'2023-12-18 10:23:23',NULL,NULL,NULL,'2023-12-18 10:22:03','2023-12-18 10:23:23'),(1109,96,293,2,'KGS',700,5,NULL,NULL,NULL,NULL,NULL,NULL,NULL,'2023-12-18 11:55:11',NULL,NULL,NULL,'2023-12-18 11:36:37','2023-12-18 11:55:11'),(1110,96,293,2,'KGS',700,6,NULL,NULL,NULL,NULL,NULL,NULL,NULL,NULL,NULL,NULL,NULL,'2023-12-18 11:46:04','2023-12-18 11:53:58'),(1111,33,73,2,'KGS',4000,5,NULL,NULL,NULL,NULL,NULL,NULL,NULL,'2023-12-18 12:33:16',NULL,NULL,NULL,'2023-12-18 11:50:23','2023-12-18 12:33:16'),(1112,96,293,2,'KGS',700,6,NULL,NULL,NULL,NULL,NULL,NULL,NULL,NULL,NULL,NULL,NULL,'2023-12-18 11:53:04','2023-12-18 11:53:42'),(1113,96,293,2,'KGS',700,6,NULL,NULL,NULL,NULL,NULL,NULL,NULL,NULL,NULL,NULL,NULL,'2023-12-18 11:54:38','2023-12-18 11:55:07'),(1114,25,59,2,'KGS',2000,5,NULL,NULL,NULL,NULL,NULL,NULL,NULL,'2023-12-18 12:02:08',NULL,NULL,NULL,'2023-12-18 11:58:44','2023-12-18 12:02:08'),(1115,99,297,3,'KGS',900,5,NULL,NULL,NULL,'4169585340331320',NULL,NULL,NULL,'2023-12-18 12:30:40',NULL,NULL,NULL,'2023-12-18 12:06:34','2023-12-18 12:30:40'),(1116,105,306,2,'KGS',3500,5,NULL,NULL,NULL,NULL,NULL,NULL,NULL,'2023-12-18 12:49:37',NULL,NULL,NULL,'2023-12-18 12:39:28','2023-12-18 12:49:37'),(1117,105,306,2,'KGS',3500,6,NULL,NULL,NULL,NULL,NULL,NULL,NULL,NULL,NULL,NULL,NULL,'2023-12-18 12:47:35','2023-12-18 12:49:39'),(1118,103,308,2,'KGS',1000,5,NULL,NULL,NULL,NULL,NULL,NULL,NULL,'2023-12-18 13:21:21',NULL,NULL,NULL,'2023-12-18 13:19:59','2023-12-18 13:21:21'),(1119,94,283,2,'KGS',500,5,NULL,NULL,NULL,NULL,NULL,NULL,NULL,'2023-12-18 13:39:29',NULL,NULL,NULL,'2023-12-18 13:37:59','2023-12-18 13:39:29'),(1120,94,283,2,'KGS',500,5,NULL,NULL,NULL,NULL,NULL,NULL,NULL,'2023-12-18 13:46:31',NULL,NULL,NULL,'2023-12-18 13:45:44','2023-12-18 13:46:31'),(1121,25,59,3,'KGS',7000,6,NULL,NULL,NULL,'4169 5853 5719 8208 оптима',NULL,NULL,NULL,NULL,NULL,NULL,NULL,'2023-12-18 13:49:58','2023-12-18 14:27:09'),(1122,96,293,3,'KGS',2330,6,NULL,NULL,NULL,'996555622622',NULL,NULL,NULL,NULL,NULL,NULL,NULL,'2023-12-18 14:01:29','2023-12-18 14:27:11'),(1123,25,59,3,'KGS',7000,5,NULL,NULL,NULL,'4169 5853 5719 8208 оптима',NULL,NULL,NULL,'2023-12-18 14:30:46',NULL,NULL,NULL,'2023-12-18 14:29:15','2023-12-18 14:30:46'),(1124,74,186,2,'KGS',500,5,NULL,NULL,NULL,NULL,NULL,NULL,NULL,'2023-12-18 14:36:15',NULL,NULL,NULL,'2023-12-18 14:30:23','2023-12-18 14:36:15'),(1125,96,293,3,'KGS',2330,6,NULL,NULL,NULL,'996555622622',NULL,NULL,NULL,NULL,NULL,NULL,NULL,'2023-12-18 14:31:54','2023-12-18 14:32:37'),(1126,50,107,2,'KGS',700,5,NULL,NULL,NULL,NULL,NULL,NULL,NULL,'2023-12-18 14:39:39',NULL,NULL,NULL,'2023-12-18 14:38:28','2023-12-18 14:39:39'),(1127,96,293,3,'KGS',2300,6,NULL,NULL,NULL,'996555622622',NULL,NULL,NULL,NULL,NULL,NULL,NULL,'2023-12-18 14:39:32','2023-12-18 14:40:37'),(1128,96,293,3,'KGS',2330,5,NULL,NULL,NULL,'996555622622',NULL,NULL,NULL,'2023-12-18 14:51:16',NULL,NULL,NULL,'2023-12-18 14:44:13','2023-12-18 14:51:16'),(1129,94,283,2,'KGS',500,5,NULL,NULL,NULL,NULL,NULL,NULL,NULL,'2023-12-18 14:56:14',NULL,NULL,NULL,'2023-12-18 14:55:45','2023-12-18 14:56:14'),(1130,34,87,2,'KGS',9000,5,NULL,NULL,NULL,NULL,NULL,NULL,NULL,'2023-12-18 15:32:17',NULL,NULL,NULL,'2023-12-18 15:30:08','2023-12-18 15:32:17'),(1131,38,80,2,'KGS',5000,5,NULL,NULL,NULL,NULL,NULL,NULL,NULL,'2023-12-18 15:56:34',NULL,NULL,NULL,'2023-12-18 15:54:50','2023-12-18 15:56:34'),(1132,34,87,2,'KGS',6000,5,NULL,NULL,NULL,NULL,NULL,NULL,NULL,'2023-12-18 16:03:56',NULL,NULL,NULL,'2023-12-18 16:00:47','2023-12-18 16:03:56'),(1133,94,283,2,'KGS',80,5,NULL,NULL,NULL,NULL,NULL,NULL,NULL,'2023-12-18 16:03:24',NULL,NULL,NULL,'2023-12-18 16:01:39','2023-12-18 16:03:24'),(1134,38,80,2,'KGS',5000,5,NULL,NULL,NULL,NULL,NULL,NULL,NULL,'2023-12-18 16:34:06',NULL,NULL,NULL,'2023-12-18 16:23:49','2023-12-18 16:34:06'),(1135,34,87,2,'KGS',8000,5,NULL,NULL,NULL,NULL,NULL,NULL,NULL,'2023-12-18 16:34:50',NULL,NULL,NULL,'2023-12-18 16:26:00','2023-12-18 16:34:50'),(1136,124,341,2,'KGS',5000,5,NULL,NULL,NULL,NULL,NULL,NULL,NULL,'2023-12-18 17:06:32',NULL,NULL,NULL,'2023-12-18 16:49:45','2023-12-18 17:06:32'),(1137,38,80,2,'KGS',5000,5,NULL,NULL,NULL,NULL,NULL,NULL,NULL,'2023-12-18 17:08:00',NULL,NULL,NULL,'2023-12-18 17:06:36','2023-12-18 17:08:00'),(1138,34,87,2,'KGS',10000,5,NULL,NULL,NULL,NULL,NULL,NULL,NULL,'2023-12-18 17:28:37',NULL,NULL,NULL,'2023-12-18 17:15:18','2023-12-18 17:28:37'),(1139,61,178,2,'KGS',3000,5,NULL,NULL,NULL,NULL,NULL,NULL,NULL,'2023-12-18 17:29:00',NULL,NULL,NULL,'2023-12-18 17:20:09','2023-12-18 17:29:00'),(1140,124,341,2,'KGS',5000,5,NULL,NULL,NULL,NULL,NULL,NULL,NULL,'2023-12-18 17:29:33',NULL,NULL,NULL,'2023-12-18 17:23:03','2023-12-18 17:29:33'),(1141,61,178,2,'KGS',3000,5,NULL,NULL,NULL,NULL,NULL,NULL,NULL,'2023-12-18 17:31:10',NULL,NULL,NULL,'2023-12-18 17:24:48','2023-12-18 17:31:10'),(1142,124,341,2,'KGS',5000,5,NULL,NULL,NULL,NULL,NULL,NULL,NULL,'2023-12-18 17:58:04',NULL,NULL,NULL,'2023-12-18 17:38:47','2023-12-18 17:58:04'),(1143,60,123,2,'KGS',500,5,NULL,NULL,NULL,NULL,NULL,NULL,NULL,'2023-12-18 17:58:17',NULL,NULL,NULL,'2023-12-18 17:57:39','2023-12-18 17:58:17'),(1144,124,341,2,'KGS',5000,5,NULL,NULL,NULL,NULL,NULL,NULL,NULL,'2023-12-18 18:12:32',NULL,NULL,NULL,'2023-12-18 18:09:15','2023-12-18 18:12:32'),(1145,124,341,2,'KGS',5000,5,NULL,NULL,NULL,NULL,NULL,NULL,NULL,'2023-12-18 19:05:52',NULL,NULL,NULL,'2023-12-18 19:02:47','2023-12-18 19:05:52'),(1146,101,342,2,'KGS',500,5,NULL,NULL,NULL,NULL,NULL,NULL,NULL,'2023-12-18 19:10:35',NULL,NULL,NULL,'2023-12-18 19:09:12','2023-12-18 19:10:35'),(1147,124,341,2,'KGS',5000,5,NULL,NULL,NULL,NULL,NULL,NULL,NULL,'2023-12-18 19:28:12',NULL,NULL,NULL,'2023-12-18 19:25:36','2023-12-18 19:28:12'),(1148,60,123,2,'KGS',1000,5,NULL,NULL,NULL,NULL,NULL,NULL,NULL,'2023-12-19 01:05:04',NULL,NULL,NULL,'2023-12-19 01:02:32','2023-12-19 01:05:04'),(1149,6,11,3,'KGS',1000,6,NULL,NULL,NULL,'8888',NULL,NULL,NULL,NULL,NULL,NULL,NULL,'2023-12-19 04:07:02','2023-12-19 04:07:40'),(1150,96,293,2,'KGS',700,5,NULL,NULL,NULL,NULL,NULL,NULL,NULL,'2023-12-19 04:40:26',NULL,NULL,NULL,'2023-12-19 04:38:17','2023-12-19 04:40:26'),(1151,95,284,3,'KGS',200000,5,NULL,NULL,NULL,'4169585352498835',NULL,NULL,NULL,'2023-12-19 04:56:47',NULL,NULL,NULL,'2023-12-19 04:50:58','2023-12-19 04:56:47'),(1152,96,293,3,'KGS',1500,5,NULL,NULL,NULL,'996555622622',NULL,NULL,NULL,'2023-12-19 06:41:32',NULL,NULL,NULL,'2023-12-19 06:40:02','2023-12-19 06:41:32'),(1153,96,293,2,'KGS',700,5,NULL,NULL,NULL,NULL,NULL,NULL,NULL,'2023-12-19 07:09:13',NULL,NULL,NULL,'2023-12-19 07:06:48','2023-12-19 07:09:13'),(1154,25,59,3,'KGS',5037,6,NULL,NULL,NULL,'4169 5853 5719 8208 оптима',NULL,NULL,NULL,NULL,NULL,NULL,NULL,'2023-12-19 07:41:27','2023-12-19 07:42:54'),(1155,64,160,2,'KGS',1000,5,NULL,NULL,NULL,NULL,NULL,NULL,NULL,'2023-12-19 07:44:58',NULL,NULL,NULL,'2023-12-19 07:42:47','2023-12-19 07:44:58'),(1156,43,91,2,'KGS',500,5,NULL,NULL,NULL,NULL,NULL,NULL,NULL,'2023-12-19 08:46:05',NULL,NULL,NULL,'2023-12-19 08:43:34','2023-12-19 08:46:05'),(1157,25,59,2,'KGS',1000,5,NULL,NULL,NULL,NULL,NULL,NULL,NULL,'2023-12-19 09:05:30',NULL,NULL,NULL,'2023-12-19 09:04:03','2023-12-19 09:05:30'),(1158,60,123,2,'KGS',500,5,NULL,NULL,NULL,NULL,NULL,NULL,NULL,'2023-12-19 09:13:01',NULL,NULL,NULL,'2023-12-19 09:04:11','2023-12-19 09:13:01'),(1159,25,59,2,'KGS',1600,5,NULL,NULL,NULL,NULL,NULL,NULL,NULL,'2023-12-19 09:20:08',NULL,NULL,NULL,'2023-12-19 09:18:11','2023-12-19 09:20:08'),(1160,52,112,2,'KGS',1600,5,NULL,NULL,NULL,NULL,NULL,NULL,NULL,'2023-12-19 09:50:39',NULL,NULL,NULL,'2023-12-19 09:44:29','2023-12-19 09:50:39'),(1161,96,293,2,'KGS',500,5,NULL,NULL,NULL,NULL,NULL,NULL,NULL,'2023-12-19 10:55:20',NULL,NULL,NULL,'2023-12-19 10:53:12','2023-12-19 10:55:20'),(1162,50,107,2,'KGS',700,5,NULL,NULL,NULL,NULL,NULL,NULL,NULL,'2023-12-19 11:00:30',NULL,NULL,NULL,'2023-12-19 10:59:12','2023-12-19 11:00:30'),(1163,101,345,2,'KGS',1000,0,NULL,NULL,NULL,NULL,NULL,NULL,NULL,NULL,NULL,NULL,NULL,'2023-12-19 11:19:50','2023-12-19 11:19:50'),(1164,101,345,2,'KGS',1000,5,NULL,NULL,NULL,NULL,NULL,NULL,NULL,'2023-12-19 11:41:42',NULL,NULL,NULL,'2023-12-19 11:32:30','2023-12-19 11:41:42'),(1165,65,168,2,'KGS',4029,5,NULL,NULL,NULL,NULL,NULL,NULL,NULL,'2023-12-19 11:40:55',NULL,NULL,NULL,'2023-12-19 11:36:26','2023-12-19 11:40:55'),(1166,65,168,2,'KGS',4029,6,NULL,NULL,NULL,NULL,NULL,NULL,NULL,NULL,NULL,NULL,NULL,'2023-12-19 11:39:14','2023-12-19 11:41:23'),(1167,54,114,2,'KGS',1000,5,NULL,NULL,NULL,NULL,NULL,NULL,NULL,'2023-12-19 11:46:38',NULL,NULL,NULL,'2023-12-19 11:45:57','2023-12-19 11:46:38'),(1168,54,114,2,'KGS',2000,5,NULL,NULL,NULL,NULL,NULL,NULL,NULL,'2023-12-19 12:16:32',NULL,NULL,NULL,'2023-12-19 12:14:01','2023-12-19 12:16:32'),(1169,54,114,2,'KGS',1000,5,NULL,NULL,NULL,NULL,NULL,NULL,NULL,'2023-12-19 12:31:00',NULL,NULL,NULL,'2023-12-19 12:27:51','2023-12-19 12:31:00'),(1170,43,91,2,'KGS',500,5,NULL,NULL,NULL,NULL,NULL,NULL,NULL,'2023-12-19 12:30:34',NULL,NULL,NULL,'2023-12-19 12:27:52','2023-12-19 12:30:34'),(1171,24,58,3,'KGS',800,5,NULL,NULL,NULL,'4169585358860665',NULL,NULL,NULL,'2023-12-19 12:36:40',NULL,NULL,NULL,'2023-12-19 12:34:38','2023-12-19 12:36:40'),(1172,52,112,3,'KGS',6600,5,NULL,NULL,NULL,'4169585359587580',NULL,NULL,NULL,'2023-12-19 12:53:58',NULL,NULL,NULL,'2023-12-19 12:37:56','2023-12-19 12:53:58'),(1173,33,73,2,'KGS',4000,5,NULL,NULL,NULL,NULL,NULL,NULL,NULL,'2023-12-19 12:52:37',NULL,NULL,NULL,'2023-12-19 12:51:08','2023-12-19 12:52:37'),(1174,65,168,2,'KGS',4851,5,NULL,NULL,NULL,NULL,NULL,NULL,NULL,'2023-12-19 13:46:19',NULL,NULL,NULL,'2023-12-19 13:45:19','2023-12-19 13:46:19'),(1175,96,293,3,'KGS',1950,5,NULL,NULL,NULL,'996555622622',NULL,NULL,NULL,'2023-12-19 13:57:41',NULL,NULL,NULL,'2023-12-19 13:54:49','2023-12-19 13:57:41'),(1176,50,110,2,'KGS',1500,5,NULL,NULL,NULL,NULL,NULL,NULL,NULL,'2023-12-19 13:58:26',NULL,NULL,NULL,'2023-12-19 13:57:24','2023-12-19 13:58:26'),(1177,94,283,2,'KGS',500,5,NULL,NULL,NULL,NULL,NULL,NULL,NULL,'2023-12-19 14:15:56',NULL,NULL,NULL,'2023-12-19 14:15:14','2023-12-19 14:15:56'),(1178,50,107,2,'KGS',1000,5,NULL,NULL,NULL,NULL,NULL,NULL,NULL,'2023-12-19 14:25:27',NULL,NULL,NULL,'2023-12-19 14:22:57','2023-12-19 14:25:27'),(1179,54,114,2,'KGS',1000,5,NULL,NULL,NULL,NULL,NULL,NULL,NULL,'2023-12-19 15:16:54',NULL,NULL,NULL,'2023-12-19 15:15:47','2023-12-19 15:16:54'),(1180,65,168,2,'KGS',2000,5,NULL,NULL,NULL,NULL,NULL,NULL,NULL,'2023-12-19 15:43:04',NULL,NULL,NULL,'2023-12-19 15:40:13','2023-12-19 15:43:04'),(1181,54,114,2,'KGS',1000,5,NULL,NULL,NULL,NULL,NULL,NULL,NULL,'2023-12-19 16:19:39',NULL,NULL,NULL,'2023-12-19 16:19:10','2023-12-19 16:19:39'),(1182,54,114,2,'KGS',3000,5,NULL,NULL,NULL,NULL,NULL,NULL,NULL,'2023-12-19 16:26:52',NULL,NULL,NULL,'2023-12-19 16:25:36','2023-12-19 16:26:52'),(1183,74,186,2,'KGS',500,5,NULL,NULL,NULL,NULL,NULL,NULL,NULL,'2023-12-19 16:46:09',NULL,NULL,NULL,'2023-12-19 16:42:44','2023-12-19 16:46:09'),(1184,54,114,2,'KGS',2000,5,NULL,NULL,NULL,NULL,NULL,NULL,NULL,'2023-12-19 16:46:50',NULL,NULL,NULL,'2023-12-19 16:44:46','2023-12-19 16:46:50'),(1185,54,114,2,'KGS',3000,5,NULL,NULL,NULL,NULL,NULL,NULL,NULL,'2023-12-19 17:04:29',NULL,NULL,NULL,'2023-12-19 17:03:31','2023-12-19 17:04:29'),(1186,54,114,2,'KGS',2000,5,NULL,NULL,NULL,NULL,NULL,NULL,NULL,'2023-12-19 17:15:58',NULL,NULL,NULL,'2023-12-19 17:15:06','2023-12-19 17:15:58'),(1187,54,114,2,'KGS',3000,5,NULL,NULL,NULL,NULL,NULL,NULL,NULL,'2023-12-19 17:27:48',NULL,NULL,NULL,'2023-12-19 17:26:59','2023-12-19 17:27:48'),(1188,24,58,2,'KGS',30,0,NULL,NULL,NULL,NULL,NULL,NULL,NULL,NULL,NULL,NULL,NULL,'2023-12-19 17:33:39','2023-12-19 17:33:39'),(1189,24,58,2,'KGS',3000,5,NULL,NULL,NULL,NULL,NULL,NULL,NULL,'2023-12-19 17:36:26',NULL,NULL,NULL,'2023-12-19 17:34:19','2023-12-19 17:36:26'),(1190,25,59,3,'KGS',2300,5,NULL,NULL,NULL,'4169 5853 5719 8208 оптима',NULL,NULL,NULL,'2023-12-19 17:42:42',NULL,NULL,NULL,'2023-12-19 17:40:47','2023-12-19 17:42:42'),(1191,61,178,2,'KGS',6700,0,NULL,NULL,NULL,NULL,NULL,NULL,NULL,NULL,NULL,NULL,NULL,'2023-12-19 17:41:00','2023-12-19 17:41:00'),(1192,61,178,2,'KGS',6600,5,NULL,NULL,NULL,NULL,NULL,NULL,NULL,'2023-12-19 17:43:37',NULL,NULL,NULL,'2023-12-19 17:41:53','2023-12-19 17:43:37'),(1193,54,114,2,'KGS',2000,5,NULL,NULL,NULL,NULL,NULL,NULL,NULL,'2023-12-19 17:44:12',NULL,NULL,NULL,'2023-12-19 17:42:28','2023-12-19 17:44:12'),(1194,52,112,2,'KGS',1000,0,NULL,NULL,NULL,NULL,NULL,NULL,NULL,NULL,NULL,NULL,NULL,'2023-12-19 18:12:32','2023-12-19 18:12:32'),(1195,52,112,2,'KGS',1000,5,NULL,NULL,NULL,NULL,NULL,NULL,NULL,'2023-12-19 18:19:08',NULL,NULL,NULL,'2023-12-19 18:12:45','2023-12-19 18:19:08'),(1196,60,123,2,'KGS',1000,5,NULL,NULL,NULL,NULL,NULL,NULL,NULL,'2023-12-19 18:29:38',NULL,NULL,NULL,'2023-12-19 18:27:38','2023-12-19 18:29:38'),(1197,65,168,2,'KGS',3009,5,NULL,NULL,NULL,NULL,NULL,NULL,NULL,'2023-12-19 18:37:17',NULL,NULL,NULL,'2023-12-19 18:35:45','2023-12-19 18:37:17'),(1198,34,87,2,'KGS',5300,5,NULL,NULL,NULL,NULL,NULL,NULL,NULL,'2023-12-19 19:00:05',NULL,NULL,NULL,'2023-12-19 18:57:43','2023-12-19 19:00:05'),(1199,25,59,2,'KGS',1000,5,NULL,NULL,NULL,NULL,NULL,NULL,NULL,'2023-12-19 19:03:21',NULL,NULL,NULL,'2023-12-19 18:58:50','2023-12-19 19:03:21'),(1200,61,178,2,'KGS',8000,5,NULL,NULL,NULL,NULL,NULL,NULL,NULL,'2023-12-19 19:40:11',NULL,NULL,NULL,'2023-12-19 19:37:44','2023-12-19 19:40:11'),(1201,65,168,2,'KGS',2000,5,NULL,NULL,NULL,NULL,NULL,NULL,NULL,'2023-12-19 19:56:19',NULL,NULL,NULL,'2023-12-19 19:54:20','2023-12-19 19:56:19'),(1202,45,94,2,'KGS',1000,5,NULL,NULL,NULL,NULL,NULL,NULL,NULL,'2023-12-19 21:17:51',NULL,NULL,NULL,'2023-12-19 21:16:17','2023-12-19 21:17:51'),(1203,60,123,2,'KGS',1000,5,NULL,NULL,NULL,NULL,NULL,NULL,NULL,'2023-12-19 21:48:15',NULL,NULL,NULL,'2023-12-19 21:47:21','2023-12-19 21:48:15'),(1204,45,94,2,'KGS',1000,5,NULL,NULL,NULL,NULL,NULL,NULL,NULL,'2023-12-19 22:04:05',NULL,NULL,NULL,'2023-12-19 22:02:25','2023-12-19 22:04:05'),(1205,60,123,2,'KGS',1000,5,NULL,NULL,NULL,NULL,NULL,NULL,NULL,'2023-12-19 22:06:52',NULL,NULL,NULL,'2023-12-19 22:05:31','2023-12-19 22:06:52'),(1206,45,94,2,'KGS',400,5,NULL,NULL,NULL,NULL,NULL,NULL,NULL,'2023-12-19 22:18:23',NULL,NULL,NULL,'2023-12-19 22:09:53','2023-12-19 22:18:23'),(1207,34,87,0,'USDT-TRC20',94,2,NULL,94,NULL,NULL,NULL,107,'937298b11ddfbf2314552aa29fadf1ab23ff5232a803c2db13db05c522cb773a',NULL,'2023-12-19 22:17:25',NULL,NULL,'2023-12-19 22:17:25','2023-12-19 22:17:25'),(1208,60,123,2,'KGS',1000,5,NULL,NULL,NULL,NULL,NULL,NULL,NULL,'2023-12-19 22:32:54',NULL,NULL,NULL,'2023-12-19 22:29:46','2023-12-19 22:32:54'),(1209,45,94,2,'KGS',500,5,NULL,NULL,NULL,NULL,NULL,NULL,NULL,'2023-12-19 22:33:22',NULL,NULL,NULL,'2023-12-19 22:30:58','2023-12-19 22:33:22'),(1210,61,178,2,'KGS',6100,5,NULL,NULL,NULL,NULL,NULL,NULL,NULL,'2023-12-19 22:35:01',NULL,NULL,NULL,'2023-12-19 22:34:14','2023-12-19 22:35:01'),(1211,61,178,2,'KGS',2500,5,NULL,NULL,NULL,NULL,NULL,NULL,NULL,'2023-12-19 23:11:36',NULL,NULL,NULL,'2023-12-19 23:10:56','2023-12-19 23:11:36'),(1212,96,293,2,'KGS',500,5,NULL,NULL,NULL,NULL,NULL,NULL,NULL,'2023-12-20 00:01:37',NULL,NULL,NULL,'2023-12-19 23:53:54','2023-12-20 00:01:37'),(1213,60,123,2,'KGS',1000,5,NULL,NULL,NULL,NULL,NULL,NULL,NULL,'2023-12-20 00:36:15',NULL,NULL,NULL,'2023-12-20 00:35:15','2023-12-20 00:36:15'),(1214,60,123,2,'KGS',1000,6,NULL,NULL,NULL,NULL,NULL,NULL,NULL,NULL,NULL,NULL,NULL,'2023-12-20 01:01:31','2023-12-20 01:02:29'),(1215,60,123,2,'KGS',1000,5,NULL,NULL,NULL,NULL,NULL,NULL,NULL,'2023-12-20 01:40:48',NULL,NULL,NULL,'2023-12-20 01:39:25','2023-12-20 01:40:48'),(1216,60,123,2,'KGS',1000,5,NULL,NULL,NULL,NULL,NULL,NULL,NULL,'2023-12-20 02:06:20',NULL,NULL,NULL,'2023-12-20 02:04:31','2023-12-20 02:06:20'),(1217,101,345,2,'KGS',5000,5,NULL,NULL,NULL,NULL,NULL,NULL,NULL,'2023-12-20 02:25:33',NULL,NULL,NULL,'2023-12-20 02:22:53','2023-12-20 02:25:33'),(1218,43,91,2,'KGS',500,5,NULL,NULL,NULL,NULL,NULL,NULL,NULL,'2023-12-20 02:47:38',NULL,NULL,NULL,'2023-12-20 02:44:32','2023-12-20 02:47:38'),(1219,101,345,3,'KGS',10000,0,NULL,NULL,NULL,'4169585345304421',NULL,NULL,NULL,NULL,NULL,NULL,NULL,'2023-12-20 04:03:28','2023-12-20 04:03:28'),(1220,101,345,3,'KGS',10000,5,NULL,NULL,NULL,'4169585345304421',NULL,NULL,NULL,'2023-12-20 04:50:12',NULL,NULL,NULL,'2023-12-20 04:31:12','2023-12-20 04:50:12'),(1221,61,178,3,'KGS',7000,0,NULL,NULL,NULL,'4169 5853 5687 7315',NULL,NULL,NULL,NULL,NULL,NULL,NULL,'2023-12-20 05:43:05','2023-12-20 05:43:05'),(1222,101,342,2,'KGS',1000,5,NULL,NULL,NULL,NULL,NULL,NULL,NULL,'2023-12-20 06:04:02',NULL,NULL,NULL,'2023-12-20 05:58:09','2023-12-20 06:04:02'),(1223,61,178,3,'KGS',7000,5,NULL,NULL,NULL,'4169 5853 5687 7315',NULL,NULL,NULL,'2023-12-20 06:27:07',NULL,NULL,NULL,'2023-12-20 06:26:04','2023-12-20 06:27:07'),(1224,25,59,2,'KGS',2000,5,NULL,NULL,NULL,NULL,NULL,NULL,NULL,'2023-12-20 07:03:21',NULL,NULL,NULL,'2023-12-20 07:01:40','2023-12-20 07:03:21'),(1225,101,345,2,'KGS',2000,5,NULL,NULL,NULL,NULL,NULL,NULL,NULL,'2023-12-20 07:07:34',NULL,NULL,NULL,'2023-12-20 07:05:55','2023-12-20 07:07:34'),(1226,101,345,2,'KGS',5000,5,NULL,NULL,NULL,NULL,NULL,NULL,NULL,'2023-12-20 07:20:43',NULL,NULL,NULL,'2023-12-20 07:18:24','2023-12-20 07:20:43'),(1227,25,59,2,'KGS',1600,5,NULL,NULL,NULL,NULL,NULL,NULL,NULL,'2023-12-20 07:43:53',NULL,NULL,NULL,'2023-12-20 07:42:27','2023-12-20 07:43:53'),(1228,109,322,2,'KGS',830,5,NULL,NULL,NULL,NULL,NULL,NULL,NULL,'2023-12-20 08:07:58',NULL,NULL,NULL,'2023-12-20 08:06:19','2023-12-20 08:07:58'),(1229,25,59,2,'KGS',1000,5,NULL,NULL,NULL,NULL,NULL,NULL,NULL,'2023-12-20 09:43:15',NULL,NULL,NULL,'2023-12-20 09:41:32','2023-12-20 09:43:15'),(1230,101,345,3,'KGS',6000,5,NULL,NULL,NULL,'4169585345304421',NULL,NULL,NULL,'2023-12-20 10:15:19',NULL,NULL,NULL,'2023-12-20 10:13:51','2023-12-20 10:15:19'),(1231,65,168,2,'KGS',4009,5,NULL,NULL,NULL,NULL,NULL,NULL,NULL,'2023-12-20 10:26:50',NULL,NULL,NULL,'2023-12-20 10:25:01','2023-12-20 10:26:50'),(1232,20,50,2,'KGS',5000,0,NULL,NULL,NULL,NULL,NULL,NULL,NULL,NULL,NULL,NULL,NULL,'2023-12-20 11:03:24','2023-12-20 11:03:24'),(1233,20,50,2,'KGS',5000,5,NULL,NULL,NULL,NULL,NULL,NULL,NULL,'2023-12-20 11:05:00',NULL,NULL,NULL,'2023-12-20 11:03:40','2023-12-20 11:05:00'),(1234,101,345,3,'KGS',8000,5,NULL,NULL,NULL,'4169585345304421',NULL,NULL,NULL,'2023-12-20 11:35:54',NULL,NULL,NULL,'2023-12-20 11:33:56','2023-12-20 11:35:54'),(1235,101,345,3,'KGS',1500,5,NULL,NULL,NULL,'4169585345304421',NULL,NULL,NULL,'2023-12-20 13:16:27',NULL,NULL,NULL,'2023-12-20 12:49:22','2023-12-20 13:16:27'),(1236,45,94,2,'KGS',550,5,NULL,NULL,NULL,NULL,NULL,NULL,NULL,'2023-12-20 13:54:08',NULL,NULL,NULL,'2023-12-20 13:52:44','2023-12-20 13:54:08'),(1237,50,109,2,'KGS',700,5,NULL,NULL,NULL,NULL,NULL,NULL,NULL,'2023-12-20 14:27:31',NULL,NULL,NULL,'2023-12-20 14:21:12','2023-12-20 14:27:31'),(1238,54,114,2,'KGS',1600,5,NULL,NULL,NULL,NULL,NULL,NULL,NULL,'2023-12-20 14:27:58',NULL,NULL,NULL,'2023-12-20 14:24:27','2023-12-20 14:27:58'),(1239,25,59,2,'KGS',1000,5,NULL,NULL,NULL,NULL,NULL,NULL,NULL,'2023-12-20 14:47:42',NULL,NULL,NULL,'2023-12-20 14:45:47','2023-12-20 14:47:42'),(1240,101,346,2,'KGS',4000,5,NULL,NULL,NULL,NULL,NULL,NULL,NULL,'2023-12-20 14:48:11',NULL,NULL,NULL,'2023-12-20 14:46:01','2023-12-20 14:48:11'),(1241,54,114,2,'KGS',2000,5,NULL,NULL,NULL,NULL,NULL,NULL,NULL,'2023-12-20 15:11:08',NULL,NULL,NULL,'2023-12-20 15:10:24','2023-12-20 15:11:08'),(1242,54,114,2,'KGS',2,5,NULL,NULL,NULL,NULL,NULL,NULL,NULL,'2023-12-20 15:40:05',NULL,NULL,NULL,'2023-12-20 15:37:16','2023-12-20 15:40:05'),(1243,54,114,2,'KGS',1000,5,NULL,NULL,NULL,NULL,NULL,NULL,NULL,'2023-12-20 16:32:44',NULL,NULL,NULL,'2023-12-20 16:31:05','2023-12-20 16:32:44'),(1244,45,94,3,'KGS',2000,5,NULL,NULL,NULL,'+996706641001 мбанк',NULL,NULL,NULL,'2023-12-20 17:16:57',NULL,NULL,NULL,'2023-12-20 17:15:22','2023-12-20 17:16:57'),(1245,38,80,2,'KGS',5000,5,NULL,NULL,NULL,NULL,NULL,NULL,NULL,'2023-12-20 17:30:50',NULL,NULL,NULL,'2023-12-20 17:29:31','2023-12-20 17:30:50'),(1246,94,283,2,'KGS',500,0,NULL,NULL,NULL,NULL,NULL,NULL,NULL,NULL,NULL,NULL,NULL,'2023-12-20 17:31:36','2023-12-20 17:31:36'),(1247,94,283,2,'KGS',500,5,NULL,NULL,NULL,NULL,NULL,NULL,NULL,'2023-12-20 17:36:39',NULL,NULL,NULL,'2023-12-20 17:35:57','2023-12-20 17:36:39'),(1248,38,80,2,'KGS',5000,5,NULL,NULL,NULL,NULL,NULL,NULL,NULL,'2023-12-20 17:45:44',NULL,NULL,NULL,'2023-12-20 17:44:30','2023-12-20 17:45:44'),(1249,38,80,2,'KGS',5000,5,NULL,NULL,NULL,NULL,NULL,NULL,NULL,'2023-12-20 17:56:55',NULL,NULL,NULL,'2023-12-20 17:56:05','2023-12-20 17:56:55'),(1250,38,80,2,'KGS',7000,5,NULL,NULL,NULL,NULL,NULL,NULL,NULL,'2023-12-20 18:02:05',NULL,NULL,NULL,'2023-12-20 17:58:58','2023-12-20 18:02:05'),(1251,43,91,2,'KGS',500,5,NULL,NULL,NULL,NULL,NULL,NULL,NULL,'2023-12-20 18:08:25',NULL,NULL,NULL,'2023-12-20 18:06:52','2023-12-20 18:08:25'),(1252,24,58,2,'KGS',1700,5,NULL,NULL,NULL,NULL,NULL,NULL,NULL,'2023-12-20 18:28:58',NULL,NULL,NULL,'2023-12-20 18:19:46','2023-12-20 18:28:58'),(1253,38,80,2,'KGS',5000,5,NULL,NULL,NULL,NULL,NULL,NULL,NULL,'2023-12-20 18:48:15',NULL,NULL,NULL,'2023-12-20 18:47:21','2023-12-20 18:48:15'),(1254,61,178,2,'KGS',3000,5,NULL,NULL,NULL,NULL,NULL,NULL,NULL,'2023-12-20 18:52:10',NULL,NULL,NULL,'2023-12-20 18:50:38','2023-12-20 18:52:10'),(1255,34,87,2,'KGS',6000,5,NULL,NULL,NULL,NULL,NULL,NULL,NULL,'2023-12-20 18:52:53',NULL,NULL,NULL,'2023-12-20 18:50:51','2023-12-20 18:52:53'),(1256,45,94,3,'KGS',3000,5,NULL,NULL,NULL,'+996706641001 мбанк',NULL,NULL,NULL,'2023-12-20 19:22:21',NULL,NULL,NULL,'2023-12-20 19:18:47','2023-12-20 19:22:21'),(1257,38,80,2,'KGS',5000,5,NULL,NULL,NULL,NULL,NULL,NULL,NULL,'2023-12-20 20:08:02',NULL,NULL,NULL,'2023-12-20 20:07:01','2023-12-20 20:08:02'),(1258,38,80,2,'KGS',5000,5,NULL,NULL,NULL,NULL,NULL,NULL,NULL,'2023-12-20 20:19:24',NULL,NULL,NULL,'2023-12-20 20:12:36','2023-12-20 20:19:24'),(1259,126,350,2,'KGS',6000,5,NULL,NULL,NULL,NULL,NULL,NULL,NULL,'2023-12-20 20:17:08',NULL,NULL,NULL,'2023-12-20 20:13:26','2023-12-20 20:17:08'),(1260,24,58,2,'KGS',3000,0,NULL,NULL,NULL,NULL,NULL,NULL,NULL,NULL,NULL,NULL,NULL,'2023-12-20 20:13:50','2023-12-20 20:13:50'),(1261,25,59,3,'KGS',7800,5,NULL,NULL,NULL,'4169 5853 5719 8208 оптима',NULL,NULL,NULL,'2023-12-20 20:18:26',NULL,NULL,NULL,'2023-12-20 20:16:51','2023-12-20 20:18:26'),(1262,101,346,2,'KGS',600,5,NULL,NULL,NULL,NULL,NULL,NULL,NULL,'2023-12-20 20:18:47',NULL,NULL,NULL,'2023-12-20 20:17:35','2023-12-20 20:18:47'),(1263,38,80,3,'KGS',5000,5,NULL,NULL,NULL,'4169585348863019',NULL,NULL,NULL,'2023-12-20 20:22:57',NULL,NULL,NULL,'2023-12-20 20:21:50','2023-12-20 20:22:57'),(1264,60,123,2,'KGS',500,5,NULL,NULL,NULL,NULL,NULL,NULL,NULL,'2023-12-20 21:28:11',NULL,NULL,NULL,'2023-12-20 21:27:17','2023-12-20 21:28:11'),(1265,103,308,2,'KGS',1600,5,NULL,NULL,NULL,NULL,NULL,NULL,NULL,'2023-12-20 21:58:16',NULL,NULL,NULL,'2023-12-20 21:54:52','2023-12-20 21:58:16'),(1266,45,94,2,'KGS',1000,5,NULL,NULL,NULL,NULL,NULL,NULL,NULL,'2023-12-20 22:09:52',NULL,NULL,NULL,'2023-12-20 22:08:31','2023-12-20 22:09:52'),(1267,45,94,2,'KGS',900,5,NULL,NULL,NULL,NULL,NULL,NULL,NULL,'2023-12-20 22:17:24',NULL,NULL,NULL,'2023-12-20 22:16:06','2023-12-20 22:17:24'),(1268,34,87,2,'KGS',6000,5,NULL,NULL,NULL,NULL,NULL,NULL,NULL,'2023-12-20 22:27:01',NULL,NULL,NULL,'2023-12-20 22:26:08','2023-12-20 22:27:01'),(1269,45,94,2,'KGS',1000,5,NULL,NULL,NULL,NULL,NULL,NULL,NULL,'2023-12-20 22:50:05',NULL,NULL,NULL,'2023-12-20 22:47:41','2023-12-20 22:50:05'),(1270,101,345,2,'KGS',3000,5,NULL,NULL,NULL,NULL,NULL,NULL,NULL,'2023-12-21 04:06:38',NULL,NULL,NULL,'2023-12-21 04:04:50','2023-12-21 04:06:38'),(1271,109,322,2,'KGS',500,5,NULL,NULL,NULL,NULL,NULL,NULL,NULL,'2023-12-21 04:11:06',NULL,NULL,NULL,'2023-12-21 04:08:57','2023-12-21 04:11:06'),(1272,65,168,2,'KGS',1999,5,NULL,NULL,NULL,NULL,NULL,NULL,NULL,'2023-12-21 04:20:31',NULL,NULL,NULL,'2023-12-21 04:19:02','2023-12-21 04:20:31'),(1273,101,345,3,'KGS',8500,5,NULL,NULL,NULL,'4169585345304421',NULL,NULL,NULL,'2023-12-21 05:52:46',NULL,NULL,NULL,'2023-12-21 05:49:59','2023-12-21 05:52:46'),(1274,94,283,2,'KGS',500,5,NULL,NULL,NULL,NULL,NULL,NULL,NULL,'2023-12-21 06:02:59',NULL,NULL,NULL,'2023-12-21 06:01:56','2023-12-21 06:02:59'),(1275,25,59,2,'KGS',1600,5,NULL,NULL,NULL,NULL,NULL,NULL,NULL,'2023-12-21 06:13:04',NULL,NULL,NULL,'2023-12-21 06:11:17','2023-12-21 06:13:04'),(1276,25,59,2,'KGS',1000,5,NULL,NULL,NULL,NULL,NULL,NULL,NULL,'2023-12-21 06:30:53',NULL,NULL,NULL,'2023-12-21 06:24:42','2023-12-21 06:30:53'),(1277,101,345,2,'KGS',1300,5,NULL,NULL,NULL,NULL,NULL,NULL,NULL,'2023-12-21 06:46:14',NULL,NULL,NULL,'2023-12-21 06:43:33','2023-12-21 06:46:14'),(1278,25,59,2,'KGS',2000,5,NULL,NULL,NULL,NULL,NULL,NULL,NULL,'2023-12-21 06:57:48',NULL,NULL,NULL,'2023-12-21 06:55:41','2023-12-21 06:57:48'),(1279,54,114,2,'KGS',1000,5,NULL,NULL,NULL,NULL,NULL,NULL,NULL,'2023-12-21 07:27:25',NULL,NULL,NULL,'2023-12-21 07:26:07','2023-12-21 07:27:25'),(1280,54,114,2,'KGS',3,5,NULL,NULL,NULL,NULL,NULL,NULL,NULL,'2023-12-21 07:45:10',NULL,NULL,NULL,'2023-12-21 07:40:03','2023-12-21 07:45:10'),(1281,25,59,2,'KGS',1000,5,NULL,NULL,NULL,NULL,NULL,NULL,NULL,'2023-12-21 07:45:26',NULL,NULL,NULL,'2023-12-21 07:42:24','2023-12-21 07:45:26'),(1282,54,114,2,'KGS',3000,6,NULL,NULL,NULL,NULL,NULL,NULL,NULL,NULL,NULL,NULL,NULL,'2023-12-21 07:43:21','2023-12-21 07:45:31'),(1283,74,186,2,'KGS',500,5,NULL,NULL,NULL,NULL,NULL,NULL,NULL,'2023-12-21 08:17:15',NULL,NULL,NULL,'2023-12-21 08:13:57','2023-12-21 08:17:15'),(1284,64,160,2,'KGS',1000,5,NULL,NULL,NULL,NULL,NULL,NULL,NULL,'2023-12-21 08:36:22',NULL,NULL,NULL,'2023-12-21 08:34:45','2023-12-21 08:36:22'),(1285,101,345,3,'KGS',6000,5,NULL,NULL,NULL,'4169585345304421',NULL,NULL,NULL,'2023-12-21 08:55:41',NULL,NULL,NULL,'2023-12-21 08:53:01','2023-12-21 08:55:41'),(1286,25,59,2,'KGS',1600,5,NULL,NULL,NULL,NULL,NULL,NULL,NULL,'2023-12-21 09:55:58',NULL,NULL,NULL,'2023-12-21 09:53:25','2023-12-21 09:55:58'),(1287,109,322,2,'KGS',1300,5,NULL,NULL,NULL,NULL,NULL,NULL,NULL,'2023-12-21 10:23:04',NULL,NULL,NULL,'2023-12-21 10:12:13','2023-12-21 10:23:04'),(1288,61,178,2,'KGS',2000,5,NULL,NULL,NULL,NULL,NULL,NULL,NULL,'2023-12-21 10:23:02',NULL,NULL,NULL,'2023-12-21 10:16:00','2023-12-21 10:23:02'),(1289,61,178,2,'KGS',8000,5,NULL,NULL,NULL,NULL,NULL,NULL,NULL,'2023-12-21 10:23:00',NULL,NULL,NULL,'2023-12-21 10:17:32','2023-12-21 10:23:00'),(1290,94,283,2,'KGS',500,6,NULL,NULL,NULL,NULL,NULL,NULL,NULL,NULL,NULL,NULL,NULL,'2023-12-21 10:41:29','2023-12-21 10:45:10'),(1291,65,168,2,'KGS',1999,6,NULL,NULL,NULL,NULL,NULL,NULL,NULL,NULL,NULL,NULL,NULL,'2023-12-21 11:07:37','2023-12-21 11:16:59'),(1292,65,168,2,'KGS',1999,6,NULL,NULL,NULL,NULL,NULL,NULL,NULL,NULL,NULL,NULL,NULL,'2023-12-21 11:10:47','2023-12-21 11:16:56'),(1293,65,168,2,'KGS',1999,5,NULL,NULL,NULL,NULL,NULL,NULL,NULL,'2023-12-21 11:15:29',NULL,NULL,NULL,'2023-12-21 11:13:30','2023-12-21 11:15:29'),(1294,54,114,2,'KGS',5000,5,NULL,NULL,NULL,NULL,NULL,NULL,NULL,'2023-12-21 11:17:49',NULL,NULL,NULL,'2023-12-21 11:14:40','2023-12-21 11:17:49'),(1295,65,168,2,'KGS',1999,5,NULL,NULL,NULL,NULL,NULL,NULL,NULL,'2023-12-21 11:19:16',NULL,NULL,NULL,'2023-12-21 11:15:01','2023-12-21 11:19:16'),(1296,61,178,2,'KGS',3700,5,NULL,NULL,NULL,NULL,NULL,NULL,NULL,'2023-12-21 11:27:22',NULL,NULL,NULL,'2023-12-21 11:21:44','2023-12-21 11:27:22'),(1297,45,94,2,'KGS',500,5,NULL,NULL,NULL,NULL,NULL,NULL,NULL,'2023-12-21 11:31:00',NULL,NULL,NULL,'2023-12-21 11:27:09','2023-12-21 11:31:00'),(1298,50,107,2,'KGS',699,5,NULL,NULL,NULL,NULL,NULL,NULL,NULL,'2023-12-21 11:37:34',NULL,NULL,NULL,'2023-12-21 11:34:34','2023-12-21 11:37:34'),(1299,33,73,3,'KGS',20000,5,NULL,NULL,NULL,'4169585350000088',NULL,NULL,NULL,'2023-12-21 12:10:02',NULL,NULL,NULL,'2023-12-21 12:06:51','2023-12-21 12:10:02'),(1300,101,346,2,'KGS',1200,5,NULL,NULL,NULL,NULL,NULL,NULL,NULL,'2023-12-21 12:36:00',NULL,NULL,NULL,'2023-12-21 12:33:58','2023-12-21 12:36:00'),(1301,101,346,2,'KGS',1500,5,NULL,NULL,NULL,NULL,NULL,NULL,NULL,'2023-12-21 13:11:48',NULL,NULL,NULL,'2023-12-21 13:07:11','2023-12-21 13:11:48'),(1302,33,74,2,'KGS',5000,5,NULL,NULL,NULL,NULL,NULL,NULL,NULL,'2023-12-21 13:22:00',NULL,NULL,NULL,'2023-12-21 13:19:14','2023-12-21 13:22:00'),(1303,25,59,2,'KGS',1000,5,NULL,NULL,NULL,NULL,NULL,NULL,NULL,'2023-12-21 13:33:12',NULL,NULL,NULL,'2023-12-21 13:31:07','2023-12-21 13:33:12'),(1304,121,339,2,'KGS',4000,5,NULL,NULL,NULL,NULL,NULL,NULL,NULL,'2023-12-21 13:36:12',NULL,NULL,NULL,'2023-12-21 13:33:04','2023-12-21 13:36:12'),(1305,33,73,2,'KGS',3000,5,NULL,NULL,NULL,NULL,NULL,NULL,NULL,'2023-12-21 13:56:32',NULL,NULL,NULL,'2023-12-21 13:55:25','2023-12-21 13:56:32'),(1306,24,58,2,'KGS',4200,5,NULL,NULL,NULL,NULL,NULL,NULL,NULL,'2023-12-21 14:22:38',NULL,NULL,NULL,'2023-12-21 14:19:51','2023-12-21 14:22:38'),(1307,25,59,2,'KGS',3000,5,NULL,NULL,NULL,NULL,NULL,NULL,NULL,'2023-12-21 14:34:08',NULL,NULL,NULL,'2023-12-21 14:23:39','2023-12-21 14:34:08'),(1308,127,353,1,'USDT-TRC20',10000,3,NULL,NULL,'THNbRs5vQyowLtSQ9a5o6GS3yt8i3cLcZw','4169585354269143','ValidateAddressFailedError',NULL,NULL,'2023-12-21 14:46:44',NULL,NULL,NULL,'2023-12-21 14:32:53','2023-12-21 14:46:44'),(1309,127,353,0,'USDT-TRC20',1000,2,NULL,1000,NULL,NULL,NULL,108,'82477a6a3e5e46f7d9819862e7afef157feb01f8f5d8833f1e50b7fa97f0df89',NULL,'2023-12-21 14:48:02',NULL,NULL,'2023-12-21 14:48:02','2023-12-21 14:48:02'),(1310,52,112,2,'KGS',1009,0,NULL,NULL,NULL,NULL,NULL,NULL,NULL,NULL,NULL,NULL,NULL,'2023-12-21 16:07:45','2023-12-21 16:07:45'),(1311,52,112,2,'KGS',1000,5,NULL,NULL,NULL,NULL,NULL,NULL,NULL,'2023-12-21 16:10:46',NULL,NULL,NULL,'2023-12-21 16:07:59','2023-12-21 16:10:46'),(1312,6,11,3,'KGS',1000,6,NULL,NULL,NULL,'1111',NULL,NULL,NULL,NULL,NULL,NULL,NULL,'2023-12-21 16:43:31','2023-12-21 16:44:32'),(1313,6,11,3,'KGS',1,0,NULL,NULL,NULL,'111',NULL,NULL,NULL,NULL,NULL,NULL,NULL,'2023-12-21 16:51:45','2023-12-21 16:51:45'),(1314,45,94,2,'KGS',1200,5,NULL,NULL,NULL,NULL,NULL,NULL,NULL,'2023-12-21 17:22:42',NULL,NULL,NULL,'2023-12-21 17:19:46','2023-12-21 17:22:42'),(1315,112,325,2,'KGS',500,5,NULL,NULL,NULL,NULL,NULL,NULL,NULL,'2023-12-21 17:36:21',NULL,NULL,NULL,'2023-12-21 17:33:18','2023-12-21 17:36:21'),(1316,94,283,2,'KGS',500,5,NULL,NULL,NULL,NULL,NULL,NULL,NULL,'2023-12-21 17:50:04',NULL,NULL,NULL,'2023-12-21 17:47:40','2023-12-21 17:50:04'),(1317,94,283,2,'KGS',500,6,NULL,NULL,NULL,NULL,NULL,NULL,NULL,NULL,NULL,NULL,NULL,'2023-12-21 17:49:53','2023-12-21 17:50:12'),(1318,54,114,3,'KGS',20000,5,NULL,NULL,NULL,'4169585342961520',NULL,NULL,NULL,'2023-12-21 19:12:35',NULL,NULL,NULL,'2023-12-21 18:56:15','2023-12-21 19:12:35'),(1319,45,94,2,'KGS',1000,5,NULL,NULL,NULL,NULL,NULL,NULL,NULL,'2023-12-21 19:10:54',NULL,NULL,NULL,'2023-12-21 19:06:43','2023-12-21 19:10:54'),(1320,60,123,2,'KGS',500,5,NULL,NULL,NULL,NULL,NULL,NULL,NULL,'2023-12-21 19:35:36',NULL,NULL,NULL,'2023-12-21 19:32:58','2023-12-21 19:35:36'),(1321,103,308,2,'KGS',500,5,NULL,NULL,NULL,NULL,NULL,NULL,NULL,'2023-12-21 19:59:00',NULL,NULL,NULL,'2023-12-21 19:55:26','2023-12-21 19:59:00'),(1322,45,94,2,'KGS',500,5,NULL,NULL,NULL,NULL,NULL,NULL,NULL,'2023-12-21 20:08:14',NULL,NULL,NULL,'2023-12-21 20:06:25','2023-12-21 20:08:14'),(1323,45,94,2,'KGS',500,5,NULL,NULL,NULL,NULL,NULL,NULL,NULL,'2023-12-21 20:18:14',NULL,NULL,NULL,'2023-12-21 20:15:36','2023-12-21 20:18:14'),(1324,45,94,2,'KGS',900,5,NULL,NULL,NULL,NULL,NULL,NULL,NULL,'2023-12-21 20:49:38',NULL,NULL,NULL,'2023-12-21 20:47:11','2023-12-21 20:49:38'),(1325,60,123,2,'KGS',500,6,NULL,NULL,NULL,NULL,NULL,NULL,NULL,NULL,NULL,NULL,NULL,'2023-12-21 22:27:08','2023-12-21 22:28:45'),(1326,103,308,2,'KGS',1600,5,NULL,NULL,NULL,NULL,NULL,NULL,NULL,'2023-12-21 22:30:15',NULL,NULL,NULL,'2023-12-21 22:28:08','2023-12-21 22:30:15'),(1327,25,59,3,'KGS',4361,6,NULL,NULL,NULL,'4169 5853 5719 8208 оптима',NULL,NULL,NULL,NULL,NULL,NULL,NULL,'2023-12-21 22:38:28','2023-12-21 22:39:12'),(1328,101,342,2,'KGS',1000,5,NULL,NULL,NULL,NULL,NULL,NULL,NULL,'2023-12-21 23:12:41',NULL,NULL,NULL,'2023-12-21 23:10:37','2023-12-21 23:12:41'),(1329,45,94,3,'KGS',2600,5,NULL,NULL,NULL,'+996706641001 мбанк',NULL,NULL,NULL,'2023-12-22 00:41:42',NULL,NULL,NULL,'2023-12-22 00:30:47','2023-12-22 00:41:42'),(1330,54,114,2,'KGS',2600,5,NULL,NULL,NULL,NULL,NULL,NULL,NULL,'2023-12-22 03:01:51',NULL,NULL,NULL,'2023-12-22 03:01:05','2023-12-22 03:01:51'),(1331,33,73,2,'KGS',5000,5,NULL,NULL,NULL,NULL,NULL,NULL,NULL,'2023-12-22 03:47:30',NULL,NULL,NULL,'2023-12-22 03:42:48','2023-12-22 03:47:30'),(1332,54,114,2,'KGS',2000,5,NULL,NULL,NULL,NULL,NULL,NULL,NULL,'2023-12-22 03:51:00',NULL,NULL,NULL,'2023-12-22 03:49:39','2023-12-22 03:51:00'),(1333,54,114,2,'KGS',2000,5,NULL,NULL,NULL,NULL,NULL,NULL,NULL,'2023-12-22 05:07:00',NULL,NULL,NULL,'2023-12-22 05:05:16','2023-12-22 05:07:00'),(1334,101,342,2,'KGS',3000,5,NULL,NULL,NULL,NULL,NULL,NULL,NULL,'2023-12-22 05:25:39',NULL,NULL,NULL,'2023-12-22 05:24:19','2023-12-22 05:25:39'),(1335,64,160,2,'KGS',1000,5,NULL,NULL,NULL,NULL,NULL,NULL,NULL,'2023-12-22 05:31:52',NULL,NULL,NULL,'2023-12-22 05:26:15','2023-12-22 05:31:52'),(1336,54,114,3,'KGS',45000,5,NULL,NULL,NULL,'4169585342961520',NULL,NULL,NULL,'2023-12-22 10:48:08',NULL,NULL,NULL,'2023-12-22 08:15:15','2023-12-22 10:48:08'),(1337,45,94,2,'KGS',1000,5,NULL,NULL,NULL,NULL,NULL,NULL,NULL,'2023-12-22 10:48:33',NULL,NULL,NULL,'2023-12-22 10:45:19','2023-12-22 10:48:33'),(1338,33,73,3,'KGS',10000,5,NULL,NULL,NULL,'4169585350000088',NULL,NULL,NULL,'2023-12-22 10:50:53',NULL,NULL,NULL,'2023-12-22 10:48:49','2023-12-22 10:50:53'),(1339,54,114,2,'KGS',1600,5,NULL,NULL,NULL,NULL,NULL,NULL,NULL,'2023-12-22 11:05:58',NULL,NULL,NULL,'2023-12-22 11:04:41','2023-12-22 11:05:58'),(1340,50,107,2,'KGS',1100,5,NULL,NULL,NULL,NULL,NULL,NULL,NULL,'2023-12-22 11:11:29',NULL,NULL,NULL,'2023-12-22 11:09:55','2023-12-22 11:11:29'),(1341,64,160,2,'KGS',1000,5,NULL,NULL,NULL,NULL,NULL,NULL,NULL,'2023-12-22 11:16:59',NULL,NULL,NULL,'2023-12-22 11:13:23','2023-12-22 11:16:59'),(1342,65,168,2,'KGS',3200,0,NULL,NULL,NULL,NULL,NULL,NULL,NULL,NULL,NULL,NULL,NULL,'2023-12-22 11:27:37','2023-12-22 11:27:37'),(1343,65,168,2,'KGS',3200,5,NULL,NULL,NULL,NULL,NULL,NULL,NULL,'2023-12-22 11:34:47',NULL,NULL,NULL,'2023-12-22 11:33:16','2023-12-22 11:34:47'),(1344,50,107,2,'KGS',600,5,NULL,NULL,NULL,NULL,NULL,NULL,NULL,'2023-12-22 11:44:14',NULL,NULL,NULL,'2023-12-22 11:42:41','2023-12-22 11:44:14'),(1345,64,160,2,'KGS',520,5,NULL,NULL,NULL,NULL,NULL,NULL,NULL,'2023-12-22 11:51:04',NULL,NULL,NULL,'2023-12-22 11:48:58','2023-12-22 11:51:04'),(1346,52,112,2,'KGS',1000,5,NULL,NULL,NULL,NULL,NULL,NULL,NULL,'2023-12-22 12:09:16',NULL,NULL,NULL,'2023-12-22 12:07:18','2023-12-22 12:09:16'),(1347,65,168,2,'KGS',3200,5,NULL,NULL,NULL,NULL,NULL,NULL,NULL,'2023-12-22 12:20:33',NULL,NULL,NULL,'2023-12-22 12:19:52','2023-12-22 12:20:33'),(1348,101,304,2,'KGS',1000,5,NULL,NULL,NULL,NULL,NULL,NULL,NULL,'2023-12-22 12:25:01',NULL,NULL,NULL,'2023-12-22 12:21:57','2023-12-22 12:25:01'),(1349,45,94,2,'KGS',1200,5,NULL,NULL,NULL,NULL,NULL,NULL,NULL,'2023-12-22 13:00:11',NULL,NULL,NULL,'2023-12-22 12:57:48','2023-12-22 13:00:11'),(1350,33,73,2,'KGS',4860,5,NULL,NULL,NULL,NULL,NULL,NULL,NULL,'2023-12-22 13:03:55',NULL,NULL,NULL,'2023-12-22 13:02:11','2023-12-22 13:03:55'),(1351,20,50,2,'KGS',2000,5,NULL,NULL,NULL,NULL,NULL,NULL,NULL,'2023-12-22 13:18:07',NULL,NULL,NULL,'2023-12-22 13:17:22','2023-12-22 13:18:07'),(1352,65,168,2,'KGS',5000,5,NULL,NULL,NULL,NULL,NULL,NULL,NULL,'2023-12-22 13:50:10',NULL,NULL,NULL,'2023-12-22 13:49:08','2023-12-22 13:50:10'),(1353,33,73,2,'KGS',5000,5,NULL,NULL,NULL,NULL,NULL,NULL,NULL,'2023-12-22 14:00:39',NULL,NULL,NULL,'2023-12-22 13:59:28','2023-12-22 14:00:39'),(1354,101,345,2,'KGS',2000,5,NULL,NULL,NULL,NULL,NULL,NULL,NULL,'2023-12-22 14:31:38',NULL,NULL,NULL,'2023-12-22 14:30:04','2023-12-22 14:31:38'),(1355,65,168,2,'KGS',3000,5,NULL,NULL,NULL,NULL,NULL,NULL,NULL,'2023-12-22 15:55:45',NULL,NULL,NULL,'2023-12-22 15:54:05','2023-12-22 15:55:45'),(1356,50,107,2,'KGS',700,5,NULL,NULL,NULL,NULL,NULL,NULL,NULL,'2023-12-22 16:35:47',NULL,NULL,NULL,'2023-12-22 16:34:21','2023-12-22 16:35:47'),(1357,45,94,2,'KGS',1100,5,NULL,NULL,NULL,NULL,NULL,NULL,NULL,'2023-12-22 17:38:20',NULL,NULL,NULL,'2023-12-22 17:35:16','2023-12-22 17:38:20'),(1358,61,161,2,'KGS',6100,5,NULL,NULL,NULL,NULL,NULL,NULL,NULL,'2023-12-22 17:51:49',NULL,NULL,NULL,'2023-12-22 17:50:22','2023-12-22 17:51:49'),(1359,103,308,2,'KGS',500,5,NULL,NULL,NULL,NULL,NULL,NULL,NULL,'2023-12-22 17:57:01',NULL,NULL,NULL,'2023-12-22 17:55:09','2023-12-22 17:57:01'),(1360,65,168,2,'KGS',3200,5,NULL,NULL,NULL,NULL,NULL,NULL,NULL,'2023-12-22 18:26:16',NULL,NULL,NULL,'2023-12-22 18:25:19','2023-12-22 18:26:16'),(1361,54,114,2,'KGS',2000,5,NULL,NULL,NULL,NULL,NULL,NULL,NULL,'2023-12-22 18:31:59',NULL,NULL,NULL,'2023-12-22 18:30:28','2023-12-22 18:31:59'),(1362,38,80,2,'KGS',3000,5,NULL,NULL,NULL,NULL,NULL,NULL,NULL,'2023-12-22 18:33:14',NULL,NULL,NULL,'2023-12-22 18:31:48','2023-12-22 18:33:14'),(1363,109,322,3,'KGS',2500,5,NULL,NULL,NULL,'4169 5853 5289 4868',NULL,NULL,NULL,'2023-12-22 18:37:37',NULL,NULL,NULL,'2023-12-22 18:34:39','2023-12-22 18:37:37'),(1364,45,94,2,'KGS',1000,5,NULL,NULL,NULL,NULL,NULL,NULL,NULL,'2023-12-22 19:49:41',NULL,NULL,NULL,'2023-12-22 19:44:05','2023-12-22 19:49:41'),(1365,60,123,2,'KGS',500,5,NULL,NULL,NULL,NULL,NULL,NULL,NULL,'2023-12-22 20:01:53',NULL,NULL,NULL,'2023-12-22 19:59:17','2023-12-22 20:01:53'),(1366,38,80,2,'KGS',3000,5,NULL,NULL,NULL,NULL,NULL,NULL,NULL,'2023-12-22 20:20:49',NULL,NULL,NULL,'2023-12-22 20:17:55','2023-12-22 20:20:49'),(1367,45,94,2,'KGS',500,5,NULL,NULL,NULL,NULL,NULL,NULL,NULL,'2023-12-22 20:23:19',NULL,NULL,NULL,'2023-12-22 20:20:14','2023-12-22 20:23:19'),(1368,65,168,2,'KGS',5000,5,NULL,NULL,NULL,NULL,NULL,NULL,NULL,'2023-12-22 20:27:26',NULL,NULL,NULL,'2023-12-22 20:25:51','2023-12-22 20:27:26'),(1369,109,322,2,'KGS',650,5,NULL,NULL,NULL,NULL,NULL,NULL,NULL,'2023-12-22 20:29:45',NULL,NULL,NULL,'2023-12-22 20:28:23','2023-12-22 20:29:45'),(1370,38,80,2,'KGS',3000,5,NULL,NULL,NULL,NULL,NULL,NULL,NULL,'2023-12-22 20:38:39',NULL,NULL,NULL,'2023-12-22 20:36:21','2023-12-22 20:38:39'),(1371,38,80,2,'KGS',4000,5,NULL,NULL,NULL,NULL,NULL,NULL,NULL,'2023-12-22 21:43:27',NULL,NULL,NULL,'2023-12-22 21:42:45','2023-12-22 21:43:27'),(1372,38,80,2,'KGS',3000,5,NULL,NULL,NULL,NULL,NULL,NULL,NULL,'2023-12-22 21:52:44',NULL,NULL,NULL,'2023-12-22 21:51:27','2023-12-22 21:52:44'),(1373,60,123,2,'KGS',1000,5,NULL,NULL,NULL,NULL,NULL,NULL,NULL,'2023-12-22 21:54:33',NULL,NULL,NULL,'2023-12-22 21:53:07','2023-12-22 21:54:33'),(1374,109,322,2,'KGS',720,5,NULL,NULL,NULL,NULL,NULL,NULL,NULL,'2023-12-22 22:04:40',NULL,NULL,NULL,'2023-12-22 22:03:23','2023-12-22 22:04:40'),(1375,45,94,3,'KGS',1650,5,NULL,NULL,NULL,'+996706641001 мбанк',NULL,NULL,NULL,'2023-12-22 22:52:23',NULL,NULL,NULL,'2023-12-22 22:50:03','2023-12-22 22:52:23'),(1376,38,80,2,'KGS',5000,5,NULL,NULL,NULL,NULL,NULL,NULL,NULL,'2023-12-23 00:15:28',NULL,NULL,NULL,'2023-12-23 00:14:28','2023-12-23 00:15:28'),(1377,38,80,2,'KGS',5000,5,NULL,NULL,NULL,NULL,NULL,NULL,NULL,'2023-12-23 00:21:40',NULL,NULL,NULL,'2023-12-23 00:20:40','2023-12-23 00:21:40'),(1378,38,80,2,'KGS',10000,5,NULL,NULL,NULL,NULL,NULL,NULL,NULL,'2023-12-23 00:34:06',NULL,NULL,NULL,'2023-12-23 00:33:26','2023-12-23 00:34:06'),(1379,20,50,3,'KGS',34510,5,NULL,NULL,NULL,'4169585351373542',NULL,NULL,NULL,'2023-12-23 00:44:04',NULL,NULL,NULL,'2023-12-23 00:42:25','2023-12-23 00:44:04'),(1380,60,123,2,'KGS',500,5,NULL,NULL,NULL,NULL,NULL,NULL,NULL,'2023-12-23 02:12:06',NULL,NULL,NULL,'2023-12-23 02:09:39','2023-12-23 02:12:06'),(1381,65,168,2,'KGS',2000,5,NULL,NULL,NULL,NULL,NULL,NULL,NULL,'2023-12-23 04:57:48',NULL,NULL,NULL,'2023-12-23 04:53:59','2023-12-23 04:57:48'),(1382,65,168,2,'KGS',3000,5,NULL,NULL,NULL,NULL,NULL,NULL,NULL,'2023-12-23 05:07:04',NULL,NULL,NULL,'2023-12-23 05:04:55','2023-12-23 05:07:04'),(1383,65,168,2,'KGS',5000,5,NULL,NULL,NULL,NULL,NULL,NULL,NULL,'2023-12-23 05:20:05',NULL,NULL,NULL,'2023-12-23 05:18:22','2023-12-23 05:20:05'),(1384,61,161,3,'KGS',6100,5,NULL,NULL,NULL,'4169 5853 5585 0164',NULL,NULL,NULL,'2023-12-23 05:55:38',NULL,NULL,NULL,'2023-12-23 05:51:34','2023-12-23 05:55:38'),(1385,65,168,2,'KGS',5000,5,NULL,NULL,NULL,NULL,NULL,NULL,NULL,'2023-12-23 07:25:37',NULL,NULL,NULL,'2023-12-23 07:23:02','2023-12-23 07:25:37'),(1386,65,168,2,'KGS',2000,5,NULL,NULL,NULL,NULL,NULL,NULL,NULL,'2023-12-23 07:55:44',NULL,NULL,NULL,'2023-12-23 07:54:00','2023-12-23 07:55:44'),(1387,33,73,3,'KGS',6000,5,NULL,NULL,NULL,'4169585350000088',NULL,NULL,NULL,'2023-12-23 11:47:18',NULL,NULL,NULL,'2023-12-23 11:45:09','2023-12-23 11:47:18'),(1388,54,114,2,'KGS',3000,5,NULL,NULL,NULL,NULL,NULL,NULL,NULL,'2023-12-23 12:11:54',NULL,NULL,NULL,'2023-12-23 12:01:26','2023-12-23 12:11:54'),(1389,72,355,3,'KGS',3000,6,NULL,NULL,NULL,'4169585354297433',NULL,NULL,NULL,NULL,NULL,NULL,NULL,'2023-12-23 12:21:39','2023-12-23 12:27:51'),(1390,50,107,2,'KGS',1000,5,NULL,NULL,NULL,NULL,NULL,NULL,NULL,'2023-12-23 13:00:46',NULL,NULL,NULL,'2023-12-23 12:59:35','2023-12-23 13:00:46'),(1391,96,293,2,'KGS',700,5,NULL,NULL,NULL,NULL,NULL,NULL,NULL,'2023-12-23 13:02:49',NULL,NULL,NULL,'2023-12-23 13:00:35','2023-12-23 13:02:49'),(1392,54,114,2,'KGS',4000,5,NULL,NULL,NULL,NULL,NULL,NULL,NULL,'2023-12-23 13:07:27',NULL,NULL,NULL,'2023-12-23 13:06:26','2023-12-23 13:07:27'),(1393,65,168,2,'KGS',3200,5,NULL,NULL,NULL,NULL,NULL,NULL,NULL,'2023-12-23 13:16:49',NULL,NULL,NULL,'2023-12-23 13:15:21','2023-12-23 13:16:49'),(1394,109,322,2,'KGS',500,5,NULL,NULL,NULL,NULL,NULL,NULL,NULL,'2023-12-23 13:29:32',NULL,NULL,NULL,'2023-12-23 13:28:18','2023-12-23 13:29:32'),(1395,54,114,2,'KGS',5000,5,NULL,NULL,NULL,NULL,NULL,NULL,NULL,'2023-12-23 13:36:12',NULL,NULL,NULL,'2023-12-23 13:35:13','2023-12-23 13:36:12'),(1396,99,297,2,'KGS',500,5,NULL,NULL,NULL,NULL,NULL,NULL,NULL,'2023-12-23 14:05:51',NULL,NULL,NULL,'2023-12-23 14:01:15','2023-12-23 14:05:51'),(1397,65,168,2,'KGS',3200,5,NULL,NULL,NULL,NULL,NULL,NULL,NULL,'2023-12-23 15:24:22',NULL,NULL,NULL,'2023-12-23 15:19:59','2023-12-23 15:24:22'),(1398,65,168,2,'KGS',3200,6,NULL,NULL,NULL,NULL,NULL,NULL,NULL,NULL,NULL,NULL,NULL,'2023-12-23 15:23:37','2023-12-23 15:24:32'),(1399,65,168,2,'KGS',8000,5,NULL,NULL,NULL,NULL,NULL,NULL,NULL,'2023-12-23 15:52:50',NULL,NULL,NULL,'2023-12-23 15:51:58','2023-12-23 15:52:50'),(1400,65,168,2,'KGS',4000,5,NULL,NULL,NULL,NULL,NULL,NULL,NULL,'2023-12-23 16:33:45',NULL,NULL,NULL,'2023-12-23 16:31:57','2023-12-23 16:33:45'),(1401,50,107,2,'KGS',1000,5,NULL,NULL,NULL,NULL,NULL,NULL,NULL,'2023-12-23 17:31:48',NULL,NULL,NULL,'2023-12-23 17:29:58','2023-12-23 17:31:48'),(1402,50,107,2,'KGS',1000,5,NULL,NULL,NULL,NULL,NULL,NULL,NULL,'2023-12-23 18:06:53',NULL,NULL,NULL,'2023-12-23 18:05:54','2023-12-23 18:06:53'),(1403,45,94,2,'KGS',1000,5,NULL,NULL,NULL,NULL,NULL,NULL,NULL,'2023-12-23 18:14:05',NULL,NULL,NULL,'2023-12-23 18:12:40','2023-12-23 18:14:05'),(1404,50,107,2,'KGS',700,5,NULL,NULL,NULL,NULL,NULL,NULL,NULL,'2023-12-23 18:50:17',NULL,NULL,NULL,'2023-12-23 18:49:17','2023-12-23 18:50:17'),(1405,43,91,2,'KGS',500,5,NULL,NULL,NULL,NULL,NULL,NULL,NULL,'2023-12-23 19:18:44',NULL,NULL,NULL,'2023-12-23 19:16:47','2023-12-23 19:18:44'),(1406,45,94,2,'KGS',700,5,NULL,NULL,NULL,NULL,NULL,NULL,NULL,'2023-12-23 19:53:18',NULL,NULL,NULL,'2023-12-23 19:51:44','2023-12-23 19:53:18'),(1407,96,293,2,'KGS',1400,5,NULL,NULL,NULL,NULL,NULL,NULL,NULL,'2023-12-23 19:59:26',NULL,NULL,NULL,'2023-12-23 19:57:24','2023-12-23 19:59:26'),(1408,61,161,2,'KGS',1000,5,NULL,NULL,NULL,NULL,NULL,NULL,NULL,'2023-12-23 20:04:19',NULL,NULL,NULL,'2023-12-23 20:03:44','2023-12-23 20:04:19'),(1409,38,80,2,'KGS',5000,5,NULL,NULL,NULL,NULL,NULL,NULL,NULL,'2023-12-23 20:46:39',NULL,NULL,NULL,'2023-12-23 20:45:27','2023-12-23 20:46:39'),(1410,38,80,2,'KGS',5000,5,NULL,NULL,NULL,NULL,NULL,NULL,NULL,'2023-12-23 21:28:04',NULL,NULL,NULL,'2023-12-23 21:26:58','2023-12-23 21:28:04'),(1411,33,74,3,'KGS',10000,5,NULL,NULL,NULL,'4169585350000088',NULL,NULL,NULL,'2023-12-24 04:52:18',NULL,NULL,NULL,'2023-12-24 04:49:29','2023-12-24 04:52:18'),(1412,52,112,2,'KGS',1000,5,NULL,NULL,NULL,NULL,NULL,NULL,NULL,'2023-12-24 06:10:18',NULL,NULL,NULL,'2023-12-24 06:09:02','2023-12-24 06:10:18'),(1413,101,345,2,'KGS',1900,5,NULL,NULL,NULL,NULL,NULL,NULL,NULL,'2023-12-24 06:38:23',NULL,NULL,NULL,'2023-12-24 06:36:29','2023-12-24 06:38:23'),(1414,50,107,2,'KGS',450,5,NULL,NULL,NULL,NULL,NULL,NULL,NULL,'2023-12-24 06:39:16',NULL,NULL,NULL,'2023-12-24 06:38:02','2023-12-24 06:39:16'),(1415,101,345,3,'KGS',6000,5,NULL,NULL,NULL,'4169585345304421',NULL,NULL,NULL,'2023-12-24 07:54:12',NULL,NULL,NULL,'2023-12-24 07:50:28','2023-12-24 07:54:12'),(1416,45,94,3,'KGS',4600,5,NULL,NULL,NULL,'+996706641001 мбанк',NULL,NULL,NULL,'2023-12-24 08:46:18',NULL,NULL,NULL,'2023-12-24 08:12:37','2023-12-24 08:46:18'),(1417,101,304,2,'KGS',2000,5,NULL,NULL,NULL,NULL,NULL,NULL,NULL,'2023-12-24 08:58:09',NULL,NULL,NULL,'2023-12-24 08:56:13','2023-12-24 08:58:09'),(1418,54,114,2,'KGS',2000,5,NULL,NULL,NULL,NULL,NULL,NULL,NULL,'2023-12-24 09:21:35',NULL,NULL,NULL,'2023-12-24 09:19:10','2023-12-24 09:21:35'),(1419,65,168,2,'KGS',4000,5,NULL,NULL,NULL,NULL,NULL,NULL,NULL,'2023-12-24 09:37:17',NULL,NULL,NULL,'2023-12-24 09:35:41','2023-12-24 09:37:17'),(1420,54,114,2,'KGS',2000,5,NULL,NULL,NULL,NULL,NULL,NULL,NULL,'2023-12-24 09:39:30',NULL,NULL,NULL,'2023-12-24 09:37:15','2023-12-24 09:39:30'),(1421,96,352,2,'KGS',500,0,NULL,NULL,NULL,NULL,NULL,NULL,NULL,NULL,NULL,NULL,NULL,'2023-12-24 09:38:06','2023-12-24 09:38:06'),(1422,96,352,2,'KGS',600,5,NULL,NULL,NULL,NULL,NULL,NULL,NULL,'2023-12-24 09:45:07',NULL,NULL,NULL,'2023-12-24 09:41:13','2023-12-24 09:45:07'),(1423,65,168,2,'KGS',4059,5,NULL,NULL,NULL,NULL,NULL,NULL,NULL,'2023-12-24 10:20:08',NULL,NULL,NULL,'2023-12-24 10:18:47','2023-12-24 10:20:08'),(1424,52,112,2,'KGS',50,0,NULL,NULL,NULL,NULL,NULL,NULL,NULL,NULL,NULL,NULL,NULL,'2023-12-24 10:35:13','2023-12-24 10:35:13'),(1425,43,91,2,'KGS',500,5,NULL,NULL,NULL,NULL,NULL,NULL,NULL,'2023-12-24 10:40:11',NULL,NULL,NULL,'2023-12-24 10:38:32','2023-12-24 10:40:11'),(1426,101,304,2,'KGS',1400,5,NULL,NULL,NULL,NULL,NULL,NULL,NULL,'2023-12-24 10:57:19',NULL,NULL,NULL,'2023-12-24 10:55:15','2023-12-24 10:57:19'),(1427,101,345,2,'KGS',2000,0,NULL,NULL,NULL,NULL,NULL,NULL,NULL,NULL,NULL,NULL,NULL,'2023-12-24 11:49:44','2023-12-24 11:49:44'),(1428,101,345,3,'KGS',2000,5,NULL,NULL,NULL,'4169585345304421',NULL,NULL,NULL,'2023-12-24 11:51:54',NULL,NULL,NULL,'2023-12-24 11:50:18','2023-12-24 11:51:54'),(1429,50,109,2,'KGS',700,5,NULL,NULL,NULL,NULL,NULL,NULL,NULL,'2023-12-24 12:01:21',NULL,NULL,NULL,'2023-12-24 11:57:07','2023-12-24 12:01:21'),(1430,20,50,2,'KGS',3000,5,NULL,NULL,NULL,NULL,NULL,NULL,NULL,'2023-12-24 12:27:22',NULL,NULL,NULL,'2023-12-24 12:25:55','2023-12-24 12:27:22'),(1431,96,352,2,'KGS',700,5,NULL,NULL,NULL,NULL,NULL,NULL,NULL,'2023-12-24 12:29:19',NULL,NULL,NULL,'2023-12-24 12:28:02','2023-12-24 12:29:19'),(1432,95,284,3,'KGS',200000,6,NULL,NULL,NULL,'4169585352498835',NULL,NULL,NULL,NULL,NULL,NULL,NULL,'2023-12-24 13:12:43','2023-12-24 13:13:55'),(1433,95,284,3,'KGS',200000,5,NULL,NULL,NULL,'4169585352498835',NULL,NULL,NULL,'2023-12-24 13:38:32',NULL,NULL,NULL,'2023-12-24 13:29:36','2023-12-24 13:38:32'),(1434,20,50,2,'KGS',2000,5,NULL,NULL,NULL,NULL,NULL,NULL,NULL,'2023-12-24 13:53:45',NULL,NULL,NULL,'2023-12-24 13:51:32','2023-12-24 13:53:45'),(1435,61,161,2,'KGS',3000,5,NULL,NULL,NULL,NULL,NULL,NULL,NULL,'2023-12-24 14:26:01',NULL,NULL,NULL,'2023-12-24 14:23:47','2023-12-24 14:26:01'),(1436,106,307,2,'KGS',2000,5,NULL,NULL,NULL,NULL,NULL,NULL,NULL,'2023-12-24 14:47:00',NULL,NULL,NULL,'2023-12-24 14:33:50','2023-12-24 14:47:00'),(1437,54,114,2,'KGS',2000,5,NULL,NULL,NULL,NULL,NULL,NULL,NULL,'2023-12-24 14:55:21',NULL,NULL,NULL,'2023-12-24 14:53:33','2023-12-24 14:55:21'),(1438,74,186,2,'KGS',500,0,NULL,NULL,NULL,NULL,NULL,NULL,NULL,NULL,NULL,NULL,NULL,'2023-12-24 15:06:13','2023-12-24 15:06:13'),(1439,54,114,2,'KGS',1000,5,NULL,NULL,NULL,NULL,NULL,NULL,NULL,'2023-12-24 15:08:26',NULL,NULL,NULL,'2023-12-24 15:07:39','2023-12-24 15:08:26'),(1440,96,352,3,'KGS',1500,5,NULL,NULL,NULL,'996555622622',NULL,NULL,NULL,'2023-12-24 15:25:04',NULL,NULL,NULL,'2023-12-24 15:21:49','2023-12-24 15:25:04'),(1441,106,307,3,'KGS',5000,6,NULL,NULL,NULL,'0703772725 м банк',NULL,NULL,NULL,NULL,NULL,NULL,NULL,'2023-12-24 15:53:47','2023-12-24 15:56:53'),(1442,101,345,3,'KGS',3000,5,NULL,NULL,NULL,'4169585345304421',NULL,NULL,NULL,'2023-12-24 15:58:14',NULL,NULL,NULL,'2023-12-24 15:55:37','2023-12-24 15:58:14'),(1443,106,307,3,'KGS',5000,5,NULL,NULL,NULL,'0703772725 м банк',NULL,NULL,NULL,'2023-12-24 16:03:02',NULL,NULL,NULL,'2023-12-24 16:00:36','2023-12-24 16:03:02'),(1444,61,161,2,'KGS',5000,5,NULL,NULL,NULL,NULL,NULL,NULL,NULL,'2023-12-24 16:15:09',NULL,NULL,NULL,'2023-12-24 16:13:57','2023-12-24 16:15:09'),(1445,109,322,2,'KGS',890,5,NULL,NULL,NULL,NULL,NULL,NULL,NULL,'2023-12-24 16:15:44',NULL,NULL,NULL,'2023-12-24 16:14:03','2023-12-24 16:15:44'),(1446,45,94,2,'KGS',1800,5,NULL,NULL,NULL,NULL,NULL,NULL,NULL,'2023-12-24 16:38:44',NULL,NULL,NULL,'2023-12-24 16:36:39','2023-12-24 16:38:44'),(1447,45,94,2,'KGS',2000,5,NULL,NULL,NULL,NULL,NULL,NULL,NULL,'2023-12-24 17:29:10',NULL,NULL,NULL,'2023-12-24 17:24:19','2023-12-24 17:29:10'),(1448,50,107,2,'KGS',1000,5,NULL,NULL,NULL,NULL,NULL,NULL,NULL,'2023-12-24 17:29:52',NULL,NULL,NULL,'2023-12-24 17:26:00','2023-12-24 17:29:52'),(1449,74,186,2,'KGS',600,5,NULL,NULL,NULL,NULL,NULL,NULL,NULL,'2023-12-24 18:46:33',NULL,NULL,NULL,'2023-12-24 18:42:10','2023-12-24 18:46:33'),(1450,38,80,2,'KGS',2000,5,NULL,NULL,NULL,NULL,NULL,NULL,NULL,'2023-12-24 19:26:09',NULL,NULL,NULL,'2023-12-24 19:18:41','2023-12-24 19:26:09'),(1451,60,123,2,'KGS',550,0,NULL,NULL,NULL,NULL,NULL,NULL,NULL,NULL,NULL,NULL,NULL,'2023-12-24 19:27:45','2023-12-24 19:27:45'),(1452,60,123,2,'KGS',550,5,NULL,NULL,NULL,NULL,NULL,NULL,NULL,'2023-12-24 19:31:16',NULL,NULL,NULL,'2023-12-24 19:28:32','2023-12-24 19:31:16'),(1453,50,107,2,'KGS',700,5,NULL,NULL,NULL,NULL,NULL,NULL,NULL,'2023-12-24 20:26:54',NULL,NULL,NULL,'2023-12-24 20:25:13','2023-12-24 20:26:54'),(1454,50,110,2,'KGS',700,5,NULL,NULL,NULL,NULL,NULL,NULL,NULL,'2023-12-24 21:21:04',NULL,NULL,NULL,'2023-12-24 21:10:11','2023-12-24 21:21:04'),(1455,45,94,3,'KGS',1100,5,NULL,NULL,NULL,'+996706641001 мбанк',NULL,NULL,NULL,'2023-12-24 22:37:52',NULL,NULL,NULL,'2023-12-24 22:35:16','2023-12-24 22:37:52'),(1456,101,345,2,'KGS',2000,5,NULL,NULL,NULL,NULL,NULL,NULL,NULL,'2023-12-25 00:34:53',NULL,NULL,NULL,'2023-12-25 00:32:30','2023-12-25 00:34:53'),(1457,106,307,2,'KGS',2000,5,NULL,NULL,NULL,NULL,NULL,NULL,NULL,'2023-12-25 05:28:56',NULL,NULL,NULL,'2023-12-25 05:24:33','2023-12-25 05:28:56'),(1458,106,307,2,'KGS',1000,5,NULL,NULL,NULL,NULL,NULL,NULL,NULL,'2023-12-25 06:01:32',NULL,NULL,NULL,'2023-12-25 05:58:59','2023-12-25 06:01:32'),(1459,106,307,2,'KGS',1000,5,NULL,NULL,NULL,NULL,NULL,NULL,NULL,'2023-12-25 06:36:54',NULL,NULL,NULL,'2023-12-25 06:34:53','2023-12-25 06:36:54'),(1460,74,186,2,'KGS',300,5,NULL,NULL,NULL,NULL,NULL,NULL,NULL,'2023-12-25 07:22:28',NULL,NULL,NULL,'2023-12-25 07:20:04','2023-12-25 07:22:28'),(1461,106,307,2,'KGS',1000,5,NULL,NULL,NULL,NULL,NULL,NULL,NULL,'2023-12-25 07:33:11',NULL,NULL,NULL,'2023-12-25 07:31:19','2023-12-25 07:33:11'),(1462,50,107,2,'KGS',690,5,NULL,NULL,NULL,NULL,NULL,NULL,NULL,'2023-12-25 08:08:35',NULL,NULL,NULL,'2023-12-25 07:59:10','2023-12-25 08:08:35'),(1463,101,345,2,'KGS',3000,0,NULL,NULL,NULL,NULL,NULL,NULL,NULL,NULL,NULL,NULL,NULL,'2023-12-25 09:14:08','2023-12-25 09:14:08'),(1464,101,345,2,'KGS',4000,5,NULL,NULL,NULL,NULL,NULL,NULL,NULL,'2023-12-25 10:07:12',NULL,NULL,NULL,'2023-12-25 10:05:43','2023-12-25 10:07:12'),(1465,106,307,2,'KGS',3000,5,NULL,NULL,NULL,NULL,NULL,NULL,NULL,'2023-12-25 10:45:04',NULL,NULL,NULL,'2023-12-25 10:42:11','2023-12-25 10:45:04');
/*!40000 ALTER TABLE `transaction` ENABLE KEYS */;
UNLOCK TABLES;

--
-- Table structure for table `user`
--

DROP TABLE IF EXISTS `user`;
/*!40101 SET @saved_cs_client     = @@character_set_client */;
/*!40101 SET character_set_client = utf8 */;
CREATE TABLE `user` (
  `id` int(11) NOT NULL AUTO_INCREMENT,
  `phone_number` varchar(16) NOT NULL,
  `user_id` bigint(20) NOT NULL,
  `chat_id` bigint(20) NOT NULL,
  `bcast_status` tinyint(1) NOT NULL,
  `last_visited` datetime NOT NULL,
  `username` varchar(64) DEFAULT NULL,
  `first_name` varchar(64) DEFAULT NULL,
  `last_name` varchar(64) DEFAULT NULL,
  `ag_message_id` bigint(20) DEFAULT NULL,
  `account_id` int(11) DEFAULT NULL,
  `created_at` datetime NOT NULL,
  `updated_at` datetime NOT NULL,
  PRIMARY KEY (`id`),
  UNIQUE KEY `phone_number` (`phone_number`),
  UNIQUE KEY `user_id` (`user_id`),
  UNIQUE KEY `chat_id` (`chat_id`),
  KEY `account_id` (`account_id`),
  KEY `ix_user_created_at` (`created_at`),
  KEY `ix_user_bcast_status` (`bcast_status`),
  CONSTRAINT `user_ibfk_1` FOREIGN KEY (`account_id`) REFERENCES `account` (`id`) ON DELETE SET NULL ON UPDATE CASCADE
) ENGINE=InnoDB AUTO_INCREMENT=129 DEFAULT CHARSET=utf8mb4 COLLATE=utf8mb4_general_ci;
/*!40101 SET character_set_client = @saved_cs_client */;

--
-- Dumping data for table `user`
--

LOCK TABLES `user` WRITE;
/*!40000 ALTER TABLE `user` DISABLE KEYS */;
INSERT INTO `user` VALUES (3,'+375298616503',275520407,275520407,1,'2023-12-01 14:46:25','genunix','Siarhei','Juriev',NULL,3,'2023-11-10 07:37:36','2023-12-01 14:46:25'),(4,'+375295625613',52324793,52324793,1,'2023-12-25 11:26:12','wasilystepanov','Василий','Степанов',NULL,1,'2023-11-10 07:42:10','2023-12-25 11:26:12'),(5,'+375292089961',766353142,766353142,1,'2023-11-13 17:53:39',NULL,'Karina','Scherbatsevich',NULL,2,'2023-11-12 18:34:31','2023-11-13 17:53:39'),(6,'+996705533335',5252154401,5252154401,1,'2023-12-25 07:33:11','chingiz250491','Chingiz','Kurenkeev',NULL,6,'2023-11-13 12:33:32','2023-12-25 07:33:11'),(7,'+996508262831',6179262424,6179262424,1,'2023-11-13 19:02:09',NULL,'Andrei',NULL,NULL,4,'2023-11-13 17:54:28','2023-11-13 19:02:09'),(8,'+996555520006',5889750695,5889750695,1,'2023-11-13 18:55:49','best_taiake','Ubi',NULL,NULL,5,'2023-11-13 18:51:43','2023-11-13 18:55:49'),(9,'+996551530365',703818720,703818720,1,'2023-12-08 08:18:16',NULL,'А',NULL,NULL,8,'2023-11-22 07:39:03','2023-12-08 08:18:16'),(10,'+77054970626',5328444189,5328444189,1,'2023-11-27 10:16:25','huglife888','HL',NULL,NULL,5,'2023-11-22 15:59:00','2023-11-27 10:16:25'),(11,'+996550698896',1219175060,1219175060,1,'2023-12-07 16:03:30','VyacheslavM1988','Vyacheslav M',NULL,NULL,4,'2023-11-22 15:59:18','2023-12-07 16:03:30'),(12,'+996709651981',5645788695,5645788695,1,'2023-11-27 16:11:56','bloodyprime','prime',NULL,NULL,8,'2023-11-25 15:10:50','2023-11-27 16:11:56'),(13,'+996501477087',546324124,546324124,1,'2023-11-25 15:14:18','TAB22202','Aydin',NULL,NULL,NULL,'2023-11-25 15:12:45','2023-11-25 15:14:18'),(14,'+996999000233',2012403969,2012403969,1,'2023-11-25 16:49:19',NULL,'Roberto','Baggio',NULL,NULL,'2023-11-25 15:19:26','2023-11-25 16:49:19'),(15,'+996704541563',6783143946,6783143946,1,'2023-11-29 04:16:03',NULL,'Бердибек',NULL,NULL,4,'2023-11-25 15:23:43','2023-11-29 04:16:03'),(16,'+996554558535',5953452830,5953452830,1,'2023-11-25 15:26:52',NULL,'A',NULL,NULL,7,'2023-11-25 15:25:56','2023-11-25 15:27:44'),(17,'+996507682654',5490388804,5490388804,1,'2023-11-26 12:32:46',NULL,'😎',NULL,NULL,9,'2023-11-25 16:36:52','2023-11-26 12:32:46'),(18,'+79912518246',6342208736,6342208736,1,'2023-11-27 19:19:27',NULL,'Ali',NULL,NULL,9,'2023-11-25 22:13:42','2023-11-27 19:19:27'),(19,'+996700706011',5874073688,5874073688,1,'2023-11-30 18:13:53',NULL,'Covid2019',NULL,NULL,NULL,'2023-11-25 22:27:11','2023-11-30 18:13:53'),(20,'+996555751818',817664298,817664298,1,'2023-12-24 13:52:43','Marshal188','A','I',NULL,7,'2023-11-25 23:09:40','2023-12-24 13:52:43'),(21,'+996502009414',5332297733,5332297733,1,'2023-12-10 06:15:56','malinamenenchay','Айгерим',NULL,NULL,4,'2023-11-26 02:26:28','2023-12-10 06:15:56'),(22,'+996555698501',823017872,823017872,1,'2023-12-06 12:03:51',NULL,'Тилек','Омурбеков',NULL,5,'2023-11-26 02:39:28','2023-12-06 12:03:51'),(23,'+996553333313',390402004,390402004,1,'2023-11-26 15:44:15','southvata','Vatacat',NULL,NULL,9,'2023-11-26 03:48:39','2023-11-26 15:44:15'),(24,'+996552444449',5870524080,5870524080,1,'2023-12-21 14:21:30','balaganch1kk','К','К',NULL,4,'2023-11-26 04:28:35','2023-12-21 14:21:30'),(25,'+996223333233',6189542914,6189542914,1,'2023-12-21 22:38:28',NULL,'Ilyas.',NULL,NULL,29,'2023-11-26 05:10:01','2023-12-21 22:38:28'),(26,'+996555020030',2089823137,2089823137,1,'2023-11-26 06:45:25',NULL,'А','Б',NULL,NULL,'2023-11-26 05:28:27','2023-11-26 06:45:25'),(27,'+996702741392',718366833,718366833,1,'2023-11-26 08:52:35','jantaibekmatov','Жантай','Бекматов',NULL,NULL,'2023-11-26 05:30:40','2023-11-26 08:52:35'),(28,'+996508122222',1807476133,1807476133,1,'2023-12-06 04:44:04','Arsderzk','ARS',NULL,NULL,17,'2023-11-26 08:33:07','2023-12-06 04:44:04'),(29,'+996501330660',871342914,871342914,1,'2023-11-26 13:24:02',NULL,'Владислав',NULL,NULL,4,'2023-11-26 13:23:03','2023-11-26 16:38:51'),(30,'+996706441713',1009762418,1009762418,1,'2023-12-10 22:22:06','abai_210','Таштанбеков',NULL,NULL,5,'2023-11-26 16:37:53','2023-12-10 22:22:06'),(31,'+996555528800',1168664559,1168664559,1,'2023-12-04 17:58:25','Zubo4istka6','Живи Дыши все Будет от Души!😉',NULL,NULL,10,'2023-11-26 17:04:44','2023-12-04 17:58:25'),(32,'+996559277207',1254839892,1254839892,1,'2023-11-27 16:05:56',NULL,'Kw','Ook',NULL,9,'2023-11-26 17:17:19','2023-11-27 16:05:56'),(33,'+996999666665',1387808634,1387808634,1,'2023-12-24 04:49:29','iskenmamatov','Искен',NULL,NULL,7,'2023-11-26 17:17:42','2023-12-24 04:49:29'),(34,'+996551050888',297431066,297431066,1,'2023-12-20 23:51:31','bumblebd11','...',NULL,NULL,12,'2023-11-26 17:22:47','2023-12-20 23:51:31'),(35,'+996702727072',645852972,645852972,1,'2023-11-26 22:57:47',NULL,'Amanbaev',NULL,NULL,9,'2023-11-26 17:25:28','2023-11-26 22:57:47'),(36,'+996999191193',1913340864,1913340864,1,'2023-12-02 11:20:08','Mikacanfu','Mika','777',NULL,11,'2023-11-26 17:26:52','2023-12-02 11:20:08'),(37,'+996700144937',823489499,823489499,1,'2023-12-03 18:36:42','Tikila99','221',NULL,NULL,12,'2023-11-26 17:30:35','2023-12-03 18:36:42'),(38,'+996500177711',987381884,987381884,1,'2023-12-24 19:25:01',NULL,'Maksat','Mamytov',NULL,8,'2023-11-26 17:48:53','2023-12-24 19:25:01'),(39,'+996708639769',1923001854,1923001854,1,'2023-12-10 08:50:08','pokerkgz','Poker♠️',NULL,NULL,NULL,'2023-11-26 18:08:12','2023-12-10 08:50:08'),(40,'+996707104444',5277671171,5277671171,1,'2023-12-23 18:26:12',NULL,'q','p',NULL,13,'2023-11-26 18:14:28','2023-12-23 18:26:12'),(41,'+996999550559',5886921287,5886921287,1,'2023-12-06 15:32:50',NULL,'S','M',NULL,13,'2023-11-26 19:51:12','2023-12-06 15:32:50'),(42,'+996554220394',952202891,952202891,1,'2023-12-04 09:15:20','dzhangaziev','Beksultan',NULL,NULL,14,'2023-11-26 20:23:19','2023-12-04 09:15:20'),(43,'+996706122215',5133065016,5133065016,1,'2023-12-24 10:39:36',NULL,'Cro_nix',NULL,NULL,13,'2023-11-26 21:24:56','2023-12-24 10:39:36'),(44,'+996555153315',5225861859,5225861859,1,'2023-11-28 23:40:13','AcePaco','Самат','Ибраимов',NULL,NULL,'2023-11-27 01:01:52','2023-11-28 23:40:13'),(45,'+996706641001',5481444842,5481444842,1,'2023-12-24 22:35:16',NULL,'А','А',NULL,9,'2023-11-27 10:09:07','2023-12-24 22:35:16'),(46,'+996505889505',6721923658,6721923658,1,'2023-12-08 07:10:15',NULL,'Dair','A',NULL,15,'2023-11-27 14:14:42','2023-12-08 07:10:15'),(47,'+996552967676',5369385463,5369385463,1,'2023-11-27 18:42:24',NULL,'.',NULL,NULL,12,'2023-11-27 18:38:51','2023-11-27 18:42:24'),(48,'+996772443337',711790676,711790676,1,'2023-11-28 06:15:00','Almaz2608','Almaz',NULL,NULL,NULL,'2023-11-28 06:14:31','2023-11-28 06:15:00'),(49,'+996701115707',379481309,379481309,1,'2023-11-28 06:36:19',NULL,'Erkin','1501',NULL,16,'2023-11-28 06:31:49','2023-11-28 06:37:11'),(50,'+996504570007',692840087,692840087,1,'2023-12-25 07:59:39','Anchopa','...',NULL,NULL,12,'2023-11-28 06:36:29','2023-12-25 07:59:39'),(51,'+996507322228',784604264,784604264,1,'2023-12-04 06:11:55','Earth45kk','Ы','А',NULL,14,'2023-11-28 06:43:36','2023-12-04 06:11:55'),(52,'+996222140990',723590123,723590123,1,'2023-12-24 10:35:17','yyfuvubububuvyctx4xrhbvyvyvycyvu','Урмат',NULL,NULL,9,'2023-11-28 06:55:01','2023-12-24 10:35:17'),(53,'+996705336155',6761542220,6761542220,1,'2023-11-28 07:14:44',NULL,'Стамбул',NULL,NULL,13,'2023-11-28 07:06:57','2023-11-28 07:14:44'),(54,'+996777307070',219452627,219452627,1,'2023-12-24 15:07:49',NULL,'А','Б Т',NULL,17,'2023-11-28 07:17:16','2023-12-24 15:07:49'),(55,'+996550543122',6911378927,6911378927,1,'2023-11-28 07:20:12',NULL,'Арслан',NULL,NULL,18,'2023-11-28 07:18:29','2023-11-28 07:20:12'),(56,'+996704225631',6377757758,6377757758,1,'2023-11-28 15:52:16',NULL,'Arman',NULL,NULL,19,'2023-11-28 07:26:06','2023-11-28 15:52:16'),(57,'+996554480005',822374714,822374714,1,'2023-12-09 16:43:06',NULL,'ИС 7 СССР',NULL,NULL,20,'2023-11-28 07:48:49','2023-12-09 16:43:06'),(58,'+996554545835',892344191,892344191,1,'2023-12-03 05:30:44','Blodnyak','Мммммммм',NULL,NULL,21,'2023-11-28 07:55:45','2023-12-03 05:30:44'),(59,'+996555480005',6583067984,6583067984,1,'2023-12-09 10:44:43',NULL,'Адилет',NULL,NULL,18,'2023-11-28 08:04:01','2023-12-09 10:44:43'),(60,'+996551555355',698863210,698863210,1,'2023-12-24 19:29:47','hope_kg','What?',NULL,NULL,24,'2023-11-28 08:26:52','2023-12-24 19:29:47'),(61,'+996708487799',6587194889,6587194889,1,'2023-12-24 16:14:02',NULL,'Айдай',NULL,NULL,23,'2023-11-28 08:29:52','2023-12-24 16:14:02'),(62,'+996551102382',1746045011,1746045011,1,'2023-11-28 08:51:32',NULL,'Всегда На Связи',NULL,NULL,24,'2023-11-28 08:50:04','2023-11-28 08:52:06'),(63,'+79237776030',430756222,430756222,1,'2023-11-28 09:36:55','Thevalium','Vladimir',NULL,NULL,25,'2023-11-28 09:30:56','2023-11-28 09:36:55'),(64,'+996709704000',1549502867,1549502867,1,'2023-12-22 11:49:25','turatakynbekov','Туратбек','Акынбеков',NULL,26,'2023-11-28 10:23:43','2023-12-22 11:49:25'),(65,'+996700305060',942258091,942258091,1,'2023-12-24 10:18:57',NULL,'Ааааа','Бббббб',NULL,27,'2023-11-28 12:28:16','2023-12-24 10:18:57'),(66,'+996702001160',1162888288,1162888288,1,'2023-12-04 07:44:46',NULL,'Аскар',NULL,NULL,28,'2023-11-28 17:05:20','2023-12-04 07:44:46'),(67,'+996771288928',2064507540,2064507540,1,'2023-11-29 09:42:10',NULL,'М',NULL,NULL,21,'2023-11-28 18:05:08','2023-11-29 09:42:10'),(68,'+996507377922',5174063374,5174063374,1,'2023-11-28 20:40:46',NULL,'Шах','Жапаркулов',NULL,NULL,'2023-11-28 20:40:46','2023-11-28 20:40:46'),(69,'+393919150964',462323683,462323683,1,'2023-11-28 22:57:32','turiguliano','Turi Guliano',NULL,NULL,30,'2023-11-28 22:56:32','2023-11-28 22:57:56'),(70,'+79649098658',1298078200,1298078200,1,'2023-11-29 08:44:38','ValeriiKalinin','Валера',NULL,NULL,30,'2023-11-29 08:42:44','2023-11-29 08:44:38'),(71,'+996550404445',549627694,549627694,1,'2023-11-29 13:53:21',NULL,'Арсен','Назаралиев',NULL,NULL,'2023-11-29 13:51:42','2023-11-29 13:53:21'),(72,'+996707480005',6819154990,6819154990,1,'2023-12-23 12:21:39',NULL,'Ислам',NULL,NULL,18,'2023-11-29 16:33:46','2023-12-23 12:21:39'),(73,'+996552755297',503434028,503434028,1,'2023-12-11 14:07:20','yas_on','Сон 🛌💤',NULL,NULL,31,'2023-11-29 17:07:47','2023-12-11 14:07:20'),(74,'+996990553538',6566328959,6566328959,1,'2023-12-25 07:21:40',NULL,'mr.nice',NULL,NULL,26,'2023-11-29 18:46:09','2023-12-25 07:21:40'),(75,'+996550889550',6319440679,6319440679,1,'2023-11-29 19:12:59',NULL,'Dair','Abdyldaev',NULL,NULL,'2023-11-29 19:12:53','2023-11-29 19:12:59'),(76,'+996701009937',5457153394,5457153394,1,'2023-12-01 18:45:51',NULL,'Улукбек',NULL,NULL,32,'2023-11-29 19:24:03','2023-12-01 18:45:51'),(77,'+79261162996',6129031970,6129031970,1,'2023-12-06 18:44:47','kutyaali','Кутя',NULL,NULL,NULL,'2023-11-29 21:01:04','2023-12-06 18:44:47'),(78,'+996556223156',6814835362,6814835362,1,'2023-11-30 15:44:23',NULL,'Альбина',NULL,NULL,NULL,'2023-11-30 14:33:04','2023-11-30 15:44:23'),(79,'+996700755745',6013363537,6013363537,1,'2023-12-01 15:52:12',NULL,'Нурлан',NULL,NULL,NULL,'2023-11-30 15:56:40','2023-12-01 15:52:12'),(80,'+996999925790',2115188103,2115188103,1,'2023-11-30 17:44:27',NULL,'Марат','Абсатаров',NULL,NULL,'2023-11-30 17:40:40','2023-11-30 17:44:27'),(81,'+996999000851',5905560410,5905560410,1,'2023-12-01 16:07:04',NULL,'Kанатбек','Бакытбеков',NULL,32,'2023-12-01 16:06:15','2023-12-01 16:08:56'),(82,'+996500880602',993151090,993151090,1,'2023-12-01 21:27:47',NULL,'Талант',NULL,NULL,27,'2023-12-01 17:25:21','2023-12-01 21:27:47'),(83,'+996553666620',1806193288,1806193288,1,'2023-12-02 08:34:43',NULL,'Азаматов',NULL,NULL,NULL,'2023-12-02 08:29:40','2023-12-02 08:34:43'),(84,'+996708552369',6320159180,6320159180,1,'2023-12-03 15:46:06',NULL,'Арман',NULL,NULL,26,'2023-12-02 18:32:40','2023-12-03 15:46:06'),(85,'+996555904445',449026524,449026524,1,'2023-12-02 21:14:51','adiletemilev','Adilet','Emilev',NULL,26,'2023-12-02 20:44:32','2023-12-02 21:14:51'),(86,'+996500100525',509289020,509289020,1,'2023-12-04 08:33:39','sagynbekovv','Тимур','Сагынбеков',NULL,NULL,'2023-12-04 08:33:02','2023-12-04 08:33:39'),(87,'+996555973333',1330783271,1330783271,1,'2023-12-22 13:26:55',NULL,'I’m',NULL,NULL,NULL,'2023-12-05 09:15:32','2023-12-22 13:26:55'),(88,'+996552322555',601488458,601488458,1,'2023-12-10 06:38:21',NULL,'Zh','Abdy',NULL,23,'2023-12-10 06:17:35','2023-12-10 06:38:21'),(89,'+996705777007',2022820545,2022820545,1,'2023-12-10 06:26:11','Baishadiev','Байыш Эрнсович',NULL,NULL,29,'2023-12-10 06:24:41','2023-12-10 06:26:11'),(90,'+996502904904',2113313256,2113313256,1,'2023-12-10 06:30:26',NULL,'I','I',NULL,NULL,'2023-12-10 06:30:26','2023-12-10 06:30:26'),(91,'+996705101525',691294597,691294597,1,'2023-12-10 06:47:40',NULL,'Maks',NULL,NULL,26,'2023-12-10 06:46:16','2023-12-10 06:47:47'),(92,'+996708088332',1086481449,1086481449,1,'2023-12-10 06:48:33',NULL,'Pasha','02128',NULL,27,'2023-12-10 06:48:08','2023-12-10 06:48:42'),(93,'+996703140484',5102427588,5102427588,1,'2023-12-10 06:48:44','mazar_unit','𝔽𝕦𝕔𝕜𝕚𝕟𝕘 𝔽𝕒𝕓𝕦𝕝𝕠𝕦𝕤',NULL,NULL,NULL,'2023-12-10 06:48:44','2023-12-10 06:48:44'),(94,'+996505118939',6503548056,6503548056,1,'2023-12-21 17:49:58',NULL,'А.KG.02',NULL,NULL,19,'2023-12-10 06:48:55','2023-12-21 17:49:58'),(95,'+996505559888',1633830838,1633830838,1,'2023-12-24 13:29:36',NULL,'Nurislam','Nurislam',NULL,33,'2023-12-10 06:50:37','2023-12-24 13:29:36'),(96,'+996555622622',533583116,533583116,1,'2023-12-24 15:21:49',NULL,'Азамат','Мамбеткул Уулу',NULL,24,'2023-12-10 06:53:50','2023-12-24 15:21:49'),(97,'+996555023021',1977154200,1977154200,1,'2023-12-15 15:25:46',NULL,'Atabekov','Nurbek',NULL,30,'2023-12-10 07:01:13','2023-12-15 15:25:46'),(98,'+996505212020',706681632,706681632,1,'2023-12-10 07:10:05','handsome43','Handsome43',NULL,NULL,23,'2023-12-10 07:07:15','2023-12-10 07:10:05'),(99,'+996995100500',965258691,965258691,1,'2023-12-23 14:04:57','Mashich013','Tima',NULL,NULL,18,'2023-12-10 07:16:29','2023-12-23 14:04:57'),(100,'+996501650145',6315858600,6315858600,1,'2023-12-10 10:54:41',NULL,'Элиме кызмат',NULL,NULL,31,'2023-12-10 08:54:26','2023-12-10 10:54:41'),(101,'+996550556221',1094691549,1094691549,1,'2023-12-25 10:05:51','yug_rain','YUG',NULL,NULL,31,'2023-12-10 08:59:29','2023-12-25 10:05:51'),(102,'+996507445780',6010822078,6010822078,0,'2023-12-15 08:33:06',NULL,'Т','М',NULL,31,'2023-12-10 09:38:05','2023-12-15 08:33:06'),(103,'+996707745588',5487527437,5487527437,1,'2023-12-22 17:56:15','gggmmmsss123','Lol',NULL,NULL,21,'2023-12-10 11:18:17','2023-12-22 17:56:15'),(104,'+996555403333',1552956673,1552956673,1,'2023-12-18 11:16:00',NULL,'Т',NULL,NULL,30,'2023-12-10 13:50:45','2023-12-18 11:16:00'),(105,'+996500999090',6428830096,6428830096,1,'2023-12-18 12:47:42',NULL,'Sss','Rrr',NULL,34,'2023-12-10 15:33:02','2023-12-18 12:47:42'),(106,'+996703772725',716330054,716330054,1,'2023-12-25 10:44:39','Fee1_good1','Feel','Good',NULL,28,'2023-12-10 18:32:33','2023-12-25 10:44:39'),(107,'+996558319595',527541587,527541587,1,'2023-12-11 16:41:50','Tokyocity132','..','...',NULL,NULL,'2023-12-10 20:40:22','2023-12-11 16:41:50'),(108,'+996222117796',974277066,974277066,0,'2023-12-11 00:27:18','Molpebu','Zzz',NULL,NULL,NULL,'2023-12-10 23:35:52','2023-12-11 00:27:18'),(109,'+996559100001',761799640,761799640,1,'2023-12-24 16:14:43','abzh22','Memories',NULL,NULL,34,'2023-12-11 02:29:51','2023-12-24 16:14:43'),(110,'+996554111555',5135685648,5135685648,1,'2023-12-11 04:11:26',NULL,'Роман','Кан',NULL,34,'2023-12-11 04:09:16','2023-12-11 04:11:26'),(111,'+996508308583',6948022424,6948022424,1,'2023-12-11 10:38:42',NULL,'T','T',NULL,32,'2023-12-11 10:03:57','2023-12-11 16:46:08'),(112,'+996557888881',252803205,252803205,1,'2023-12-21 17:34:19','qarakhanid','D','K',NULL,18,'2023-12-11 16:44:11','2023-12-21 17:34:19'),(113,'+79143397162',838346896,838346896,1,'2023-12-12 16:24:06',NULL,'Hafoka',NULL,NULL,34,'2023-12-12 15:41:44','2023-12-12 16:24:06'),(114,'+79143396740',1083360203,1083360203,1,'2023-12-13 06:35:42',NULL,'Tony',NULL,NULL,NULL,'2023-12-12 17:49:10','2023-12-13 06:35:42'),(115,'+79851605008',1031025363,1031025363,1,'2023-12-12 18:10:44',NULL,'DNegs',NULL,NULL,31,'2023-12-12 18:03:29','2023-12-12 18:10:44'),(116,'+79774703176',936337671,936337671,1,'2023-12-13 08:55:10',NULL,'Black',NULL,NULL,33,'2023-12-13 06:36:58','2023-12-13 08:55:10'),(117,'+996559500799',375636300,375636300,1,'2023-12-13 10:07:23',NULL,'Умарбеков','Азиз',NULL,29,'2023-12-13 10:06:36','2023-12-13 10:07:26'),(118,'+996557222112',737127844,737127844,1,'2023-12-13 14:41:17',NULL,'Дадахан','Ассалам алейкум',NULL,18,'2023-12-13 14:34:18','2023-12-13 14:41:17'),(119,'+996556555522',868934775,868934775,1,'2023-12-14 15:28:05','jonasdaniii','D',NULL,NULL,18,'2023-12-13 17:31:58','2023-12-14 15:28:05'),(120,'+996708030002',1243262692,1243262692,1,'2023-12-14 03:17:20',NULL,'Lion',NULL,NULL,29,'2023-12-14 03:15:31','2023-12-14 03:17:20'),(121,'+996550859489',355964662,355964662,1,'2023-12-21 13:33:58','Erlan_Abdraimov','Erlan','Abdraimov',NULL,35,'2023-12-14 19:31:18','2023-12-21 13:33:58'),(122,'+996702150955',1033464060,1033464060,1,'2023-12-18 09:52:27',NULL,'Итон','Дан',NULL,NULL,'2023-12-15 07:54:15','2023-12-18 09:52:27'),(123,'+996558983838',431464055,431464055,1,'2023-12-15 09:25:37','SNaKe2210','A',NULL,NULL,NULL,'2023-12-15 09:25:37','2023-12-15 09:25:37'),(124,'+996502171702',983464560,983464560,1,'2023-12-18 19:26:38','tolomush1705','Толомуш','Жолдошбеков',NULL,26,'2023-12-16 12:51:18','2023-12-18 19:26:38'),(125,'+996508577770',6387727146,6387727146,1,'2023-12-16 18:41:49',NULL,'t','t',NULL,30,'2023-12-16 18:41:04','2023-12-16 18:43:17'),(126,'+996555580222',6067793567,6067793567,1,'2023-12-24 23:43:21',NULL,'N','K',NULL,34,'2023-12-20 18:18:11','2023-12-24 23:43:21'),(127,'+79205062871',1325725450,1325725450,1,'2023-12-21 14:49:03',NULL,'Zloй','Ukroп',NULL,NULL,'2023-12-21 14:30:13','2023-12-21 14:49:03'),(128,'+996999111044',2043801272,2043801272,1,'2023-12-23 03:27:35','youroper01','YO',NULL,NULL,33,'2023-12-23 03:26:51','2023-12-23 03:27:59');
/*!40000 ALTER TABLE `user` ENABLE KEYS */;
UNLOCK TABLES;
/*!40103 SET TIME_ZONE=@OLD_TIME_ZONE */;

/*!40101 SET SQL_MODE=@OLD_SQL_MODE */;
/*!40014 SET FOREIGN_KEY_CHECKS=@OLD_FOREIGN_KEY_CHECKS */;
/*!40014 SET UNIQUE_CHECKS=@OLD_UNIQUE_CHECKS */;
/*!40101 SET CHARACTER_SET_CLIENT=@OLD_CHARACTER_SET_CLIENT */;
/*!40101 SET CHARACTER_SET_RESULTS=@OLD_CHARACTER_SET_RESULTS */;
/*!40101 SET COLLATION_CONNECTION=@OLD_COLLATION_CONNECTION */;
/*!40111 SET SQL_NOTES=@OLD_SQL_NOTES */;

-- Dump completed on 2023-12-25  5:56:12
